ISO-10303-21;
HEADER;
FILE_DESCRIPTION(('FreeCAD Model'),'2;1');
FILE_NAME('Open CASCADE Shape Model','2026-08-30T16:40:59',('FreeCAD'),(
    'FreeCAD'),'Open CASCADE STEP processor 7.8','FreeCAD','Unknown');
FILE_SCHEMA(('AUTOMOTIVE_DESIGN_CC2 { 1 2 10303 214 -1 1 5 4 }'));
ENDSEC;
DATA;
#1 = APPLICATION_PROTOCOL_DEFINITION('committee draft',
  'automotive_design',1997,#2);
#2 = APPLICATION_CONTEXT(
  'core data for automotive mechanical design processes');
#3 = SHAPE_DEFINITION_REPRESENTATION(#4,#10);
#4 = PRODUCT_DEFINITION_SHAPE('','',#5);
#5 = PRODUCT_DEFINITION('design','',#6,#9);
#6 = PRODUCT_DEFINITION_FORMATION('','',#7);
#7 = PRODUCT('Open CASCADE STEP translator 7.8 1',
  'Open CASCADE STEP translator 7.8 1','',(#8));
#8 = MECHANICAL_CONTEXT('',#2,'mechanical');
#9 = PRODUCT_DEFINITION_CONTEXT('part definition',#2,'design');
#10 = SHAPE_REPRESENTATION('',(#11,#15,#89,#163,#237,#313,#389,#465,#541
    ,#615,#691,#765,#917,#991,#1067,#1143,#1217,#1291,#1367,#1441,#1517,
    #1677,#1753,#1831,#1875,#1953,#2027,#2101,#2175,#2251,#2325,#2399,
    #2473,#2547,#2621,#2695,#2769,#2843,#2917,#3023,#3097,#3203,#3277,
    #3351,#3425,#3499,#3573,#4061,#4135,#4427,#4501,#4577,#4653,#4729,
    #4805,#4881,#4957,#5033,#5107,#5181,#5255,#5329,#5403,#5493,#5567,
    #5657,#5731,#5869,#5943,#6145,#6283,#6485,#6623,#6697,#6835,#6909,
    #6983,#7217,#7355,#7589,#7641,#7717,#7769,#7845,#7897,#7973,#8025,
    #8101,#8153,#8229,#8599,#8675,#8727,#8803,#8879,#8955,#9043,#9119),
  #9207);
#11 = AXIS2_PLACEMENT_3D('',#12,#13,#14);
#12 = CARTESIAN_POINT('',(0.,0.,0.));
#13 = DIRECTION('',(0.,0.,1.));
#14 = DIRECTION('',(1.,0.,-0.));
#15 = SHELL_BASED_SURFACE_MODEL('',(#16));
#16 = OPEN_SHELL('',(#17));
#17 = ADVANCED_FACE('',(#18),#32,.F.);
#18 = FACE_BOUND('',#19,.T.);
#19 = EDGE_LOOP('',(#20,#43,#59,#75));
#20 = ORIENTED_EDGE('',*,*,#21,.T.);
#21 = EDGE_CURVE('',#22,#24,#26,.T.);
#22 = VERTEX_POINT('',#23);
#23 = CARTESIAN_POINT('',(0.75,-11.85,10.));
#24 = VERTEX_POINT('',#25);
#25 = CARTESIAN_POINT('',(0.75,-10.85,10.));
#26 = SURFACE_CURVE('',#27,(#31),.PCURVE_S1.);
#27 = LINE('',#28,#29);
#28 = CARTESIAN_POINT('',(0.75,-11.85,10.));
#29 = VECTOR('',#30,1.);
#30 = DIRECTION('',(0.,1.,0.));
#31 = PCURVE('',#32,#37);
#32 = PLANE('',#33);
#33 = AXIS2_PLACEMENT_3D('',#34,#35,#36);
#34 = CARTESIAN_POINT('',(0.75,-11.85,9.8));
#35 = DIRECTION('',(1.,0.,2.22044604925E-16));
#36 = DIRECTION('',(2.22044604925E-16,0.,-1.));
#37 = DEFINITIONAL_REPRESENTATION('',(#38),#42);
#38 = LINE('',#39,#40);
#39 = CARTESIAN_POINT('',(-0.2,0.));
#40 = VECTOR('',#41,1.);
#41 = DIRECTION('',(0.,1.));
#42 = ( GEOMETRIC_REPRESENTATION_CONTEXT(2) 
PARAMETRIC_REPRESENTATION_CONTEXT() REPRESENTATION_CONTEXT('2D SPACE',''
  ) );
#43 = ORIENTED_EDGE('',*,*,#44,.F.);
#44 = EDGE_CURVE('',#45,#24,#47,.T.);
#45 = VERTEX_POINT('',#46);
#46 = CARTESIAN_POINT('',(0.75,-10.85,9.8));
#47 = SURFACE_CURVE('',#48,(#52),.PCURVE_S1.);
#48 = LINE('',#49,#50);
#49 = CARTESIAN_POINT('',(0.75,-10.85,9.8));
#50 = VECTOR('',#51,1.);
#51 = DIRECTION('',(-2.22044604925E-16,-0.,1.));
#52 = PCURVE('',#32,#53);
#53 = DEFINITIONAL_REPRESENTATION('',(#54),#58);
#54 = LINE('',#55,#56);
#55 = CARTESIAN_POINT('',(0.,1.));
#56 = VECTOR('',#57,1.);
#57 = DIRECTION('',(-1.,0.));
#58 = ( GEOMETRIC_REPRESENTATION_CONTEXT(2) 
PARAMETRIC_REPRESENTATION_CONTEXT() REPRESENTATION_CONTEXT('2D SPACE',''
  ) );
#59 = ORIENTED_EDGE('',*,*,#60,.F.);
#60 = EDGE_CURVE('',#61,#45,#63,.T.);
#61 = VERTEX_POINT('',#62);
#62 = CARTESIAN_POINT('',(0.75,-11.85,9.8));
#63 = SURFACE_CURVE('',#64,(#68),.PCURVE_S1.);
#64 = LINE('',#65,#66);
#65 = CARTESIAN_POINT('',(0.75,-11.85,9.8));
#66 = VECTOR('',#67,1.);
#67 = DIRECTION('',(0.,1.,0.));
#68 = PCURVE('',#32,#69);
#69 = DEFINITIONAL_REPRESENTATION('',(#70),#74);
#70 = LINE('',#71,#72);
#71 = CARTESIAN_POINT('',(0.,0.));
#72 = VECTOR('',#73,1.);
#73 = DIRECTION('',(0.,1.));
#74 = ( GEOMETRIC_REPRESENTATION_CONTEXT(2) 
PARAMETRIC_REPRESENTATION_CONTEXT() REPRESENTATION_CONTEXT('2D SPACE',''
  ) );
#75 = ORIENTED_EDGE('',*,*,#76,.T.);
#76 = EDGE_CURVE('',#61,#22,#77,.T.);
#77 = SURFACE_CURVE('',#78,(#82),.PCURVE_S1.);
#78 = LINE('',#79,#80);
#79 = CARTESIAN_POINT('',(0.75,-11.85,9.8));
#80 = VECTOR('',#81,1.);
#81 = DIRECTION('',(-2.22044604925E-16,-0.,1.));
#82 = PCURVE('',#32,#83);
#83 = DEFINITIONAL_REPRESENTATION('',(#84),#88);
#84 = LINE('',#85,#86);
#85 = CARTESIAN_POINT('',(0.,0.));
#86 = VECTOR('',#87,1.);
#87 = DIRECTION('',(-1.,0.));
#88 = ( GEOMETRIC_REPRESENTATION_CONTEXT(2) 
PARAMETRIC_REPRESENTATION_CONTEXT() REPRESENTATION_CONTEXT('2D SPACE',''
  ) );
#89 = SHELL_BASED_SURFACE_MODEL('',(#90));
#90 = OPEN_SHELL('',(#91));
#91 = ADVANCED_FACE('',(#92),#106,.F.);
#92 = FACE_BOUND('',#93,.T.);
#93 = EDGE_LOOP('',(#94,#117,#133,#149));
#94 = ORIENTED_EDGE('',*,*,#95,.T.);
#95 = EDGE_CURVE('',#96,#98,#100,.T.);
#96 = VERTEX_POINT('',#97);
#97 = CARTESIAN_POINT('',(-0.75,-10.85,9.8));
#98 = VERTEX_POINT('',#99);
#99 = CARTESIAN_POINT('',(-0.75,-11.85,9.8));
#100 = SURFACE_CURVE('',#101,(#105),.PCURVE_S1.);
#101 = LINE('',#102,#103);
#102 = CARTESIAN_POINT('',(-0.75,-11.85,9.8));
#103 = VECTOR('',#104,1.);
#104 = DIRECTION('',(-0.,-1.,0.));
#105 = PCURVE('',#106,#111);
#106 = PLANE('',#107);
#107 = AXIS2_PLACEMENT_3D('',#108,#109,#110);
#108 = CARTESIAN_POINT('',(-1.06581410364E-15,-11.85,9.8));
#109 = DIRECTION('',(2.22044604925E-16,0.,-1.));
#110 = DIRECTION('',(-1.,0.,-2.22044604925E-16));
#111 = DEFINITIONAL_REPRESENTATION('',(#112),#116);
#112 = LINE('',#113,#114);
#113 = CARTESIAN_POINT('',(0.75,0.));
#114 = VECTOR('',#115,1.);
#115 = DIRECTION('',(0.,-1.));
#116 = ( GEOMETRIC_REPRESENTATION_CONTEXT(2) 
PARAMETRIC_REPRESENTATION_CONTEXT() REPRESENTATION_CONTEXT('2D SPACE',''
  ) );
#117 = ORIENTED_EDGE('',*,*,#118,.T.);
#118 = EDGE_CURVE('',#98,#119,#121,.T.);
#119 = VERTEX_POINT('',#120);
#120 = CARTESIAN_POINT('',(0.75,-11.85,9.8));
#121 = SURFACE_CURVE('',#122,(#126),.PCURVE_S1.);
#122 = LINE('',#123,#124);
#123 = CARTESIAN_POINT('',(-0.75,-11.85,9.8));
#124 = VECTOR('',#125,1.);
#125 = DIRECTION('',(1.,0.,2.22044604925E-16));
#126 = PCURVE('',#106,#127);
#127 = DEFINITIONAL_REPRESENTATION('',(#128),#132);
#128 = LINE('',#129,#130);
#129 = CARTESIAN_POINT('',(0.75,0.));
#130 = VECTOR('',#131,1.);
#131 = DIRECTION('',(-1.,0.));
#132 = ( GEOMETRIC_REPRESENTATION_CONTEXT(2) 
PARAMETRIC_REPRESENTATION_CONTEXT() REPRESENTATION_CONTEXT('2D SPACE',''
  ) );
#133 = ORIENTED_EDGE('',*,*,#134,.T.);
#134 = EDGE_CURVE('',#119,#135,#137,.T.);
#135 = VERTEX_POINT('',#136);
#136 = CARTESIAN_POINT('',(0.75,-10.85,9.8));
#137 = SURFACE_CURVE('',#138,(#142),.PCURVE_S1.);
#138 = LINE('',#139,#140);
#139 = CARTESIAN_POINT('',(0.75,-11.85,9.8));
#140 = VECTOR('',#141,1.);
#141 = DIRECTION('',(0.,1.,0.));
#142 = PCURVE('',#106,#143);
#143 = DEFINITIONAL_REPRESENTATION('',(#144),#148);
#144 = LINE('',#145,#146);
#145 = CARTESIAN_POINT('',(-0.75,0.));
#146 = VECTOR('',#147,1.);
#147 = DIRECTION('',(0.,1.));
#148 = ( GEOMETRIC_REPRESENTATION_CONTEXT(2) 
PARAMETRIC_REPRESENTATION_CONTEXT() REPRESENTATION_CONTEXT('2D SPACE',''
  ) );
#149 = ORIENTED_EDGE('',*,*,#150,.T.);
#150 = EDGE_CURVE('',#135,#96,#151,.T.);
#151 = SURFACE_CURVE('',#152,(#156),.PCURVE_S1.);
#152 = LINE('',#153,#154);
#153 = CARTESIAN_POINT('',(-0.75,-10.85,9.8));
#154 = VECTOR('',#155,1.);
#155 = DIRECTION('',(-1.,-0.,-2.22044604925E-16));
#156 = PCURVE('',#106,#157);
#157 = DEFINITIONAL_REPRESENTATION('',(#158),#162);
#158 = LINE('',#159,#160);
#159 = CARTESIAN_POINT('',(0.75,1.));
#160 = VECTOR('',#161,1.);
#161 = DIRECTION('',(1.,0.));
#162 = ( GEOMETRIC_REPRESENTATION_CONTEXT(2) 
PARAMETRIC_REPRESENTATION_CONTEXT() REPRESENTATION_CONTEXT('2D SPACE',''
  ) );
#163 = SHELL_BASED_SURFACE_MODEL('',(#164));
#164 = OPEN_SHELL('',(#165));
#165 = ADVANCED_FACE('',(#166),#180,.F.);
#166 = FACE_BOUND('',#167,.T.);
#167 = EDGE_LOOP('',(#168,#191,#207,#223));
#168 = ORIENTED_EDGE('',*,*,#169,.T.);
#169 = EDGE_CURVE('',#170,#172,#174,.T.);
#170 = VERTEX_POINT('',#171);
#171 = CARTESIAN_POINT('',(-0.75,-10.85,10.));
#172 = VERTEX_POINT('',#173);
#173 = CARTESIAN_POINT('',(-0.75,-11.85,10.));
#174 = SURFACE_CURVE('',#175,(#179),.PCURVE_S1.);
#175 = LINE('',#176,#177);
#176 = CARTESIAN_POINT('',(-0.75,-11.85,10.));
#177 = VECTOR('',#178,1.);
#178 = DIRECTION('',(-0.,-1.,0.));
#179 = PCURVE('',#180,#185);
#180 = PLANE('',#181);
#181 = AXIS2_PLACEMENT_3D('',#182,#183,#184);
#182 = CARTESIAN_POINT('',(-0.75,-11.85,9.8));
#183 = DIRECTION('',(-1.,0.,-2.22044604925E-16));
#184 = DIRECTION('',(-2.22044604925E-16,0.,1.));
#185 = DEFINITIONAL_REPRESENTATION('',(#186),#190);
#186 = LINE('',#187,#188);
#187 = CARTESIAN_POINT('',(0.2,0.));
#188 = VECTOR('',#189,1.);
#189 = DIRECTION('',(0.,-1.));
#190 = ( GEOMETRIC_REPRESENTATION_CONTEXT(2) 
PARAMETRIC_REPRESENTATION_CONTEXT() REPRESENTATION_CONTEXT('2D SPACE',''
  ) );
#191 = ORIENTED_EDGE('',*,*,#192,.F.);
#192 = EDGE_CURVE('',#193,#172,#195,.T.);
#193 = VERTEX_POINT('',#194);
#194 = CARTESIAN_POINT('',(-0.75,-11.85,9.8));
#195 = SURFACE_CURVE('',#196,(#200),.PCURVE_S1.);
#196 = LINE('',#197,#198);
#197 = CARTESIAN_POINT('',(-0.75,-11.85,9.8));
#198 = VECTOR('',#199,1.);
#199 = DIRECTION('',(-2.22044604925E-16,-0.,1.));
#200 = PCURVE('',#180,#201);
#201 = DEFINITIONAL_REPRESENTATION('',(#202),#206);
#202 = LINE('',#203,#204);
#203 = CARTESIAN_POINT('',(0.,0.));
#204 = VECTOR('',#205,1.);
#205 = DIRECTION('',(1.,0.));
#206 = ( GEOMETRIC_REPRESENTATION_CONTEXT(2) 
PARAMETRIC_REPRESENTATION_CONTEXT() REPRESENTATION_CONTEXT('2D SPACE',''
  ) );
#207 = ORIENTED_EDGE('',*,*,#208,.F.);
#208 = EDGE_CURVE('',#209,#193,#211,.T.);
#209 = VERTEX_POINT('',#210);
#210 = CARTESIAN_POINT('',(-0.75,-10.85,9.8));
#211 = SURFACE_CURVE('',#212,(#216),.PCURVE_S1.);
#212 = LINE('',#213,#214);
#213 = CARTESIAN_POINT('',(-0.75,-11.85,9.8));
#214 = VECTOR('',#215,1.);
#215 = DIRECTION('',(-0.,-1.,0.));
#216 = PCURVE('',#180,#217);
#217 = DEFINITIONAL_REPRESENTATION('',(#218),#222);
#218 = LINE('',#219,#220);
#219 = CARTESIAN_POINT('',(0.,0.));
#220 = VECTOR('',#221,1.);
#221 = DIRECTION('',(0.,-1.));
#222 = ( GEOMETRIC_REPRESENTATION_CONTEXT(2) 
PARAMETRIC_REPRESENTATION_CONTEXT() REPRESENTATION_CONTEXT('2D SPACE',''
  ) );
#223 = ORIENTED_EDGE('',*,*,#224,.T.);
#224 = EDGE_CURVE('',#209,#170,#225,.T.);
#225 = SURFACE_CURVE('',#226,(#230),.PCURVE_S1.);
#226 = LINE('',#227,#228);
#227 = CARTESIAN_POINT('',(-0.75,-10.85,9.8));
#228 = VECTOR('',#229,1.);
#229 = DIRECTION('',(-2.22044604925E-16,-0.,1.));
#230 = PCURVE('',#180,#231);
#231 = DEFINITIONAL_REPRESENTATION('',(#232),#236);
#232 = LINE('',#233,#234);
#233 = CARTESIAN_POINT('',(0.,1.));
#234 = VECTOR('',#235,1.);
#235 = DIRECTION('',(1.,0.));
#236 = ( GEOMETRIC_REPRESENTATION_CONTEXT(2) 
PARAMETRIC_REPRESENTATION_CONTEXT() REPRESENTATION_CONTEXT('2D SPACE',''
  ) );
#237 = SHELL_BASED_SURFACE_MODEL('',(#238));
#238 = OPEN_SHELL('',(#239));
#239 = ADVANCED_FACE('',(#240),#255,.T.);
#240 = FACE_BOUND('',#241,.T.);
#241 = EDGE_LOOP('',(#242,#266,#282,#299));
#242 = ORIENTED_EDGE('',*,*,#243,.T.);
#243 = EDGE_CURVE('',#244,#246,#248,.T.);
#244 = VERTEX_POINT('',#245);
#245 = CARTESIAN_POINT('',(2.5,-12.95,5.));
#246 = VERTEX_POINT('',#247);
#247 = CARTESIAN_POINT('',(-2.5,-12.95,5.));
#248 = SURFACE_CURVE('',#249,(#254),.PCURVE_S1.);
#249 = CIRCLE('',#250,2.5);
#250 = AXIS2_PLACEMENT_3D('',#251,#252,#253);
#251 = CARTESIAN_POINT('',(0.,-12.95,5.));
#252 = DIRECTION('',(0.,1.,0.));
#253 = DIRECTION('',(-1.,0.,-2.22044604925E-16));
#254 = PCURVE('',#255,#260);
#255 = CYLINDRICAL_SURFACE('',#256,2.5);
#256 = AXIS2_PLACEMENT_3D('',#257,#258,#259);
#257 = CARTESIAN_POINT('',(0.,-13.15,5.));
#258 = DIRECTION('',(0.,1.,0.));
#259 = DIRECTION('',(1.,0.,2.22044604925E-16));
#260 = DEFINITIONAL_REPRESENTATION('',(#261),#265);
#261 = LINE('',#262,#263);
#262 = CARTESIAN_POINT('',(-3.14159265359,0.2));
#263 = VECTOR('',#264,1.);
#264 = DIRECTION('',(1.,0.));
#265 = ( GEOMETRIC_REPRESENTATION_CONTEXT(2) 
PARAMETRIC_REPRESENTATION_CONTEXT() REPRESENTATION_CONTEXT('2D SPACE',''
  ) );
#266 = ORIENTED_EDGE('',*,*,#267,.T.);
#267 = EDGE_CURVE('',#246,#268,#270,.T.);
#268 = VERTEX_POINT('',#269);
#269 = CARTESIAN_POINT('',(-2.5,-11.85,5.));
#270 = SURFACE_CURVE('',#271,(#275),.PCURVE_S1.);
#271 = LINE('',#272,#273);
#272 = CARTESIAN_POINT('',(-2.5,-13.15,5.));
#273 = VECTOR('',#274,1.);
#274 = DIRECTION('',(0.,1.,0.));
#275 = PCURVE('',#255,#276);
#276 = DEFINITIONAL_REPRESENTATION('',(#277),#281);
#277 = LINE('',#278,#279);
#278 = CARTESIAN_POINT('',(3.14159265359,0.));
#279 = VECTOR('',#280,1.);
#280 = DIRECTION('',(0.,1.));
#281 = ( GEOMETRIC_REPRESENTATION_CONTEXT(2) 
PARAMETRIC_REPRESENTATION_CONTEXT() REPRESENTATION_CONTEXT('2D SPACE',''
  ) );
#282 = ORIENTED_EDGE('',*,*,#283,.T.);
#283 = EDGE_CURVE('',#268,#284,#286,.T.);
#284 = VERTEX_POINT('',#285);
#285 = CARTESIAN_POINT('',(2.5,-11.85,5.));
#286 = SURFACE_CURVE('',#287,(#292),.PCURVE_S1.);
#287 = CIRCLE('',#288,2.5);
#288 = AXIS2_PLACEMENT_3D('',#289,#290,#291);
#289 = CARTESIAN_POINT('',(0.,-11.85,5.));
#290 = DIRECTION('',(0.,-1.,0.));
#291 = DIRECTION('',(1.,0.,2.22044604925E-16));
#292 = PCURVE('',#255,#293);
#293 = DEFINITIONAL_REPRESENTATION('',(#294),#298);
#294 = LINE('',#295,#296);
#295 = CARTESIAN_POINT('',(6.28318530718,1.3));
#296 = VECTOR('',#297,1.);
#297 = DIRECTION('',(-1.,0.));
#298 = ( GEOMETRIC_REPRESENTATION_CONTEXT(2) 
PARAMETRIC_REPRESENTATION_CONTEXT() REPRESENTATION_CONTEXT('2D SPACE',''
  ) );
#299 = ORIENTED_EDGE('',*,*,#300,.F.);
#300 = EDGE_CURVE('',#244,#284,#301,.T.);
#301 = SURFACE_CURVE('',#302,(#306),.PCURVE_S1.);
#302 = LINE('',#303,#304);
#303 = CARTESIAN_POINT('',(2.5,-13.15,5.));
#304 = VECTOR('',#305,1.);
#305 = DIRECTION('',(0.,1.,0.));
#306 = PCURVE('',#255,#307);
#307 = DEFINITIONAL_REPRESENTATION('',(#308),#312);
#308 = LINE('',#309,#310);
#309 = CARTESIAN_POINT('',(0.,0.));
#310 = VECTOR('',#311,1.);
#311 = DIRECTION('',(0.,1.));
#312 = ( GEOMETRIC_REPRESENTATION_CONTEXT(2) 
PARAMETRIC_REPRESENTATION_CONTEXT() REPRESENTATION_CONTEXT('2D SPACE',''
  ) );
#313 = SHELL_BASED_SURFACE_MODEL('',(#314));
#314 = OPEN_SHELL('',(#315));
#315 = ADVANCED_FACE('',(#316),#330,.T.);
#316 = FACE_BOUND('',#317,.T.);
#317 = EDGE_LOOP('',(#318,#341,#358,#374));
#318 = ORIENTED_EDGE('',*,*,#319,.F.);
#319 = EDGE_CURVE('',#320,#322,#324,.T.);
#320 = VERTEX_POINT('',#321);
#321 = CARTESIAN_POINT('',(-2.5,-12.95,5.));
#322 = VERTEX_POINT('',#323);
#323 = CARTESIAN_POINT('',(-2.5,-11.85,5.));
#324 = SURFACE_CURVE('',#325,(#329),.PCURVE_S1.);
#325 = LINE('',#326,#327);
#326 = CARTESIAN_POINT('',(-2.5,-13.15,5.));
#327 = VECTOR('',#328,1.);
#328 = DIRECTION('',(0.,1.,0.));
#329 = PCURVE('',#330,#335);
#330 = CYLINDRICAL_SURFACE('',#331,2.5);
#331 = AXIS2_PLACEMENT_3D('',#332,#333,#334);
#332 = CARTESIAN_POINT('',(0.,-13.15,5.));
#333 = DIRECTION('',(0.,1.,0.));
#334 = DIRECTION('',(1.,0.,2.22044604925E-16));
#335 = DEFINITIONAL_REPRESENTATION('',(#336),#340);
#336 = LINE('',#337,#338);
#337 = CARTESIAN_POINT('',(3.14159265359,0.));
#338 = VECTOR('',#339,1.);
#339 = DIRECTION('',(0.,1.));
#340 = ( GEOMETRIC_REPRESENTATION_CONTEXT(2) 
PARAMETRIC_REPRESENTATION_CONTEXT() REPRESENTATION_CONTEXT('2D SPACE',''
  ) );
#341 = ORIENTED_EDGE('',*,*,#342,.T.);
#342 = EDGE_CURVE('',#320,#343,#345,.T.);
#343 = VERTEX_POINT('',#344);
#344 = CARTESIAN_POINT('',(2.5,-12.95,5.));
#345 = SURFACE_CURVE('',#346,(#351),.PCURVE_S1.);
#346 = CIRCLE('',#347,2.5);
#347 = AXIS2_PLACEMENT_3D('',#348,#349,#350);
#348 = CARTESIAN_POINT('',(0.,-12.95,5.));
#349 = DIRECTION('',(0.,1.,0.));
#350 = DIRECTION('',(-1.,0.,-2.22044604925E-16));
#351 = PCURVE('',#330,#352);
#352 = DEFINITIONAL_REPRESENTATION('',(#353),#357);
#353 = LINE('',#354,#355);
#354 = CARTESIAN_POINT('',(3.14159265359,0.2));
#355 = VECTOR('',#356,1.);
#356 = DIRECTION('',(1.,0.));
#357 = ( GEOMETRIC_REPRESENTATION_CONTEXT(2) 
PARAMETRIC_REPRESENTATION_CONTEXT() REPRESENTATION_CONTEXT('2D SPACE',''
  ) );
#358 = ORIENTED_EDGE('',*,*,#359,.T.);
#359 = EDGE_CURVE('',#343,#360,#362,.T.);
#360 = VERTEX_POINT('',#361);
#361 = CARTESIAN_POINT('',(2.5,-11.85,5.));
#362 = SURFACE_CURVE('',#363,(#367),.PCURVE_S1.);
#363 = LINE('',#364,#365);
#364 = CARTESIAN_POINT('',(2.5,-13.15,5.));
#365 = VECTOR('',#366,1.);
#366 = DIRECTION('',(0.,1.,0.));
#367 = PCURVE('',#330,#368);
#368 = DEFINITIONAL_REPRESENTATION('',(#369),#373);
#369 = LINE('',#370,#371);
#370 = CARTESIAN_POINT('',(6.28318530718,0.));
#371 = VECTOR('',#372,1.);
#372 = DIRECTION('',(0.,1.));
#373 = ( GEOMETRIC_REPRESENTATION_CONTEXT(2) 
PARAMETRIC_REPRESENTATION_CONTEXT() REPRESENTATION_CONTEXT('2D SPACE',''
  ) );
#374 = ORIENTED_EDGE('',*,*,#375,.T.);
#375 = EDGE_CURVE('',#360,#322,#376,.T.);
#376 = SURFACE_CURVE('',#377,(#382),.PCURVE_S1.);
#377 = CIRCLE('',#378,2.5);
#378 = AXIS2_PLACEMENT_3D('',#379,#380,#381);
#379 = CARTESIAN_POINT('',(0.,-11.85,5.));
#380 = DIRECTION('',(0.,-1.,0.));
#381 = DIRECTION('',(1.,0.,2.22044604925E-16));
#382 = PCURVE('',#330,#383);
#383 = DEFINITIONAL_REPRESENTATION('',(#384),#388);
#384 = LINE('',#385,#386);
#385 = CARTESIAN_POINT('',(6.28318530718,1.3));
#386 = VECTOR('',#387,1.);
#387 = DIRECTION('',(-1.,0.));
#388 = ( GEOMETRIC_REPRESENTATION_CONTEXT(2) 
PARAMETRIC_REPRESENTATION_CONTEXT() REPRESENTATION_CONTEXT('2D SPACE',''
  ) );
#389 = SHELL_BASED_SURFACE_MODEL('',(#390));
#390 = OPEN_SHELL('',(#391));
#391 = ADVANCED_FACE('',(#392),#406,.F.);
#392 = FACE_BOUND('',#393,.F.);
#393 = EDGE_LOOP('',(#394,#417,#434,#450));
#394 = ORIENTED_EDGE('',*,*,#395,.T.);
#395 = EDGE_CURVE('',#396,#398,#400,.T.);
#396 = VERTEX_POINT('',#397);
#397 = CARTESIAN_POINT('',(-3.5,-13.15,5.3));
#398 = VERTEX_POINT('',#399);
#399 = CARTESIAN_POINT('',(-4.,-13.15,5.3));
#400 = SURFACE_CURVE('',#401,(#405),.PCURVE_S1.);
#401 = LINE('',#402,#403);
#402 = CARTESIAN_POINT('',(-3.,-13.15,5.3));
#403 = VECTOR('',#404,1.);
#404 = DIRECTION('',(-1.,-0.,-2.22044604925E-16));
#405 = PCURVE('',#406,#411);
#406 = CYLINDRICAL_SURFACE('',#407,0.3);
#407 = AXIS2_PLACEMENT_3D('',#408,#409,#410);
#408 = CARTESIAN_POINT('',(-3.,-13.15,5.));
#409 = DIRECTION('',(-1.,-0.,-2.22044604925E-16));
#410 = DIRECTION('',(-2.22044604925E-16,0.,1.));
#411 = DEFINITIONAL_REPRESENTATION('',(#412),#416);
#412 = LINE('',#413,#414);
#413 = CARTESIAN_POINT('',(6.28318530718,0.));
#414 = VECTOR('',#415,1.);
#415 = DIRECTION('',(0.,1.));
#416 = ( GEOMETRIC_REPRESENTATION_CONTEXT(2) 
PARAMETRIC_REPRESENTATION_CONTEXT() REPRESENTATION_CONTEXT('2D SPACE',''
  ) );
#417 = ORIENTED_EDGE('',*,*,#418,.T.);
#418 = EDGE_CURVE('',#398,#419,#421,.T.);
#419 = VERTEX_POINT('',#420);
#420 = CARTESIAN_POINT('',(-4.,-13.15,4.7));
#421 = SURFACE_CURVE('',#422,(#427),.PCURVE_S1.);
#422 = CIRCLE('',#423,0.3);
#423 = AXIS2_PLACEMENT_3D('',#424,#425,#426);
#424 = CARTESIAN_POINT('',(-4.,-13.15,5.));
#425 = DIRECTION('',(1.,-0.,2.22044604925E-16));
#426 = DIRECTION('',(2.22044604925E-16,0.,-1.));
#427 = PCURVE('',#406,#428);
#428 = DEFINITIONAL_REPRESENTATION('',(#429),#433);
#429 = LINE('',#430,#431);
#430 = CARTESIAN_POINT('',(9.424777960769,1.));
#431 = VECTOR('',#432,1.);
#432 = DIRECTION('',(-1.,0.));
#433 = ( GEOMETRIC_REPRESENTATION_CONTEXT(2) 
PARAMETRIC_REPRESENTATION_CONTEXT() REPRESENTATION_CONTEXT('2D SPACE',''
  ) );
#434 = ORIENTED_EDGE('',*,*,#435,.F.);
#435 = EDGE_CURVE('',#436,#419,#438,.T.);
#436 = VERTEX_POINT('',#437);
#437 = CARTESIAN_POINT('',(-3.5,-13.15,4.7));
#438 = SURFACE_CURVE('',#439,(#443),.PCURVE_S1.);
#439 = LINE('',#440,#441);
#440 = CARTESIAN_POINT('',(-3.,-13.15,4.7));
#441 = VECTOR('',#442,1.);
#442 = DIRECTION('',(-1.,-0.,-2.22044604925E-16));
#443 = PCURVE('',#406,#444);
#444 = DEFINITIONAL_REPRESENTATION('',(#445),#449);
#445 = LINE('',#446,#447);
#446 = CARTESIAN_POINT('',(3.14159265359,0.));
#447 = VECTOR('',#448,1.);
#448 = DIRECTION('',(0.,1.));
#449 = ( GEOMETRIC_REPRESENTATION_CONTEXT(2) 
PARAMETRIC_REPRESENTATION_CONTEXT() REPRESENTATION_CONTEXT('2D SPACE',''
  ) );
#450 = ORIENTED_EDGE('',*,*,#451,.T.);
#451 = EDGE_CURVE('',#436,#396,#452,.T.);
#452 = SURFACE_CURVE('',#453,(#458),.PCURVE_S1.);
#453 = CIRCLE('',#454,0.3);
#454 = AXIS2_PLACEMENT_3D('',#455,#456,#457);
#455 = CARTESIAN_POINT('',(-3.5,-13.15,5.));
#456 = DIRECTION('',(-1.,-0.,-2.22044604925E-16));
#457 = DIRECTION('',(2.22044604925E-16,0.,-1.));
#458 = PCURVE('',#406,#459);
#459 = DEFINITIONAL_REPRESENTATION('',(#460),#464);
#460 = LINE('',#461,#462);
#461 = CARTESIAN_POINT('',(3.14159265359,0.5));
#462 = VECTOR('',#463,1.);
#463 = DIRECTION('',(1.,0.));
#464 = ( GEOMETRIC_REPRESENTATION_CONTEXT(2) 
PARAMETRIC_REPRESENTATION_CONTEXT() REPRESENTATION_CONTEXT('2D SPACE',''
  ) );
#465 = SHELL_BASED_SURFACE_MODEL('',(#466));
#466 = OPEN_SHELL('',(#467));
#467 = ADVANCED_FACE('',(#468),#483,.F.);
#468 = FACE_BOUND('',#469,.F.);
#469 = EDGE_LOOP('',(#470,#494,#510,#527));
#470 = ORIENTED_EDGE('',*,*,#471,.T.);
#471 = EDGE_CURVE('',#472,#474,#476,.T.);
#472 = VERTEX_POINT('',#473);
#473 = CARTESIAN_POINT('',(-4.,-13.15,4.7));
#474 = VERTEX_POINT('',#475);
#475 = CARTESIAN_POINT('',(-4.,-13.15,5.3));
#476 = SURFACE_CURVE('',#477,(#482),.PCURVE_S1.);
#477 = CIRCLE('',#478,0.3);
#478 = AXIS2_PLACEMENT_3D('',#479,#480,#481);
#479 = CARTESIAN_POINT('',(-4.,-13.15,5.));
#480 = DIRECTION('',(1.,-0.,2.22044604925E-16));
#481 = DIRECTION('',(2.22044604925E-16,0.,-1.));
#482 = PCURVE('',#483,#488);
#483 = CYLINDRICAL_SURFACE('',#484,0.3);
#484 = AXIS2_PLACEMENT_3D('',#485,#486,#487);
#485 = CARTESIAN_POINT('',(-3.,-13.15,5.));
#486 = DIRECTION('',(-1.,-0.,-2.22044604925E-16));
#487 = DIRECTION('',(-2.22044604925E-16,0.,1.));
#488 = DEFINITIONAL_REPRESENTATION('',(#489),#493);
#489 = LINE('',#490,#491);
#490 = CARTESIAN_POINT('',(3.14159265359,1.));
#491 = VECTOR('',#492,1.);
#492 = DIRECTION('',(-1.,0.));
#493 = ( GEOMETRIC_REPRESENTATION_CONTEXT(2) 
PARAMETRIC_REPRESENTATION_CONTEXT() REPRESENTATION_CONTEXT('2D SPACE',''
  ) );
#494 = ORIENTED_EDGE('',*,*,#495,.F.);
#495 = EDGE_CURVE('',#496,#474,#498,.T.);
#496 = VERTEX_POINT('',#497);
#497 = CARTESIAN_POINT('',(-3.5,-13.15,5.3));
#498 = SURFACE_CURVE('',#499,(#503),.PCURVE_S1.);
#499 = LINE('',#500,#501);
#500 = CARTESIAN_POINT('',(-3.,-13.15,5.3));
#501 = VECTOR('',#502,1.);
#502 = DIRECTION('',(-1.,-0.,-2.22044604925E-16));
#503 = PCURVE('',#483,#504);
#504 = DEFINITIONAL_REPRESENTATION('',(#505),#509);
#505 = LINE('',#506,#507);
#506 = CARTESIAN_POINT('',(0.,0.));
#507 = VECTOR('',#508,1.);
#508 = DIRECTION('',(0.,1.));
#509 = ( GEOMETRIC_REPRESENTATION_CONTEXT(2) 
PARAMETRIC_REPRESENTATION_CONTEXT() REPRESENTATION_CONTEXT('2D SPACE',''
  ) );
#510 = ORIENTED_EDGE('',*,*,#511,.T.);
#511 = EDGE_CURVE('',#496,#512,#514,.T.);
#512 = VERTEX_POINT('',#513);
#513 = CARTESIAN_POINT('',(-3.5,-13.15,4.7));
#514 = SURFACE_CURVE('',#515,(#520),.PCURVE_S1.);
#515 = CIRCLE('',#516,0.3);
#516 = AXIS2_PLACEMENT_3D('',#517,#518,#519);
#517 = CARTESIAN_POINT('',(-3.5,-13.15,5.));
#518 = DIRECTION('',(-1.,-0.,-2.22044604925E-16));
#519 = DIRECTION('',(2.22044604925E-16,0.,-1.));
#520 = PCURVE('',#483,#521);
#521 = DEFINITIONAL_REPRESENTATION('',(#522),#526);
#522 = LINE('',#523,#524);
#523 = CARTESIAN_POINT('',(-3.14159265359,0.5));
#524 = VECTOR('',#525,1.);
#525 = DIRECTION('',(1.,0.));
#526 = ( GEOMETRIC_REPRESENTATION_CONTEXT(2) 
PARAMETRIC_REPRESENTATION_CONTEXT() REPRESENTATION_CONTEXT('2D SPACE',''
  ) );
#527 = ORIENTED_EDGE('',*,*,#528,.T.);
#528 = EDGE_CURVE('',#512,#472,#529,.T.);
#529 = SURFACE_CURVE('',#530,(#534),.PCURVE_S1.);
#530 = LINE('',#531,#532);
#531 = CARTESIAN_POINT('',(-3.,-13.15,4.7));
#532 = VECTOR('',#533,1.);
#533 = DIRECTION('',(-1.,-0.,-2.22044604925E-16));
#534 = PCURVE('',#483,#535);
#535 = DEFINITIONAL_REPRESENTATION('',(#536),#540);
#536 = LINE('',#537,#538);
#537 = CARTESIAN_POINT('',(3.14159265359,0.));
#538 = VECTOR('',#539,1.);
#539 = DIRECTION('',(0.,1.));
#540 = ( GEOMETRIC_REPRESENTATION_CONTEXT(2) 
PARAMETRIC_REPRESENTATION_CONTEXT() REPRESENTATION_CONTEXT('2D SPACE',''
  ) );
#541 = SHELL_BASED_SURFACE_MODEL('',(#542));
#542 = OPEN_SHELL('',(#543));
#543 = ADVANCED_FACE('',(#544),#558,.T.);
#544 = FACE_BOUND('',#545,.T.);
#545 = EDGE_LOOP('',(#546,#569,#585,#601));
#546 = ORIENTED_EDGE('',*,*,#547,.F.);
#547 = EDGE_CURVE('',#548,#550,#552,.T.);
#548 = VERTEX_POINT('',#549);
#549 = CARTESIAN_POINT('',(-4.,-13.35,5.75));
#550 = VERTEX_POINT('',#551);
#551 = CARTESIAN_POINT('',(-4.,-11.85,5.75));
#552 = SURFACE_CURVE('',#553,(#557),.PCURVE_S1.);
#553 = LINE('',#554,#555);
#554 = CARTESIAN_POINT('',(-4.,-13.65,5.75));
#555 = VECTOR('',#556,1.);
#556 = DIRECTION('',(0.,1.,0.));
#557 = PCURVE('',#558,#563);
#558 = PLANE('',#559);
#559 = AXIS2_PLACEMENT_3D('',#560,#561,#562);
#560 = CARTESIAN_POINT('',(-4.,-13.65,5.75));
#561 = DIRECTION('',(-2.22044604925E-16,0.,1.));
#562 = DIRECTION('',(1.,0.,2.22044604925E-16));
#563 = DEFINITIONAL_REPRESENTATION('',(#564),#568);
#564 = LINE('',#565,#566);
#565 = CARTESIAN_POINT('',(0.,0.));
#566 = VECTOR('',#567,1.);
#567 = DIRECTION('',(0.,1.));
#568 = ( GEOMETRIC_REPRESENTATION_CONTEXT(2) 
PARAMETRIC_REPRESENTATION_CONTEXT() REPRESENTATION_CONTEXT('2D SPACE',''
  ) );
#569 = ORIENTED_EDGE('',*,*,#570,.T.);
#570 = EDGE_CURVE('',#548,#571,#573,.T.);
#571 = VERTEX_POINT('',#572);
#572 = CARTESIAN_POINT('',(-3.5,-13.35,5.75));
#573 = SURFACE_CURVE('',#574,(#578),.PCURVE_S1.);
#574 = LINE('',#575,#576);
#575 = CARTESIAN_POINT('',(-4.,-13.35,5.75));
#576 = VECTOR('',#577,1.);
#577 = DIRECTION('',(1.,0.,2.22044604925E-16));
#578 = PCURVE('',#558,#579);
#579 = DEFINITIONAL_REPRESENTATION('',(#580),#584);
#580 = LINE('',#581,#582);
#581 = CARTESIAN_POINT('',(0.,0.3));
#582 = VECTOR('',#583,1.);
#583 = DIRECTION('',(1.,0.));
#584 = ( GEOMETRIC_REPRESENTATION_CONTEXT(2) 
PARAMETRIC_REPRESENTATION_CONTEXT() REPRESENTATION_CONTEXT('2D SPACE',''
  ) );
#585 = ORIENTED_EDGE('',*,*,#586,.T.);
#586 = EDGE_CURVE('',#571,#587,#589,.T.);
#587 = VERTEX_POINT('',#588);
#588 = CARTESIAN_POINT('',(-3.5,-11.85,5.75));
#589 = SURFACE_CURVE('',#590,(#594),.PCURVE_S1.);
#590 = LINE('',#591,#592);
#591 = CARTESIAN_POINT('',(-3.5,-13.65,5.75));
#592 = VECTOR('',#593,1.);
#593 = DIRECTION('',(0.,1.,0.));
#594 = PCURVE('',#558,#595);
#595 = DEFINITIONAL_REPRESENTATION('',(#596),#600);
#596 = LINE('',#597,#598);
#597 = CARTESIAN_POINT('',(0.5,0.));
#598 = VECTOR('',#599,1.);
#599 = DIRECTION('',(0.,1.));
#600 = ( GEOMETRIC_REPRESENTATION_CONTEXT(2) 
PARAMETRIC_REPRESENTATION_CONTEXT() REPRESENTATION_CONTEXT('2D SPACE',''
  ) );
#601 = ORIENTED_EDGE('',*,*,#602,.F.);
#602 = EDGE_CURVE('',#550,#587,#603,.T.);
#603 = SURFACE_CURVE('',#604,(#608),.PCURVE_S1.);
#604 = LINE('',#605,#606);
#605 = CARTESIAN_POINT('',(-4.,-11.85,5.75));
#606 = VECTOR('',#607,1.);
#607 = DIRECTION('',(1.,0.,2.22044604925E-16));
#608 = PCURVE('',#558,#609);
#609 = DEFINITIONAL_REPRESENTATION('',(#610),#614);
#610 = LINE('',#611,#612);
#611 = CARTESIAN_POINT('',(0.,1.8));
#612 = VECTOR('',#613,1.);
#613 = DIRECTION('',(1.,0.));
#614 = ( GEOMETRIC_REPRESENTATION_CONTEXT(2) 
PARAMETRIC_REPRESENTATION_CONTEXT() REPRESENTATION_CONTEXT('2D SPACE',''
  ) );
#615 = SHELL_BASED_SURFACE_MODEL('',(#616));
#616 = OPEN_SHELL('',(#617));
#617 = ADVANCED_FACE('',(#618),#633,.T.);
#618 = FACE_BOUND('',#619,.T.);
#619 = EDGE_LOOP('',(#620,#644,#660,#677));
#620 = ORIENTED_EDGE('',*,*,#621,.F.);
#621 = EDGE_CURVE('',#622,#624,#626,.T.);
#622 = VERTEX_POINT('',#623);
#623 = CARTESIAN_POINT('',(-4.,-13.65,5.45));
#624 = VERTEX_POINT('',#625);
#625 = CARTESIAN_POINT('',(-4.,-13.35,5.75));
#626 = SURFACE_CURVE('',#627,(#632),.PCURVE_S1.);
#627 = CIRCLE('',#628,0.3);
#628 = AXIS2_PLACEMENT_3D('',#629,#630,#631);
#629 = CARTESIAN_POINT('',(-4.,-13.35,5.45));
#630 = DIRECTION('',(-1.,0.,-2.22044604925E-16));
#631 = DIRECTION('',(-2.22044604925E-16,0.,1.));
#632 = PCURVE('',#633,#638);
#633 = CYLINDRICAL_SURFACE('',#634,0.3);
#634 = AXIS2_PLACEMENT_3D('',#635,#636,#637);
#635 = CARTESIAN_POINT('',(-4.,-13.35,5.45));
#636 = DIRECTION('',(1.,0.,2.22044604925E-16));
#637 = DIRECTION('',(2.22044604925E-16,0.,-1.));
#638 = DEFINITIONAL_REPRESENTATION('',(#639),#643);
#639 = LINE('',#640,#641);
#640 = CARTESIAN_POINT('',(9.424777960769,0.));
#641 = VECTOR('',#642,1.);
#642 = DIRECTION('',(-1.,0.));
#643 = ( GEOMETRIC_REPRESENTATION_CONTEXT(2) 
PARAMETRIC_REPRESENTATION_CONTEXT() REPRESENTATION_CONTEXT('2D SPACE',''
  ) );
#644 = ORIENTED_EDGE('',*,*,#645,.F.);
#645 = EDGE_CURVE('',#646,#622,#648,.T.);
#646 = VERTEX_POINT('',#647);
#647 = CARTESIAN_POINT('',(-3.5,-13.65,5.45));
#648 = SURFACE_CURVE('',#649,(#653),.PCURVE_S1.);
#649 = LINE('',#650,#651);
#650 = CARTESIAN_POINT('',(-9.992007221626E-17,-13.65,5.45));
#651 = VECTOR('',#652,1.);
#652 = DIRECTION('',(-1.,-0.,-2.22044604925E-16));
#653 = PCURVE('',#633,#654);
#654 = DEFINITIONAL_REPRESENTATION('',(#655),#659);
#655 = LINE('',#656,#657);
#656 = CARTESIAN_POINT('',(4.712388980385,4.));
#657 = VECTOR('',#658,1.);
#658 = DIRECTION('',(0.,-1.));
#659 = ( GEOMETRIC_REPRESENTATION_CONTEXT(2) 
PARAMETRIC_REPRESENTATION_CONTEXT() REPRESENTATION_CONTEXT('2D SPACE',''
  ) );
#660 = ORIENTED_EDGE('',*,*,#661,.F.);
#661 = EDGE_CURVE('',#662,#646,#664,.T.);
#662 = VERTEX_POINT('',#663);
#663 = CARTESIAN_POINT('',(-3.5,-13.35,5.75));
#664 = SURFACE_CURVE('',#665,(#670),.PCURVE_S1.);
#665 = CIRCLE('',#666,0.3);
#666 = AXIS2_PLACEMENT_3D('',#667,#668,#669);
#667 = CARTESIAN_POINT('',(-3.5,-13.35,5.45));
#668 = DIRECTION('',(1.,-0.,2.22044604925E-16));
#669 = DIRECTION('',(2.22044604925E-16,0.,-1.));
#670 = PCURVE('',#633,#671);
#671 = DEFINITIONAL_REPRESENTATION('',(#672),#676);
#672 = LINE('',#673,#674);
#673 = CARTESIAN_POINT('',(0.,0.5));
#674 = VECTOR('',#675,1.);
#675 = DIRECTION('',(1.,0.));
#676 = ( GEOMETRIC_REPRESENTATION_CONTEXT(2) 
PARAMETRIC_REPRESENTATION_CONTEXT() REPRESENTATION_CONTEXT('2D SPACE',''
  ) );
#677 = ORIENTED_EDGE('',*,*,#678,.F.);
#678 = EDGE_CURVE('',#624,#662,#679,.T.);
#679 = SURFACE_CURVE('',#680,(#684),.PCURVE_S1.);
#680 = LINE('',#681,#682);
#681 = CARTESIAN_POINT('',(-4.,-13.35,5.75));
#682 = VECTOR('',#683,1.);
#683 = DIRECTION('',(1.,0.,2.22044604925E-16));
#684 = PCURVE('',#633,#685);
#685 = DEFINITIONAL_REPRESENTATION('',(#686),#690);
#686 = LINE('',#687,#688);
#687 = CARTESIAN_POINT('',(3.14159265359,0.));
#688 = VECTOR('',#689,1.);
#689 = DIRECTION('',(0.,1.));
#690 = ( GEOMETRIC_REPRESENTATION_CONTEXT(2) 
PARAMETRIC_REPRESENTATION_CONTEXT() REPRESENTATION_CONTEXT('2D SPACE',''
  ) );
#691 = SHELL_BASED_SURFACE_MODEL('',(#692));
#692 = OPEN_SHELL('',(#693));
#693 = ADVANCED_FACE('',(#694),#708,.T.);
#694 = FACE_BOUND('',#695,.T.);
#695 = EDGE_LOOP('',(#696,#719,#735,#751));
#696 = ORIENTED_EDGE('',*,*,#697,.F.);
#697 = EDGE_CURVE('',#698,#700,#702,.T.);
#698 = VERTEX_POINT('',#699);
#699 = CARTESIAN_POINT('',(-3.5,-13.35,4.25));
#700 = VERTEX_POINT('',#701);
#701 = CARTESIAN_POINT('',(-3.5,-11.85,4.25));
#702 = SURFACE_CURVE('',#703,(#707),.PCURVE_S1.);
#703 = LINE('',#704,#705);
#704 = CARTESIAN_POINT('',(-3.5,-13.65,4.25));
#705 = VECTOR('',#706,1.);
#706 = DIRECTION('',(0.,1.,0.));
#707 = PCURVE('',#708,#713);
#708 = PLANE('',#709);
#709 = AXIS2_PLACEMENT_3D('',#710,#711,#712);
#710 = CARTESIAN_POINT('',(-4.,-13.65,4.25));
#711 = DIRECTION('',(5.20417042793E-18,0.,-1.));
#712 = DIRECTION('',(-1.,0.,-5.20417042793E-18));
#713 = DEFINITIONAL_REPRESENTATION('',(#714),#718);
#714 = LINE('',#715,#716);
#715 = CARTESIAN_POINT('',(-0.5,0.));
#716 = VECTOR('',#717,1.);
#717 = DIRECTION('',(0.,1.));
#718 = ( GEOMETRIC_REPRESENTATION_CONTEXT(2) 
PARAMETRIC_REPRESENTATION_CONTEXT() REPRESENTATION_CONTEXT('2D SPACE',''
  ) );
#719 = ORIENTED_EDGE('',*,*,#720,.T.);
#720 = EDGE_CURVE('',#698,#721,#723,.T.);
#721 = VERTEX_POINT('',#722);
#722 = CARTESIAN_POINT('',(-4.,-13.35,4.25));
#723 = SURFACE_CURVE('',#724,(#728),.PCURVE_S1.);
#724 = LINE('',#725,#726);
#725 = CARTESIAN_POINT('',(-4.,-13.35,4.25));
#726 = VECTOR('',#727,1.);
#727 = DIRECTION('',(-1.,0.,-5.20417042793E-18));
#728 = PCURVE('',#708,#729);
#729 = DEFINITIONAL_REPRESENTATION('',(#730),#734);
#730 = LINE('',#731,#732);
#731 = CARTESIAN_POINT('',(0.,0.3));
#732 = VECTOR('',#733,1.);
#733 = DIRECTION('',(1.,0.));
#734 = ( GEOMETRIC_REPRESENTATION_CONTEXT(2) 
PARAMETRIC_REPRESENTATION_CONTEXT() REPRESENTATION_CONTEXT('2D SPACE',''
  ) );
#735 = ORIENTED_EDGE('',*,*,#736,.T.);
#736 = EDGE_CURVE('',#721,#737,#739,.T.);
#737 = VERTEX_POINT('',#738);
#738 = CARTESIAN_POINT('',(-4.,-11.85,4.25));
#739 = SURFACE_CURVE('',#740,(#744),.PCURVE_S1.);
#740 = LINE('',#741,#742);
#741 = CARTESIAN_POINT('',(-4.,-13.65,4.25));
#742 = VECTOR('',#743,1.);
#743 = DIRECTION('',(0.,1.,0.));
#744 = PCURVE('',#708,#745);
#745 = DEFINITIONAL_REPRESENTATION('',(#746),#750);
#746 = LINE('',#747,#748);
#747 = CARTESIAN_POINT('',(0.,0.));
#748 = VECTOR('',#749,1.);
#749 = DIRECTION('',(0.,1.));
#750 = ( GEOMETRIC_REPRESENTATION_CONTEXT(2) 
PARAMETRIC_REPRESENTATION_CONTEXT() REPRESENTATION_CONTEXT('2D SPACE',''
  ) );
#751 = ORIENTED_EDGE('',*,*,#752,.F.);
#752 = EDGE_CURVE('',#700,#737,#753,.T.);
#753 = SURFACE_CURVE('',#754,(#758),.PCURVE_S1.);
#754 = LINE('',#755,#756);
#755 = CARTESIAN_POINT('',(-4.,-11.85,4.25));
#756 = VECTOR('',#757,1.);
#757 = DIRECTION('',(-1.,0.,-5.20417042793E-18));
#758 = PCURVE('',#708,#759);
#759 = DEFINITIONAL_REPRESENTATION('',(#760),#764);
#760 = LINE('',#761,#762);
#761 = CARTESIAN_POINT('',(0.,1.8));
#762 = VECTOR('',#763,1.);
#763 = DIRECTION('',(1.,0.));
#764 = ( GEOMETRIC_REPRESENTATION_CONTEXT(2) 
PARAMETRIC_REPRESENTATION_CONTEXT() REPRESENTATION_CONTEXT('2D SPACE',''
  ) );
#765 = SHELL_BASED_SURFACE_MODEL('',(#766));
#766 = OPEN_SHELL('',(#767));
#767 = ADVANCED_FACE('',(#768,#873),#782,.T.);
#768 = FACE_BOUND('',#769,.T.);
#769 = EDGE_LOOP('',(#770,#793,#810,#826,#843,#859));
#770 = ORIENTED_EDGE('',*,*,#771,.F.);
#771 = EDGE_CURVE('',#772,#774,#776,.T.);
#772 = VERTEX_POINT('',#773);
#773 = CARTESIAN_POINT('',(-4.,-13.35,4.25));
#774 = VERTEX_POINT('',#775);
#775 = CARTESIAN_POINT('',(-4.,-11.85,4.25));
#776 = SURFACE_CURVE('',#777,(#781),.PCURVE_S1.);
#777 = LINE('',#778,#779);
#778 = CARTESIAN_POINT('',(-4.,-13.65,4.25));
#779 = VECTOR('',#780,1.);
#780 = DIRECTION('',(0.,1.,0.));
#781 = PCURVE('',#782,#787);
#782 = PLANE('',#783);
#783 = AXIS2_PLACEMENT_3D('',#784,#785,#786);
#784 = CARTESIAN_POINT('',(-4.,-13.65,5.75));
#785 = DIRECTION('',(-1.,0.,-2.22044604925E-16));
#786 = DIRECTION('',(-2.22044604925E-16,0.,1.));
#787 = DEFINITIONAL_REPRESENTATION('',(#788),#792);
#788 = LINE('',#789,#790);
#789 = CARTESIAN_POINT('',(-1.5,0.));
#790 = VECTOR('',#791,1.);
#791 = DIRECTION('',(0.,1.));
#792 = ( GEOMETRIC_REPRESENTATION_CONTEXT(2) 
PARAMETRIC_REPRESENTATION_CONTEXT() REPRESENTATION_CONTEXT('2D SPACE',''
  ) );
#793 = ORIENTED_EDGE('',*,*,#794,.T.);
#794 = EDGE_CURVE('',#772,#795,#797,.T.);
#795 = VERTEX_POINT('',#796);
#796 = CARTESIAN_POINT('',(-4.,-13.65,4.55));
#797 = SURFACE_CURVE('',#798,(#803),.PCURVE_S1.);
#798 = CIRCLE('',#799,0.3);
#799 = AXIS2_PLACEMENT_3D('',#800,#801,#802);
#800 = CARTESIAN_POINT('',(-4.,-13.35,4.55));
#801 = DIRECTION('',(-1.,0.,-2.22044604925E-16));
#802 = DIRECTION('',(-2.22044604925E-16,0.,1.));
#803 = PCURVE('',#782,#804);
#804 = DEFINITIONAL_REPRESENTATION('',(#805),#809);
#805 = CIRCLE('',#806,0.3);
#806 = AXIS2_PLACEMENT_2D('',#807,#808);
#807 = CARTESIAN_POINT('',(-1.2,0.3));
#808 = DIRECTION('',(1.,0.));
#809 = ( GEOMETRIC_REPRESENTATION_CONTEXT(2) 
PARAMETRIC_REPRESENTATION_CONTEXT() REPRESENTATION_CONTEXT('2D SPACE',''
  ) );
#810 = ORIENTED_EDGE('',*,*,#811,.T.);
#811 = EDGE_CURVE('',#795,#812,#814,.T.);
#812 = VERTEX_POINT('',#813);
#813 = CARTESIAN_POINT('',(-4.,-13.65,5.45));
#814 = SURFACE_CURVE('',#815,(#819),.PCURVE_S1.);
#815 = LINE('',#816,#817);
#816 = CARTESIAN_POINT('',(-4.,-13.65,5.75));
#817 = VECTOR('',#818,1.);
#818 = DIRECTION('',(-2.22044604925E-16,0.,1.));
#819 = PCURVE('',#782,#820);
#820 = DEFINITIONAL_REPRESENTATION('',(#821),#825);
#821 = LINE('',#822,#823);
#822 = CARTESIAN_POINT('',(0.,0.));
#823 = VECTOR('',#824,1.);
#824 = DIRECTION('',(1.,0.));
#825 = ( GEOMETRIC_REPRESENTATION_CONTEXT(2) 
PARAMETRIC_REPRESENTATION_CONTEXT() REPRESENTATION_CONTEXT('2D SPACE',''
  ) );
#826 = ORIENTED_EDGE('',*,*,#827,.T.);
#827 = EDGE_CURVE('',#812,#828,#830,.T.);
#828 = VERTEX_POINT('',#829);
#829 = CARTESIAN_POINT('',(-4.,-13.35,5.75));
#830 = SURFACE_CURVE('',#831,(#836),.PCURVE_S1.);
#831 = CIRCLE('',#832,0.3);
#832 = AXIS2_PLACEMENT_3D('',#833,#834,#835);
#833 = CARTESIAN_POINT('',(-4.,-13.35,5.45));
#834 = DIRECTION('',(-1.,0.,-2.22044604925E-16));
#835 = DIRECTION('',(-2.22044604925E-16,0.,1.));
#836 = PCURVE('',#782,#837);
#837 = DEFINITIONAL_REPRESENTATION('',(#838),#842);
#838 = CIRCLE('',#839,0.3);
#839 = AXIS2_PLACEMENT_2D('',#840,#841);
#840 = CARTESIAN_POINT('',(-0.3,0.3));
#841 = DIRECTION('',(1.,0.));
#842 = ( GEOMETRIC_REPRESENTATION_CONTEXT(2) 
PARAMETRIC_REPRESENTATION_CONTEXT() REPRESENTATION_CONTEXT('2D SPACE',''
  ) );
#843 = ORIENTED_EDGE('',*,*,#844,.T.);
#844 = EDGE_CURVE('',#828,#845,#847,.T.);
#845 = VERTEX_POINT('',#846);
#846 = CARTESIAN_POINT('',(-4.,-11.85,5.75));
#847 = SURFACE_CURVE('',#848,(#852),.PCURVE_S1.);
#848 = LINE('',#849,#850);
#849 = CARTESIAN_POINT('',(-4.,-13.65,5.75));
#850 = VECTOR('',#851,1.);
#851 = DIRECTION('',(0.,1.,0.));
#852 = PCURVE('',#782,#853);
#853 = DEFINITIONAL_REPRESENTATION('',(#854),#858);
#854 = LINE('',#855,#856);
#855 = CARTESIAN_POINT('',(0.,0.));
#856 = VECTOR('',#857,1.);
#857 = DIRECTION('',(0.,1.));
#858 = ( GEOMETRIC_REPRESENTATION_CONTEXT(2) 
PARAMETRIC_REPRESENTATION_CONTEXT() REPRESENTATION_CONTEXT('2D SPACE',''
  ) );
#859 = ORIENTED_EDGE('',*,*,#860,.F.);
#860 = EDGE_CURVE('',#774,#845,#861,.T.);
#861 = SURFACE_CURVE('',#862,(#866),.PCURVE_S1.);
#862 = LINE('',#863,#864);
#863 = CARTESIAN_POINT('',(-4.,-11.85,5.75));
#864 = VECTOR('',#865,1.);
#865 = DIRECTION('',(-2.22044604925E-16,0.,1.));
#866 = PCURVE('',#782,#867);
#867 = DEFINITIONAL_REPRESENTATION('',(#868),#872);
#868 = LINE('',#869,#870);
#869 = CARTESIAN_POINT('',(0.,1.8));
#870 = VECTOR('',#871,1.);
#871 = DIRECTION('',(1.,0.));
#872 = ( GEOMETRIC_REPRESENTATION_CONTEXT(2) 
PARAMETRIC_REPRESENTATION_CONTEXT() REPRESENTATION_CONTEXT('2D SPACE',''
  ) );
#873 = FACE_BOUND('',#874,.T.);
#874 = EDGE_LOOP('',(#875,#898));
#875 = ORIENTED_EDGE('',*,*,#876,.T.);
#876 = EDGE_CURVE('',#877,#879,#881,.T.);
#877 = VERTEX_POINT('',#878);
#878 = CARTESIAN_POINT('',(-4.,-13.15,5.3));
#879 = VERTEX_POINT('',#880);
#880 = CARTESIAN_POINT('',(-4.,-13.15,4.7));
#881 = SURFACE_CURVE('',#882,(#887),.PCURVE_S1.);
#882 = CIRCLE('',#883,0.3);
#883 = AXIS2_PLACEMENT_3D('',#884,#885,#886);
#884 = CARTESIAN_POINT('',(-4.,-13.15,5.));
#885 = DIRECTION('',(1.,-0.,2.22044604925E-16));
#886 = DIRECTION('',(2.22044604925E-16,0.,-1.));
#887 = PCURVE('',#782,#888);
#888 = DEFINITIONAL_REPRESENTATION('',(#889),#897);
#889 = ( BOUNDED_CURVE() B_SPLINE_CURVE(2,(#890,#891,#892,#893,#894,#895
,#896),.UNSPECIFIED.,.T.,.F.) B_SPLINE_CURVE_WITH_KNOTS((1,2,2,2,2,1),(
    -2.094395102393,0.,2.094395102393,4.188790204786,6.28318530718,
8.377580409573),.UNSPECIFIED.) CURVE() GEOMETRIC_REPRESENTATION_ITEM() 
RATIONAL_B_SPLINE_CURVE((1.,0.5,1.,0.5,1.,0.5,1.)) REPRESENTATION_ITEM(
  '') );
#890 = CARTESIAN_POINT('',(-1.05,0.5));
#891 = CARTESIAN_POINT('',(-1.05,1.019615242271));
#892 = CARTESIAN_POINT('',(-0.6,0.759807621135));
#893 = CARTESIAN_POINT('',(-0.15,0.5));
#894 = CARTESIAN_POINT('',(-0.6,0.240192378865));
#895 = CARTESIAN_POINT('',(-1.05,-1.961524227066E-02));
#896 = CARTESIAN_POINT('',(-1.05,0.5));
#897 = ( GEOMETRIC_REPRESENTATION_CONTEXT(2) 
PARAMETRIC_REPRESENTATION_CONTEXT() REPRESENTATION_CONTEXT('2D SPACE',''
  ) );
#898 = ORIENTED_EDGE('',*,*,#899,.T.);
#899 = EDGE_CURVE('',#879,#877,#900,.T.);
#900 = SURFACE_CURVE('',#901,(#906),.PCURVE_S1.);
#901 = CIRCLE('',#902,0.3);
#902 = AXIS2_PLACEMENT_3D('',#903,#904,#905);
#903 = CARTESIAN_POINT('',(-4.,-13.15,5.));
#904 = DIRECTION('',(1.,-0.,2.22044604925E-16));
#905 = DIRECTION('',(2.22044604925E-16,0.,-1.));
#906 = PCURVE('',#782,#907);
#907 = DEFINITIONAL_REPRESENTATION('',(#908),#916);
#908 = ( BOUNDED_CURVE() B_SPLINE_CURVE(2,(#909,#910,#911,#912,#913,#914
,#915),.UNSPECIFIED.,.T.,.F.) B_SPLINE_CURVE_WITH_KNOTS((1,2,2,2,2,1),(
    -2.094395102393,0.,2.094395102393,4.188790204786,6.28318530718,
8.377580409573),.UNSPECIFIED.) CURVE() GEOMETRIC_REPRESENTATION_ITEM() 
RATIONAL_B_SPLINE_CURVE((1.,0.5,1.,0.5,1.,0.5,1.)) REPRESENTATION_ITEM(
  '') );
#909 = CARTESIAN_POINT('',(-1.05,0.5));
#910 = CARTESIAN_POINT('',(-1.05,1.019615242271));
#911 = CARTESIAN_POINT('',(-0.6,0.759807621135));
#912 = CARTESIAN_POINT('',(-0.15,0.5));
#913 = CARTESIAN_POINT('',(-0.6,0.240192378865));
#914 = CARTESIAN_POINT('',(-1.05,-1.961524227066E-02));
#915 = CARTESIAN_POINT('',(-1.05,0.5));
#916 = ( GEOMETRIC_REPRESENTATION_CONTEXT(2) 
PARAMETRIC_REPRESENTATION_CONTEXT() REPRESENTATION_CONTEXT('2D SPACE',''
  ) );
#917 = SHELL_BASED_SURFACE_MODEL('',(#918));
#918 = OPEN_SHELL('',(#919));
#919 = ADVANCED_FACE('',(#920),#934,.T.);
#920 = FACE_BOUND('',#921,.T.);
#921 = EDGE_LOOP('',(#922,#945,#961,#977));
#922 = ORIENTED_EDGE('',*,*,#923,.F.);
#923 = EDGE_CURVE('',#924,#926,#928,.T.);
#924 = VERTEX_POINT('',#925);
#925 = CARTESIAN_POINT('',(-4.,-13.65,4.55));
#926 = VERTEX_POINT('',#927);
#927 = CARTESIAN_POINT('',(-4.,-13.65,5.45));
#928 = SURFACE_CURVE('',#929,(#933),.PCURVE_S1.);
#929 = LINE('',#930,#931);
#930 = CARTESIAN_POINT('',(-4.,-13.65,5.75));
#931 = VECTOR('',#932,1.);
#932 = DIRECTION('',(-2.22044604925E-16,0.,1.));
#933 = PCURVE('',#934,#939);
#934 = PLANE('',#935);
#935 = AXIS2_PLACEMENT_3D('',#936,#937,#938);
#936 = CARTESIAN_POINT('',(0.,-13.65,5.));
#937 = DIRECTION('',(0.,-1.,0.));
#938 = DIRECTION('',(1.,0.,2.22044604925E-16));
#939 = DEFINITIONAL_REPRESENTATION('',(#940),#944);
#940 = LINE('',#941,#942);
#941 = CARTESIAN_POINT('',(-4.,0.75));
#942 = VECTOR('',#943,1.);
#943 = DIRECTION('',(0.,1.));
#944 = ( GEOMETRIC_REPRESENTATION_CONTEXT(2) 
PARAMETRIC_REPRESENTATION_CONTEXT() REPRESENTATION_CONTEXT('2D SPACE',''
  ) );
#945 = ORIENTED_EDGE('',*,*,#946,.T.);
#946 = EDGE_CURVE('',#924,#947,#949,.T.);
#947 = VERTEX_POINT('',#948);
#948 = CARTESIAN_POINT('',(-3.5,-13.65,4.55));
#949 = SURFACE_CURVE('',#950,(#954),.PCURVE_S1.);
#950 = LINE('',#951,#952);
#951 = CARTESIAN_POINT('',(2.341876692569E-18,-13.65,4.55));
#952 = VECTOR('',#953,1.);
#953 = DIRECTION('',(1.,0.,5.20417042793E-18));
#954 = PCURVE('',#934,#955);
#955 = DEFINITIONAL_REPRESENTATION('',(#956),#960);
#956 = LINE('',#957,#958);
#957 = CARTESIAN_POINT('',(-9.75781955237E-17,-0.45));
#958 = VECTOR('',#959,1.);
#959 = DIRECTION('',(1.,-2.168404344971E-16));
#960 = ( GEOMETRIC_REPRESENTATION_CONTEXT(2) 
PARAMETRIC_REPRESENTATION_CONTEXT() REPRESENTATION_CONTEXT('2D SPACE',''
  ) );
#961 = ORIENTED_EDGE('',*,*,#962,.F.);
#962 = EDGE_CURVE('',#963,#947,#965,.T.);
#963 = VERTEX_POINT('',#964);
#964 = CARTESIAN_POINT('',(-3.5,-13.65,5.45));
#965 = SURFACE_CURVE('',#966,(#970),.PCURVE_S1.);
#966 = LINE('',#967,#968);
#967 = CARTESIAN_POINT('',(-3.5,-13.65,5.75));
#968 = VECTOR('',#969,1.);
#969 = DIRECTION('',(2.22044604925E-16,0.,-1.));
#970 = PCURVE('',#934,#971);
#971 = DEFINITIONAL_REPRESENTATION('',(#972),#976);
#972 = LINE('',#973,#974);
#973 = CARTESIAN_POINT('',(-3.5,0.75));
#974 = VECTOR('',#975,1.);
#975 = DIRECTION('',(0.,-1.));
#976 = ( GEOMETRIC_REPRESENTATION_CONTEXT(2) 
PARAMETRIC_REPRESENTATION_CONTEXT() REPRESENTATION_CONTEXT('2D SPACE',''
  ) );
#977 = ORIENTED_EDGE('',*,*,#978,.T.);
#978 = EDGE_CURVE('',#963,#926,#979,.T.);
#979 = SURFACE_CURVE('',#980,(#984),.PCURVE_S1.);
#980 = LINE('',#981,#982);
#981 = CARTESIAN_POINT('',(-9.992007221626E-17,-13.65,5.45));
#982 = VECTOR('',#983,1.);
#983 = DIRECTION('',(-1.,-0.,-2.22044604925E-16));
#984 = PCURVE('',#934,#985);
#985 = DEFINITIONAL_REPRESENTATION('',(#986),#990);
#986 = LINE('',#987,#988);
#987 = CARTESIAN_POINT('',(0.,0.45));
#988 = VECTOR('',#989,1.);
#989 = DIRECTION('',(-1.,0.));
#990 = ( GEOMETRIC_REPRESENTATION_CONTEXT(2) 
PARAMETRIC_REPRESENTATION_CONTEXT() REPRESENTATION_CONTEXT('2D SPACE',''
  ) );
#991 = SHELL_BASED_SURFACE_MODEL('',(#992));
#992 = OPEN_SHELL('',(#993));
#993 = ADVANCED_FACE('',(#994),#1009,.T.);
#994 = FACE_BOUND('',#995,.T.);
#995 = EDGE_LOOP('',(#996,#1020,#1036,#1053));
#996 = ORIENTED_EDGE('',*,*,#997,.F.);
#997 = EDGE_CURVE('',#998,#1000,#1002,.T.);
#998 = VERTEX_POINT('',#999);
#999 = CARTESIAN_POINT('',(-3.5,-13.65,4.55));
#1000 = VERTEX_POINT('',#1001);
#1001 = CARTESIAN_POINT('',(-3.5,-13.35,4.25));
#1002 = SURFACE_CURVE('',#1003,(#1008),.PCURVE_S1.);
#1003 = CIRCLE('',#1004,0.3);
#1004 = AXIS2_PLACEMENT_3D('',#1005,#1006,#1007);
#1005 = CARTESIAN_POINT('',(-3.5,-13.35,4.55));
#1006 = DIRECTION('',(1.,-0.,2.22044604925E-16));
#1007 = DIRECTION('',(2.22044604925E-16,0.,-1.));
#1008 = PCURVE('',#1009,#1014);
#1009 = CYLINDRICAL_SURFACE('',#1010,0.3);
#1010 = AXIS2_PLACEMENT_3D('',#1011,#1012,#1013);
#1011 = CARTESIAN_POINT('',(-4.,-13.35,4.55));
#1012 = DIRECTION('',(-1.,0.,-5.20417042793E-18));
#1013 = DIRECTION('',(-5.20417042793E-18,0.,1.));
#1014 = DEFINITIONAL_REPRESENTATION('',(#1015),#1019);
#1015 = LINE('',#1016,#1017);
#1016 = CARTESIAN_POINT('',(9.424777960769,-0.5));
#1017 = VECTOR('',#1018,1.);
#1018 = DIRECTION('',(-1.,0.));
#1019 = ( GEOMETRIC_REPRESENTATION_CONTEXT(2) 
PARAMETRIC_REPRESENTATION_CONTEXT() REPRESENTATION_CONTEXT('2D SPACE',''
  ) );
#1020 = ORIENTED_EDGE('',*,*,#1021,.F.);
#1021 = EDGE_CURVE('',#1022,#998,#1024,.T.);
#1022 = VERTEX_POINT('',#1023);
#1023 = CARTESIAN_POINT('',(-4.,-13.65,4.55));
#1024 = SURFACE_CURVE('',#1025,(#1029),.PCURVE_S1.);
#1025 = LINE('',#1026,#1027);
#1026 = CARTESIAN_POINT('',(2.341876692569E-18,-13.65,4.55));
#1027 = VECTOR('',#1028,1.);
#1028 = DIRECTION('',(1.,0.,5.20417042793E-18));
#1029 = PCURVE('',#1009,#1030);
#1030 = DEFINITIONAL_REPRESENTATION('',(#1031),#1035);
#1031 = LINE('',#1032,#1033);
#1032 = CARTESIAN_POINT('',(4.712388980385,-4.));
#1033 = VECTOR('',#1034,1.);
#1034 = DIRECTION('',(0.,-1.));
#1035 = ( GEOMETRIC_REPRESENTATION_CONTEXT(2) 
PARAMETRIC_REPRESENTATION_CONTEXT() REPRESENTATION_CONTEXT('2D SPACE',''
  ) );
#1036 = ORIENTED_EDGE('',*,*,#1037,.F.);
#1037 = EDGE_CURVE('',#1038,#1022,#1040,.T.);
#1038 = VERTEX_POINT('',#1039);
#1039 = CARTESIAN_POINT('',(-4.,-13.35,4.25));
#1040 = SURFACE_CURVE('',#1041,(#1046),.PCURVE_S1.);
#1041 = CIRCLE('',#1042,0.3);
#1042 = AXIS2_PLACEMENT_3D('',#1043,#1044,#1045);
#1043 = CARTESIAN_POINT('',(-4.,-13.35,4.55));
#1044 = DIRECTION('',(-1.,0.,-2.22044604925E-16));
#1045 = DIRECTION('',(-2.22044604925E-16,0.,1.));
#1046 = PCURVE('',#1009,#1047);
#1047 = DEFINITIONAL_REPRESENTATION('',(#1048),#1052);
#1048 = LINE('',#1049,#1050);
#1049 = CARTESIAN_POINT('',(0.,0.));
#1050 = VECTOR('',#1051,1.);
#1051 = DIRECTION('',(1.,0.));
#1052 = ( GEOMETRIC_REPRESENTATION_CONTEXT(2) 
PARAMETRIC_REPRESENTATION_CONTEXT() REPRESENTATION_CONTEXT('2D SPACE',''
  ) );
#1053 = ORIENTED_EDGE('',*,*,#1054,.F.);
#1054 = EDGE_CURVE('',#1000,#1038,#1055,.T.);
#1055 = SURFACE_CURVE('',#1056,(#1060),.PCURVE_S1.);
#1056 = LINE('',#1057,#1058);
#1057 = CARTESIAN_POINT('',(-4.,-13.35,4.25));
#1058 = VECTOR('',#1059,1.);
#1059 = DIRECTION('',(-1.,0.,-5.20417042793E-18));
#1060 = PCURVE('',#1009,#1061);
#1061 = DEFINITIONAL_REPRESENTATION('',(#1062),#1066);
#1062 = LINE('',#1063,#1064);
#1063 = CARTESIAN_POINT('',(3.14159265359,0.));
#1064 = VECTOR('',#1065,1.);
#1065 = DIRECTION('',(0.,1.));
#1066 = ( GEOMETRIC_REPRESENTATION_CONTEXT(2) 
PARAMETRIC_REPRESENTATION_CONTEXT() REPRESENTATION_CONTEXT('2D SPACE',''
  ) );
#1067 = SHELL_BASED_SURFACE_MODEL('',(#1068));
#1068 = OPEN_SHELL('',(#1069));
#1069 = ADVANCED_FACE('',(#1070),#1084,.F.);
#1070 = FACE_BOUND('',#1071,.F.);
#1071 = EDGE_LOOP('',(#1072,#1095,#1112,#1128));
#1072 = ORIENTED_EDGE('',*,*,#1073,.T.);
#1073 = EDGE_CURVE('',#1074,#1076,#1078,.T.);
#1074 = VERTEX_POINT('',#1075);
#1075 = CARTESIAN_POINT('',(3.5,-13.15,4.7));
#1076 = VERTEX_POINT('',#1077);
#1077 = CARTESIAN_POINT('',(4.,-13.15,4.7));
#1078 = SURFACE_CURVE('',#1079,(#1083),.PCURVE_S1.);
#1079 = LINE('',#1080,#1081);
#1080 = CARTESIAN_POINT('',(3.,-13.15,4.7));
#1081 = VECTOR('',#1082,1.);
#1082 = DIRECTION('',(1.,0.,2.22044604925E-16));
#1083 = PCURVE('',#1084,#1089);
#1084 = CYLINDRICAL_SURFACE('',#1085,0.3);
#1085 = AXIS2_PLACEMENT_3D('',#1086,#1087,#1088);
#1086 = CARTESIAN_POINT('',(3.,-13.15,5.));
#1087 = DIRECTION('',(1.,0.,2.22044604925E-16));
#1088 = DIRECTION('',(2.22044604925E-16,0.,-1.));
#1089 = DEFINITIONAL_REPRESENTATION('',(#1090),#1094);
#1090 = LINE('',#1091,#1092);
#1091 = CARTESIAN_POINT('',(6.28318530718,0.));
#1092 = VECTOR('',#1093,1.);
#1093 = DIRECTION('',(0.,1.));
#1094 = ( GEOMETRIC_REPRESENTATION_CONTEXT(2) 
PARAMETRIC_REPRESENTATION_CONTEXT() REPRESENTATION_CONTEXT('2D SPACE',''
  ) );
#1095 = ORIENTED_EDGE('',*,*,#1096,.F.);
#1096 = EDGE_CURVE('',#1097,#1076,#1099,.T.);
#1097 = VERTEX_POINT('',#1098);
#1098 = CARTESIAN_POINT('',(4.,-13.15,5.3));
#1099 = SURFACE_CURVE('',#1100,(#1105),.PCURVE_S1.);
#1100 = CIRCLE('',#1101,0.3);
#1101 = AXIS2_PLACEMENT_3D('',#1102,#1103,#1104);
#1102 = CARTESIAN_POINT('',(4.,-13.15,5.));
#1103 = DIRECTION('',(1.,-0.,2.22044604925E-16));
#1104 = DIRECTION('',(2.22044604925E-16,0.,-1.));
#1105 = PCURVE('',#1084,#1106);
#1106 = DEFINITIONAL_REPRESENTATION('',(#1107),#1111);
#1107 = LINE('',#1108,#1109);
#1108 = CARTESIAN_POINT('',(0.,1.));
#1109 = VECTOR('',#1110,1.);
#1110 = DIRECTION('',(1.,0.));
#1111 = ( GEOMETRIC_REPRESENTATION_CONTEXT(2) 
PARAMETRIC_REPRESENTATION_CONTEXT() REPRESENTATION_CONTEXT('2D SPACE',''
  ) );
#1112 = ORIENTED_EDGE('',*,*,#1113,.F.);
#1113 = EDGE_CURVE('',#1114,#1097,#1116,.T.);
#1114 = VERTEX_POINT('',#1115);
#1115 = CARTESIAN_POINT('',(3.5,-13.15,5.3));
#1116 = SURFACE_CURVE('',#1117,(#1121),.PCURVE_S1.);
#1117 = LINE('',#1118,#1119);
#1118 = CARTESIAN_POINT('',(3.,-13.15,5.3));
#1119 = VECTOR('',#1120,1.);
#1120 = DIRECTION('',(1.,0.,2.22044604925E-16));
#1121 = PCURVE('',#1084,#1122);
#1122 = DEFINITIONAL_REPRESENTATION('',(#1123),#1127);
#1123 = LINE('',#1124,#1125);
#1124 = CARTESIAN_POINT('',(3.14159265359,0.));
#1125 = VECTOR('',#1126,1.);
#1126 = DIRECTION('',(0.,1.));
#1127 = ( GEOMETRIC_REPRESENTATION_CONTEXT(2) 
PARAMETRIC_REPRESENTATION_CONTEXT() REPRESENTATION_CONTEXT('2D SPACE',''
  ) );
#1128 = ORIENTED_EDGE('',*,*,#1129,.T.);
#1129 = EDGE_CURVE('',#1114,#1074,#1130,.T.);
#1130 = SURFACE_CURVE('',#1131,(#1136),.PCURVE_S1.);
#1131 = CIRCLE('',#1132,0.3);
#1132 = AXIS2_PLACEMENT_3D('',#1133,#1134,#1135);
#1133 = CARTESIAN_POINT('',(3.5,-13.15,5.));
#1134 = DIRECTION('',(1.,-0.,2.22044604925E-16));
#1135 = DIRECTION('',(2.22044604925E-16,0.,-1.));
#1136 = PCURVE('',#1084,#1137);
#1137 = DEFINITIONAL_REPRESENTATION('',(#1138),#1142);
#1138 = LINE('',#1139,#1140);
#1139 = CARTESIAN_POINT('',(0.,0.5));
#1140 = VECTOR('',#1141,1.);
#1141 = DIRECTION('',(1.,0.));
#1142 = ( GEOMETRIC_REPRESENTATION_CONTEXT(2) 
PARAMETRIC_REPRESENTATION_CONTEXT() REPRESENTATION_CONTEXT('2D SPACE',''
  ) );
#1143 = SHELL_BASED_SURFACE_MODEL('',(#1144));
#1144 = OPEN_SHELL('',(#1145));
#1145 = ADVANCED_FACE('',(#1146),#1160,.F.);
#1146 = FACE_BOUND('',#1147,.T.);
#1147 = EDGE_LOOP('',(#1148,#1171,#1187,#1203));
#1148 = ORIENTED_EDGE('',*,*,#1149,.F.);
#1149 = EDGE_CURVE('',#1150,#1152,#1154,.T.);
#1150 = VERTEX_POINT('',#1151);
#1151 = CARTESIAN_POINT('',(3.5,-13.35,5.75));
#1152 = VERTEX_POINT('',#1153);
#1153 = CARTESIAN_POINT('',(3.5,-11.85,5.75));
#1154 = SURFACE_CURVE('',#1155,(#1159),.PCURVE_S1.);
#1155 = LINE('',#1156,#1157);
#1156 = CARTESIAN_POINT('',(3.5,-13.65,5.75));
#1157 = VECTOR('',#1158,1.);
#1158 = DIRECTION('',(0.,1.,0.));
#1159 = PCURVE('',#1160,#1165);
#1160 = PLANE('',#1161);
#1161 = AXIS2_PLACEMENT_3D('',#1162,#1163,#1164);
#1162 = CARTESIAN_POINT('',(4.,-13.65,5.75));
#1163 = DIRECTION('',(2.22044604925E-16,0.,-1.));
#1164 = DIRECTION('',(-1.,0.,-2.22044604925E-16));
#1165 = DEFINITIONAL_REPRESENTATION('',(#1166),#1170);
#1166 = LINE('',#1167,#1168);
#1167 = CARTESIAN_POINT('',(0.5,0.));
#1168 = VECTOR('',#1169,1.);
#1169 = DIRECTION('',(0.,1.));
#1170 = ( GEOMETRIC_REPRESENTATION_CONTEXT(2) 
PARAMETRIC_REPRESENTATION_CONTEXT() REPRESENTATION_CONTEXT('2D SPACE',''
  ) );
#1171 = ORIENTED_EDGE('',*,*,#1172,.T.);
#1172 = EDGE_CURVE('',#1150,#1173,#1175,.T.);
#1173 = VERTEX_POINT('',#1174);
#1174 = CARTESIAN_POINT('',(4.,-13.35,5.75));
#1175 = SURFACE_CURVE('',#1176,(#1180),.PCURVE_S1.);
#1176 = LINE('',#1177,#1178);
#1177 = CARTESIAN_POINT('',(4.,-13.35,5.75));
#1178 = VECTOR('',#1179,1.);
#1179 = DIRECTION('',(1.,0.,2.22044604925E-16));
#1180 = PCURVE('',#1160,#1181);
#1181 = DEFINITIONAL_REPRESENTATION('',(#1182),#1186);
#1182 = LINE('',#1183,#1184);
#1183 = CARTESIAN_POINT('',(0.,0.3));
#1184 = VECTOR('',#1185,1.);
#1185 = DIRECTION('',(-1.,0.));
#1186 = ( GEOMETRIC_REPRESENTATION_CONTEXT(2) 
PARAMETRIC_REPRESENTATION_CONTEXT() REPRESENTATION_CONTEXT('2D SPACE',''
  ) );
#1187 = ORIENTED_EDGE('',*,*,#1188,.T.);
#1188 = EDGE_CURVE('',#1173,#1189,#1191,.T.);
#1189 = VERTEX_POINT('',#1190);
#1190 = CARTESIAN_POINT('',(4.,-11.85,5.75));
#1191 = SURFACE_CURVE('',#1192,(#1196),.PCURVE_S1.);
#1192 = LINE('',#1193,#1194);
#1193 = CARTESIAN_POINT('',(4.,-13.65,5.75));
#1194 = VECTOR('',#1195,1.);
#1195 = DIRECTION('',(0.,1.,0.));
#1196 = PCURVE('',#1160,#1197);
#1197 = DEFINITIONAL_REPRESENTATION('',(#1198),#1202);
#1198 = LINE('',#1199,#1200);
#1199 = CARTESIAN_POINT('',(0.,0.));
#1200 = VECTOR('',#1201,1.);
#1201 = DIRECTION('',(0.,1.));
#1202 = ( GEOMETRIC_REPRESENTATION_CONTEXT(2) 
PARAMETRIC_REPRESENTATION_CONTEXT() REPRESENTATION_CONTEXT('2D SPACE',''
  ) );
#1203 = ORIENTED_EDGE('',*,*,#1204,.T.);
#1204 = EDGE_CURVE('',#1189,#1152,#1205,.T.);
#1205 = SURFACE_CURVE('',#1206,(#1210),.PCURVE_S1.);
#1206 = LINE('',#1207,#1208);
#1207 = CARTESIAN_POINT('',(4.,-11.85,5.75));
#1208 = VECTOR('',#1209,1.);
#1209 = DIRECTION('',(-1.,0.,-2.22044604925E-16));
#1210 = PCURVE('',#1160,#1211);
#1211 = DEFINITIONAL_REPRESENTATION('',(#1212),#1216);
#1212 = LINE('',#1213,#1214);
#1213 = CARTESIAN_POINT('',(0.,1.8));
#1214 = VECTOR('',#1215,1.);
#1215 = DIRECTION('',(1.,0.));
#1216 = ( GEOMETRIC_REPRESENTATION_CONTEXT(2) 
PARAMETRIC_REPRESENTATION_CONTEXT() REPRESENTATION_CONTEXT('2D SPACE',''
  ) );
#1217 = SHELL_BASED_SURFACE_MODEL('',(#1218));
#1218 = OPEN_SHELL('',(#1219));
#1219 = ADVANCED_FACE('',(#1220),#1234,.F.);
#1220 = FACE_BOUND('',#1221,.T.);
#1221 = EDGE_LOOP('',(#1222,#1245,#1261,#1277));
#1222 = ORIENTED_EDGE('',*,*,#1223,.F.);
#1223 = EDGE_CURVE('',#1224,#1226,#1228,.T.);
#1224 = VERTEX_POINT('',#1225);
#1225 = CARTESIAN_POINT('',(4.,-13.35,4.25));
#1226 = VERTEX_POINT('',#1227);
#1227 = CARTESIAN_POINT('',(4.,-11.85,4.25));
#1228 = SURFACE_CURVE('',#1229,(#1233),.PCURVE_S1.);
#1229 = LINE('',#1230,#1231);
#1230 = CARTESIAN_POINT('',(4.,-13.65,4.25));
#1231 = VECTOR('',#1232,1.);
#1232 = DIRECTION('',(0.,1.,0.));
#1233 = PCURVE('',#1234,#1239);
#1234 = PLANE('',#1235);
#1235 = AXIS2_PLACEMENT_3D('',#1236,#1237,#1238);
#1236 = CARTESIAN_POINT('',(4.,-13.65,4.25));
#1237 = DIRECTION('',(-4.388850394221E-16,0.,1.));
#1238 = DIRECTION('',(1.,0.,4.388850394221E-16));
#1239 = DEFINITIONAL_REPRESENTATION('',(#1240),#1244);
#1240 = LINE('',#1241,#1242);
#1241 = CARTESIAN_POINT('',(0.,0.));
#1242 = VECTOR('',#1243,1.);
#1243 = DIRECTION('',(0.,1.));
#1244 = ( GEOMETRIC_REPRESENTATION_CONTEXT(2) 
PARAMETRIC_REPRESENTATION_CONTEXT() REPRESENTATION_CONTEXT('2D SPACE',''
  ) );
#1245 = ORIENTED_EDGE('',*,*,#1246,.T.);
#1246 = EDGE_CURVE('',#1224,#1247,#1249,.T.);
#1247 = VERTEX_POINT('',#1248);
#1248 = CARTESIAN_POINT('',(3.5,-13.35,4.25));
#1249 = SURFACE_CURVE('',#1250,(#1254),.PCURVE_S1.);
#1250 = LINE('',#1251,#1252);
#1251 = CARTESIAN_POINT('',(3.5,-13.35,4.25));
#1252 = VECTOR('',#1253,1.);
#1253 = DIRECTION('',(-1.,0.,-4.388850394221E-16));
#1254 = PCURVE('',#1234,#1255);
#1255 = DEFINITIONAL_REPRESENTATION('',(#1256),#1260);
#1256 = LINE('',#1257,#1258);
#1257 = CARTESIAN_POINT('',(-0.5,0.3));
#1258 = VECTOR('',#1259,1.);
#1259 = DIRECTION('',(-1.,0.));
#1260 = ( GEOMETRIC_REPRESENTATION_CONTEXT(2) 
PARAMETRIC_REPRESENTATION_CONTEXT() REPRESENTATION_CONTEXT('2D SPACE',''
  ) );
#1261 = ORIENTED_EDGE('',*,*,#1262,.T.);
#1262 = EDGE_CURVE('',#1247,#1263,#1265,.T.);
#1263 = VERTEX_POINT('',#1264);
#1264 = CARTESIAN_POINT('',(3.5,-11.85,4.25));
#1265 = SURFACE_CURVE('',#1266,(#1270),.PCURVE_S1.);
#1266 = LINE('',#1267,#1268);
#1267 = CARTESIAN_POINT('',(3.5,-13.65,4.25));
#1268 = VECTOR('',#1269,1.);
#1269 = DIRECTION('',(0.,1.,0.));
#1270 = PCURVE('',#1234,#1271);
#1271 = DEFINITIONAL_REPRESENTATION('',(#1272),#1276);
#1272 = LINE('',#1273,#1274);
#1273 = CARTESIAN_POINT('',(-0.5,0.));
#1274 = VECTOR('',#1275,1.);
#1275 = DIRECTION('',(0.,1.));
#1276 = ( GEOMETRIC_REPRESENTATION_CONTEXT(2) 
PARAMETRIC_REPRESENTATION_CONTEXT() REPRESENTATION_CONTEXT('2D SPACE',''
  ) );
#1277 = ORIENTED_EDGE('',*,*,#1278,.T.);
#1278 = EDGE_CURVE('',#1263,#1226,#1279,.T.);
#1279 = SURFACE_CURVE('',#1280,(#1284),.PCURVE_S1.);
#1280 = LINE('',#1281,#1282);
#1281 = CARTESIAN_POINT('',(4.,-11.85,4.25));
#1282 = VECTOR('',#1283,1.);
#1283 = DIRECTION('',(1.,0.,4.388850394221E-16));
#1284 = PCURVE('',#1234,#1285);
#1285 = DEFINITIONAL_REPRESENTATION('',(#1286),#1290);
#1286 = LINE('',#1287,#1288);
#1287 = CARTESIAN_POINT('',(0.,1.8));
#1288 = VECTOR('',#1289,1.);
#1289 = DIRECTION('',(1.,0.));
#1290 = ( GEOMETRIC_REPRESENTATION_CONTEXT(2) 
PARAMETRIC_REPRESENTATION_CONTEXT() REPRESENTATION_CONTEXT('2D SPACE',''
  ) );
#1291 = SHELL_BASED_SURFACE_MODEL('',(#1292));
#1292 = OPEN_SHELL('',(#1293));
#1293 = ADVANCED_FACE('',(#1294),#1309,.T.);
#1294 = FACE_BOUND('',#1295,.T.);
#1295 = EDGE_LOOP('',(#1296,#1320,#1336,#1353));
#1296 = ORIENTED_EDGE('',*,*,#1297,.F.);
#1297 = EDGE_CURVE('',#1298,#1300,#1302,.T.);
#1298 = VERTEX_POINT('',#1299);
#1299 = CARTESIAN_POINT('',(3.5,-13.35,4.25));
#1300 = VERTEX_POINT('',#1301);
#1301 = CARTESIAN_POINT('',(3.5,-13.65,4.55));
#1302 = SURFACE_CURVE('',#1303,(#1308),.PCURVE_S1.);
#1303 = CIRCLE('',#1304,0.3);
#1304 = AXIS2_PLACEMENT_3D('',#1305,#1306,#1307);
#1305 = CARTESIAN_POINT('',(3.5,-13.35,4.55));
#1306 = DIRECTION('',(-1.,-0.,-2.22044604925E-16));
#1307 = DIRECTION('',(2.22044604925E-16,0.,-1.));
#1308 = PCURVE('',#1309,#1314);
#1309 = CYLINDRICAL_SURFACE('',#1310,0.3);
#1310 = AXIS2_PLACEMENT_3D('',#1311,#1312,#1313);
#1311 = CARTESIAN_POINT('',(1.9749826774E-16,-13.35,4.55));
#1312 = DIRECTION('',(-1.,0.,-4.388850394221E-16));
#1313 = DIRECTION('',(-4.388850394221E-16,0.,1.));
#1314 = DEFINITIONAL_REPRESENTATION('',(#1315),#1319);
#1315 = LINE('',#1316,#1317);
#1316 = CARTESIAN_POINT('',(3.14159265359,-3.5));
#1317 = VECTOR('',#1318,1.);
#1318 = DIRECTION('',(1.,0.));
#1319 = ( GEOMETRIC_REPRESENTATION_CONTEXT(2) 
PARAMETRIC_REPRESENTATION_CONTEXT() REPRESENTATION_CONTEXT('2D SPACE',''
  ) );
#1320 = ORIENTED_EDGE('',*,*,#1321,.F.);
#1321 = EDGE_CURVE('',#1322,#1298,#1324,.T.);
#1322 = VERTEX_POINT('',#1323);
#1323 = CARTESIAN_POINT('',(4.,-13.35,4.25));
#1324 = SURFACE_CURVE('',#1325,(#1329),.PCURVE_S1.);
#1325 = LINE('',#1326,#1327);
#1326 = CARTESIAN_POINT('',(3.5,-13.35,4.25));
#1327 = VECTOR('',#1328,1.);
#1328 = DIRECTION('',(-1.,0.,-4.388850394221E-16));
#1329 = PCURVE('',#1309,#1330);
#1330 = DEFINITIONAL_REPRESENTATION('',(#1331),#1335);
#1331 = LINE('',#1332,#1333);
#1332 = CARTESIAN_POINT('',(3.14159265359,-3.5));
#1333 = VECTOR('',#1334,1.);
#1334 = DIRECTION('',(0.,1.));
#1335 = ( GEOMETRIC_REPRESENTATION_CONTEXT(2) 
PARAMETRIC_REPRESENTATION_CONTEXT() REPRESENTATION_CONTEXT('2D SPACE',''
  ) );
#1336 = ORIENTED_EDGE('',*,*,#1337,.F.);
#1337 = EDGE_CURVE('',#1338,#1322,#1340,.T.);
#1338 = VERTEX_POINT('',#1339);
#1339 = CARTESIAN_POINT('',(4.,-13.65,4.55));
#1340 = SURFACE_CURVE('',#1341,(#1346),.PCURVE_S1.);
#1341 = CIRCLE('',#1342,0.3);
#1342 = AXIS2_PLACEMENT_3D('',#1343,#1344,#1345);
#1343 = CARTESIAN_POINT('',(4.,-13.35,4.55));
#1344 = DIRECTION('',(1.,0.,2.22044604925E-16));
#1345 = DIRECTION('',(-2.22044604925E-16,0.,1.));
#1346 = PCURVE('',#1309,#1347);
#1347 = DEFINITIONAL_REPRESENTATION('',(#1348),#1352);
#1348 = LINE('',#1349,#1350);
#1349 = CARTESIAN_POINT('',(6.28318530718,-4.));
#1350 = VECTOR('',#1351,1.);
#1351 = DIRECTION('',(-1.,0.));
#1352 = ( GEOMETRIC_REPRESENTATION_CONTEXT(2) 
PARAMETRIC_REPRESENTATION_CONTEXT() REPRESENTATION_CONTEXT('2D SPACE',''
  ) );
#1353 = ORIENTED_EDGE('',*,*,#1354,.F.);
#1354 = EDGE_CURVE('',#1300,#1338,#1355,.T.);
#1355 = SURFACE_CURVE('',#1356,(#1360),.PCURVE_S1.);
#1356 = LINE('',#1357,#1358);
#1357 = CARTESIAN_POINT('',(4.,-13.65,4.55));
#1358 = VECTOR('',#1359,1.);
#1359 = DIRECTION('',(1.,0.,4.388850394221E-16));
#1360 = PCURVE('',#1309,#1361);
#1361 = DEFINITIONAL_REPRESENTATION('',(#1362),#1366);
#1362 = LINE('',#1363,#1364);
#1363 = CARTESIAN_POINT('',(4.712388980385,-4.));
#1364 = VECTOR('',#1365,1.);
#1365 = DIRECTION('',(0.,-1.));
#1366 = ( GEOMETRIC_REPRESENTATION_CONTEXT(2) 
PARAMETRIC_REPRESENTATION_CONTEXT() REPRESENTATION_CONTEXT('2D SPACE',''
  ) );
#1367 = SHELL_BASED_SURFACE_MODEL('',(#1368));
#1368 = OPEN_SHELL('',(#1369));
#1369 = ADVANCED_FACE('',(#1370),#1384,.T.);
#1370 = FACE_BOUND('',#1371,.T.);
#1371 = EDGE_LOOP('',(#1372,#1395,#1411,#1427));
#1372 = ORIENTED_EDGE('',*,*,#1373,.T.);
#1373 = EDGE_CURVE('',#1374,#1376,#1378,.T.);
#1374 = VERTEX_POINT('',#1375);
#1375 = CARTESIAN_POINT('',(3.5,-13.65,5.45));
#1376 = VERTEX_POINT('',#1377);
#1377 = CARTESIAN_POINT('',(3.5,-13.65,4.55));
#1378 = SURFACE_CURVE('',#1379,(#1383),.PCURVE_S1.);
#1379 = LINE('',#1380,#1381);
#1380 = CARTESIAN_POINT('',(3.5,-13.65,5.75));
#1381 = VECTOR('',#1382,1.);
#1382 = DIRECTION('',(2.22044604925E-16,0.,-1.));
#1383 = PCURVE('',#1384,#1389);
#1384 = PLANE('',#1385);
#1385 = AXIS2_PLACEMENT_3D('',#1386,#1387,#1388);
#1386 = CARTESIAN_POINT('',(0.,-13.65,5.));
#1387 = DIRECTION('',(0.,-1.,0.));
#1388 = DIRECTION('',(-1.,0.,-2.22044604925E-16));
#1389 = DEFINITIONAL_REPRESENTATION('',(#1390),#1394);
#1390 = LINE('',#1391,#1392);
#1391 = CARTESIAN_POINT('',(-3.5,-0.75));
#1392 = VECTOR('',#1393,1.);
#1393 = DIRECTION('',(0.,1.));
#1394 = ( GEOMETRIC_REPRESENTATION_CONTEXT(2) 
PARAMETRIC_REPRESENTATION_CONTEXT() REPRESENTATION_CONTEXT('2D SPACE',''
  ) );
#1395 = ORIENTED_EDGE('',*,*,#1396,.T.);
#1396 = EDGE_CURVE('',#1376,#1397,#1399,.T.);
#1397 = VERTEX_POINT('',#1398);
#1398 = CARTESIAN_POINT('',(4.,-13.65,4.55));
#1399 = SURFACE_CURVE('',#1400,(#1404),.PCURVE_S1.);
#1400 = LINE('',#1401,#1402);
#1401 = CARTESIAN_POINT('',(4.,-13.65,4.55));
#1402 = VECTOR('',#1403,1.);
#1403 = DIRECTION('',(1.,0.,4.388850394221E-16));
#1404 = PCURVE('',#1384,#1405);
#1405 = DEFINITIONAL_REPRESENTATION('',(#1406),#1410);
#1406 = LINE('',#1407,#1408);
#1407 = CARTESIAN_POINT('',(-4.,0.45));
#1408 = VECTOR('',#1409,1.);
#1409 = DIRECTION('',(-1.,-2.168404344971E-16));
#1410 = ( GEOMETRIC_REPRESENTATION_CONTEXT(2) 
PARAMETRIC_REPRESENTATION_CONTEXT() REPRESENTATION_CONTEXT('2D SPACE',''
  ) );
#1411 = ORIENTED_EDGE('',*,*,#1412,.T.);
#1412 = EDGE_CURVE('',#1397,#1413,#1415,.T.);
#1413 = VERTEX_POINT('',#1414);
#1414 = CARTESIAN_POINT('',(4.,-13.65,5.45));
#1415 = SURFACE_CURVE('',#1416,(#1420),.PCURVE_S1.);
#1416 = LINE('',#1417,#1418);
#1417 = CARTESIAN_POINT('',(4.,-13.65,5.75));
#1418 = VECTOR('',#1419,1.);
#1419 = DIRECTION('',(-2.22044604925E-16,-0.,1.));
#1420 = PCURVE('',#1384,#1421);
#1421 = DEFINITIONAL_REPRESENTATION('',(#1422),#1426);
#1422 = LINE('',#1423,#1424);
#1423 = CARTESIAN_POINT('',(-4.,-0.75));
#1424 = VECTOR('',#1425,1.);
#1425 = DIRECTION('',(0.,-1.));
#1426 = ( GEOMETRIC_REPRESENTATION_CONTEXT(2) 
PARAMETRIC_REPRESENTATION_CONTEXT() REPRESENTATION_CONTEXT('2D SPACE',''
  ) );
#1427 = ORIENTED_EDGE('',*,*,#1428,.T.);
#1428 = EDGE_CURVE('',#1413,#1374,#1429,.T.);
#1429 = SURFACE_CURVE('',#1430,(#1434),.PCURVE_S1.);
#1430 = LINE('',#1431,#1432);
#1431 = CARTESIAN_POINT('',(3.5,-13.65,5.45));
#1432 = VECTOR('',#1433,1.);
#1433 = DIRECTION('',(-1.,0.,-2.22044604925E-16));
#1434 = PCURVE('',#1384,#1435);
#1435 = DEFINITIONAL_REPRESENTATION('',(#1436),#1440);
#1436 = LINE('',#1437,#1438);
#1437 = CARTESIAN_POINT('',(-3.5,-0.45));
#1438 = VECTOR('',#1439,1.);
#1439 = DIRECTION('',(1.,0.));
#1440 = ( GEOMETRIC_REPRESENTATION_CONTEXT(2) 
PARAMETRIC_REPRESENTATION_CONTEXT() REPRESENTATION_CONTEXT('2D SPACE',''
  ) );
#1441 = SHELL_BASED_SURFACE_MODEL('',(#1442));
#1442 = OPEN_SHELL('',(#1443));
#1443 = ADVANCED_FACE('',(#1444),#1459,.F.);
#1444 = FACE_BOUND('',#1445,.F.);
#1445 = EDGE_LOOP('',(#1446,#1470,#1486,#1503));
#1446 = ORIENTED_EDGE('',*,*,#1447,.F.);
#1447 = EDGE_CURVE('',#1448,#1450,#1452,.T.);
#1448 = VERTEX_POINT('',#1449);
#1449 = CARTESIAN_POINT('',(4.,-13.15,4.7));
#1450 = VERTEX_POINT('',#1451);
#1451 = CARTESIAN_POINT('',(4.,-13.15,5.3));
#1452 = SURFACE_CURVE('',#1453,(#1458),.PCURVE_S1.);
#1453 = CIRCLE('',#1454,0.3);
#1454 = AXIS2_PLACEMENT_3D('',#1455,#1456,#1457);
#1455 = CARTESIAN_POINT('',(4.,-13.15,5.));
#1456 = DIRECTION('',(1.,-0.,2.22044604925E-16));
#1457 = DIRECTION('',(2.22044604925E-16,0.,-1.));
#1458 = PCURVE('',#1459,#1464);
#1459 = CYLINDRICAL_SURFACE('',#1460,0.3);
#1460 = AXIS2_PLACEMENT_3D('',#1461,#1462,#1463);
#1461 = CARTESIAN_POINT('',(3.,-13.15,5.));
#1462 = DIRECTION('',(1.,0.,2.22044604925E-16));
#1463 = DIRECTION('',(2.22044604925E-16,0.,-1.));
#1464 = DEFINITIONAL_REPRESENTATION('',(#1465),#1469);
#1465 = LINE('',#1466,#1467);
#1466 = CARTESIAN_POINT('',(0.,1.));
#1467 = VECTOR('',#1468,1.);
#1468 = DIRECTION('',(1.,0.));
#1469 = ( GEOMETRIC_REPRESENTATION_CONTEXT(2) 
PARAMETRIC_REPRESENTATION_CONTEXT() REPRESENTATION_CONTEXT('2D SPACE',''
  ) );
#1470 = ORIENTED_EDGE('',*,*,#1471,.F.);
#1471 = EDGE_CURVE('',#1472,#1448,#1474,.T.);
#1472 = VERTEX_POINT('',#1473);
#1473 = CARTESIAN_POINT('',(3.5,-13.15,4.7));
#1474 = SURFACE_CURVE('',#1475,(#1479),.PCURVE_S1.);
#1475 = LINE('',#1476,#1477);
#1476 = CARTESIAN_POINT('',(3.,-13.15,4.7));
#1477 = VECTOR('',#1478,1.);
#1478 = DIRECTION('',(1.,0.,2.22044604925E-16));
#1479 = PCURVE('',#1459,#1480);
#1480 = DEFINITIONAL_REPRESENTATION('',(#1481),#1485);
#1481 = LINE('',#1482,#1483);
#1482 = CARTESIAN_POINT('',(0.,0.));
#1483 = VECTOR('',#1484,1.);
#1484 = DIRECTION('',(0.,1.));
#1485 = ( GEOMETRIC_REPRESENTATION_CONTEXT(2) 
PARAMETRIC_REPRESENTATION_CONTEXT() REPRESENTATION_CONTEXT('2D SPACE',''
  ) );
#1486 = ORIENTED_EDGE('',*,*,#1487,.T.);
#1487 = EDGE_CURVE('',#1472,#1488,#1490,.T.);
#1488 = VERTEX_POINT('',#1489);
#1489 = CARTESIAN_POINT('',(3.5,-13.15,5.3));
#1490 = SURFACE_CURVE('',#1491,(#1496),.PCURVE_S1.);
#1491 = CIRCLE('',#1492,0.3);
#1492 = AXIS2_PLACEMENT_3D('',#1493,#1494,#1495);
#1493 = CARTESIAN_POINT('',(3.5,-13.15,5.));
#1494 = DIRECTION('',(1.,-0.,2.22044604925E-16));
#1495 = DIRECTION('',(2.22044604925E-16,0.,-1.));
#1496 = PCURVE('',#1459,#1497);
#1497 = DEFINITIONAL_REPRESENTATION('',(#1498),#1502);
#1498 = LINE('',#1499,#1500);
#1499 = CARTESIAN_POINT('',(0.,0.5));
#1500 = VECTOR('',#1501,1.);
#1501 = DIRECTION('',(1.,0.));
#1502 = ( GEOMETRIC_REPRESENTATION_CONTEXT(2) 
PARAMETRIC_REPRESENTATION_CONTEXT() REPRESENTATION_CONTEXT('2D SPACE',''
  ) );
#1503 = ORIENTED_EDGE('',*,*,#1504,.T.);
#1504 = EDGE_CURVE('',#1488,#1450,#1505,.T.);
#1505 = SURFACE_CURVE('',#1506,(#1510),.PCURVE_S1.);
#1506 = LINE('',#1507,#1508);
#1507 = CARTESIAN_POINT('',(3.,-13.15,5.3));
#1508 = VECTOR('',#1509,1.);
#1509 = DIRECTION('',(1.,0.,2.22044604925E-16));
#1510 = PCURVE('',#1459,#1511);
#1511 = DEFINITIONAL_REPRESENTATION('',(#1512),#1516);
#1512 = LINE('',#1513,#1514);
#1513 = CARTESIAN_POINT('',(3.14159265359,0.));
#1514 = VECTOR('',#1515,1.);
#1515 = DIRECTION('',(0.,1.));
#1516 = ( GEOMETRIC_REPRESENTATION_CONTEXT(2) 
PARAMETRIC_REPRESENTATION_CONTEXT() REPRESENTATION_CONTEXT('2D SPACE',''
  ) );
#1517 = SHELL_BASED_SURFACE_MODEL('',(#1518));
#1518 = OPEN_SHELL('',(#1519));
#1519 = ADVANCED_FACE('',(#1520,#1569),#1535,.F.);
#1520 = FACE_BOUND('',#1521,.T.);
#1521 = EDGE_LOOP('',(#1522,#1550));
#1522 = ORIENTED_EDGE('',*,*,#1523,.F.);
#1523 = EDGE_CURVE('',#1524,#1526,#1528,.T.);
#1524 = VERTEX_POINT('',#1525);
#1525 = CARTESIAN_POINT('',(4.,-13.15,4.7));
#1526 = VERTEX_POINT('',#1527);
#1527 = CARTESIAN_POINT('',(4.,-13.15,5.3));
#1528 = SURFACE_CURVE('',#1529,(#1534),.PCURVE_S1.);
#1529 = CIRCLE('',#1530,0.3);
#1530 = AXIS2_PLACEMENT_3D('',#1531,#1532,#1533);
#1531 = CARTESIAN_POINT('',(4.,-13.15,5.));
#1532 = DIRECTION('',(1.,-0.,2.22044604925E-16));
#1533 = DIRECTION('',(2.22044604925E-16,0.,-1.));
#1534 = PCURVE('',#1535,#1540);
#1535 = PLANE('',#1536);
#1536 = AXIS2_PLACEMENT_3D('',#1537,#1538,#1539);
#1537 = CARTESIAN_POINT('',(4.,-13.65,5.75));
#1538 = DIRECTION('',(-1.,0.,-2.22044604925E-16));
#1539 = DIRECTION('',(-2.22044604925E-16,0.,1.));
#1540 = DEFINITIONAL_REPRESENTATION('',(#1541),#1549);
#1541 = ( BOUNDED_CURVE() B_SPLINE_CURVE(2,(#1542,#1543,#1544,#1545,
#1546,#1547,#1548),.UNSPECIFIED.,.T.,.F.) B_SPLINE_CURVE_WITH_KNOTS((1,2
    ,2,2,2,1),(-2.094395102393,0.,2.094395102393,4.188790204786,
6.28318530718,8.377580409573),.UNSPECIFIED.) CURVE() 
GEOMETRIC_REPRESENTATION_ITEM() RATIONAL_B_SPLINE_CURVE((1.,0.5,1.,0.5,
1.,0.5,1.)) REPRESENTATION_ITEM('') );
#1542 = CARTESIAN_POINT('',(-1.05,0.5));
#1543 = CARTESIAN_POINT('',(-1.05,1.019615242271));
#1544 = CARTESIAN_POINT('',(-0.6,0.759807621135));
#1545 = CARTESIAN_POINT('',(-0.15,0.5));
#1546 = CARTESIAN_POINT('',(-0.6,0.240192378865));
#1547 = CARTESIAN_POINT('',(-1.05,-1.961524227066E-02));
#1548 = CARTESIAN_POINT('',(-1.05,0.5));
#1549 = ( GEOMETRIC_REPRESENTATION_CONTEXT(2) 
PARAMETRIC_REPRESENTATION_CONTEXT() REPRESENTATION_CONTEXT('2D SPACE',''
  ) );
#1550 = ORIENTED_EDGE('',*,*,#1551,.F.);
#1551 = EDGE_CURVE('',#1526,#1524,#1552,.T.);
#1552 = SURFACE_CURVE('',#1553,(#1558),.PCURVE_S1.);
#1553 = CIRCLE('',#1554,0.3);
#1554 = AXIS2_PLACEMENT_3D('',#1555,#1556,#1557);
#1555 = CARTESIAN_POINT('',(4.,-13.15,5.));
#1556 = DIRECTION('',(1.,-0.,2.22044604925E-16));
#1557 = DIRECTION('',(2.22044604925E-16,0.,-1.));
#1558 = PCURVE('',#1535,#1559);
#1559 = DEFINITIONAL_REPRESENTATION('',(#1560),#1568);
#1560 = ( BOUNDED_CURVE() B_SPLINE_CURVE(2,(#1561,#1562,#1563,#1564,
#1565,#1566,#1567),.UNSPECIFIED.,.T.,.F.) B_SPLINE_CURVE_WITH_KNOTS((1,2
    ,2,2,2,1),(-2.094395102393,0.,2.094395102393,4.188790204786,
6.28318530718,8.377580409573),.UNSPECIFIED.) CURVE() 
GEOMETRIC_REPRESENTATION_ITEM() RATIONAL_B_SPLINE_CURVE((1.,0.5,1.,0.5,
1.,0.5,1.)) REPRESENTATION_ITEM('') );
#1561 = CARTESIAN_POINT('',(-1.05,0.5));
#1562 = CARTESIAN_POINT('',(-1.05,1.019615242271));
#1563 = CARTESIAN_POINT('',(-0.6,0.759807621135));
#1564 = CARTESIAN_POINT('',(-0.15,0.5));
#1565 = CARTESIAN_POINT('',(-0.6,0.240192378865));
#1566 = CARTESIAN_POINT('',(-1.05,-1.961524227066E-02));
#1567 = CARTESIAN_POINT('',(-1.05,0.5));
#1568 = ( GEOMETRIC_REPRESENTATION_CONTEXT(2) 
PARAMETRIC_REPRESENTATION_CONTEXT() REPRESENTATION_CONTEXT('2D SPACE',''
  ) );
#1569 = FACE_BOUND('',#1570,.T.);
#1570 = EDGE_LOOP('',(#1571,#1589,#1610,#1626,#1642,#1658));
#1571 = ORIENTED_EDGE('',*,*,#1572,.F.);
#1572 = EDGE_CURVE('',#1573,#1575,#1577,.T.);
#1573 = VERTEX_POINT('',#1574);
#1574 = CARTESIAN_POINT('',(4.,-13.65,4.55));
#1575 = VERTEX_POINT('',#1576);
#1576 = CARTESIAN_POINT('',(4.,-13.65,5.45));
#1577 = SURFACE_CURVE('',#1578,(#1582),.PCURVE_S1.);
#1578 = LINE('',#1579,#1580);
#1579 = CARTESIAN_POINT('',(4.,-13.65,5.75));
#1580 = VECTOR('',#1581,1.);
#1581 = DIRECTION('',(-2.22044604925E-16,-0.,1.));
#1582 = PCURVE('',#1535,#1583);
#1583 = DEFINITIONAL_REPRESENTATION('',(#1584),#1588);
#1584 = LINE('',#1585,#1586);
#1585 = CARTESIAN_POINT('',(0.,0.));
#1586 = VECTOR('',#1587,1.);
#1587 = DIRECTION('',(1.,0.));
#1588 = ( GEOMETRIC_REPRESENTATION_CONTEXT(2) 
PARAMETRIC_REPRESENTATION_CONTEXT() REPRESENTATION_CONTEXT('2D SPACE',''
  ) );
#1589 = ORIENTED_EDGE('',*,*,#1590,.T.);
#1590 = EDGE_CURVE('',#1573,#1591,#1593,.T.);
#1591 = VERTEX_POINT('',#1592);
#1592 = CARTESIAN_POINT('',(4.,-13.35,4.25));
#1593 = SURFACE_CURVE('',#1594,(#1599),.PCURVE_S1.);
#1594 = CIRCLE('',#1595,0.3);
#1595 = AXIS2_PLACEMENT_3D('',#1596,#1597,#1598);
#1596 = CARTESIAN_POINT('',(4.,-13.35,4.55));
#1597 = DIRECTION('',(1.,0.,2.22044604925E-16));
#1598 = DIRECTION('',(-2.22044604925E-16,0.,1.));
#1599 = PCURVE('',#1535,#1600);
#1600 = DEFINITIONAL_REPRESENTATION('',(#1601),#1609);
#1601 = ( BOUNDED_CURVE() B_SPLINE_CURVE(2,(#1602,#1603,#1604,#1605,
#1606,#1607,#1608),.UNSPECIFIED.,.T.,.F.) B_SPLINE_CURVE_WITH_KNOTS((1,2
    ,2,2,2,1),(-2.094395102393,0.,2.094395102393,4.188790204786,
6.28318530718,8.377580409573),.UNSPECIFIED.) CURVE() 
GEOMETRIC_REPRESENTATION_ITEM() RATIONAL_B_SPLINE_CURVE((1.,0.5,1.,0.5,
1.,0.5,1.)) REPRESENTATION_ITEM('') );
#1602 = CARTESIAN_POINT('',(-0.9,0.3));
#1603 = CARTESIAN_POINT('',(-0.9,-0.219615242271));
#1604 = CARTESIAN_POINT('',(-1.35,4.019237886467E-02));
#1605 = CARTESIAN_POINT('',(-1.8,0.3));
#1606 = CARTESIAN_POINT('',(-1.35,0.559807621135));
#1607 = CARTESIAN_POINT('',(-0.9,0.819615242271));
#1608 = CARTESIAN_POINT('',(-0.9,0.3));
#1609 = ( GEOMETRIC_REPRESENTATION_CONTEXT(2) 
PARAMETRIC_REPRESENTATION_CONTEXT() REPRESENTATION_CONTEXT('2D SPACE',''
  ) );
#1610 = ORIENTED_EDGE('',*,*,#1611,.T.);
#1611 = EDGE_CURVE('',#1591,#1612,#1614,.T.);
#1612 = VERTEX_POINT('',#1613);
#1613 = CARTESIAN_POINT('',(4.,-11.85,4.25));
#1614 = SURFACE_CURVE('',#1615,(#1619),.PCURVE_S1.);
#1615 = LINE('',#1616,#1617);
#1616 = CARTESIAN_POINT('',(4.,-13.65,4.25));
#1617 = VECTOR('',#1618,1.);
#1618 = DIRECTION('',(0.,1.,0.));
#1619 = PCURVE('',#1535,#1620);
#1620 = DEFINITIONAL_REPRESENTATION('',(#1621),#1625);
#1621 = LINE('',#1622,#1623);
#1622 = CARTESIAN_POINT('',(-1.5,0.));
#1623 = VECTOR('',#1624,1.);
#1624 = DIRECTION('',(0.,1.));
#1625 = ( GEOMETRIC_REPRESENTATION_CONTEXT(2) 
PARAMETRIC_REPRESENTATION_CONTEXT() REPRESENTATION_CONTEXT('2D SPACE',''
  ) );
#1626 = ORIENTED_EDGE('',*,*,#1627,.T.);
#1627 = EDGE_CURVE('',#1612,#1628,#1630,.T.);
#1628 = VERTEX_POINT('',#1629);
#1629 = CARTESIAN_POINT('',(4.,-11.85,5.75));
#1630 = SURFACE_CURVE('',#1631,(#1635),.PCURVE_S1.);
#1631 = LINE('',#1632,#1633);
#1632 = CARTESIAN_POINT('',(4.,-11.85,5.75));
#1633 = VECTOR('',#1634,1.);
#1634 = DIRECTION('',(-2.22044604925E-16,-0.,1.));
#1635 = PCURVE('',#1535,#1636);
#1636 = DEFINITIONAL_REPRESENTATION('',(#1637),#1641);
#1637 = LINE('',#1638,#1639);
#1638 = CARTESIAN_POINT('',(0.,1.8));
#1639 = VECTOR('',#1640,1.);
#1640 = DIRECTION('',(1.,0.));
#1641 = ( GEOMETRIC_REPRESENTATION_CONTEXT(2) 
PARAMETRIC_REPRESENTATION_CONTEXT() REPRESENTATION_CONTEXT('2D SPACE',''
  ) );
#1642 = ORIENTED_EDGE('',*,*,#1643,.F.);
#1643 = EDGE_CURVE('',#1644,#1628,#1646,.T.);
#1644 = VERTEX_POINT('',#1645);
#1645 = CARTESIAN_POINT('',(4.,-13.35,5.75));
#1646 = SURFACE_CURVE('',#1647,(#1651),.PCURVE_S1.);
#1647 = LINE('',#1648,#1649);
#1648 = CARTESIAN_POINT('',(4.,-13.65,5.75));
#1649 = VECTOR('',#1650,1.);
#1650 = DIRECTION('',(0.,1.,0.));
#1651 = PCURVE('',#1535,#1652);
#1652 = DEFINITIONAL_REPRESENTATION('',(#1653),#1657);
#1653 = LINE('',#1654,#1655);
#1654 = CARTESIAN_POINT('',(0.,0.));
#1655 = VECTOR('',#1656,1.);
#1656 = DIRECTION('',(0.,1.));
#1657 = ( GEOMETRIC_REPRESENTATION_CONTEXT(2) 
PARAMETRIC_REPRESENTATION_CONTEXT() REPRESENTATION_CONTEXT('2D SPACE',''
  ) );
#1658 = ORIENTED_EDGE('',*,*,#1659,.T.);
#1659 = EDGE_CURVE('',#1644,#1575,#1660,.T.);
#1660 = SURFACE_CURVE('',#1661,(#1666),.PCURVE_S1.);
#1661 = CIRCLE('',#1662,0.3);
#1662 = AXIS2_PLACEMENT_3D('',#1663,#1664,#1665);
#1663 = CARTESIAN_POINT('',(4.,-13.35,5.45));
#1664 = DIRECTION('',(1.,0.,2.22044604925E-16));
#1665 = DIRECTION('',(-2.22044604925E-16,0.,1.));
#1666 = PCURVE('',#1535,#1667);
#1667 = DEFINITIONAL_REPRESENTATION('',(#1668),#1676);
#1668 = ( BOUNDED_CURVE() B_SPLINE_CURVE(2,(#1669,#1670,#1671,#1672,
#1673,#1674,#1675),.UNSPECIFIED.,.T.,.F.) B_SPLINE_CURVE_WITH_KNOTS((1,2
    ,2,2,2,1),(-2.094395102393,0.,2.094395102393,4.188790204786,
6.28318530718,8.377580409573),.UNSPECIFIED.) CURVE() 
GEOMETRIC_REPRESENTATION_ITEM() RATIONAL_B_SPLINE_CURVE((1.,0.5,1.,0.5,
1.,0.5,1.)) REPRESENTATION_ITEM('') );
#1669 = CARTESIAN_POINT('',(0.,0.3));
#1670 = CARTESIAN_POINT('',(0.,-0.219615242271));
#1671 = CARTESIAN_POINT('',(-0.45,4.019237886467E-02));
#1672 = CARTESIAN_POINT('',(-0.9,0.3));
#1673 = CARTESIAN_POINT('',(-0.45,0.559807621135));
#1674 = CARTESIAN_POINT('',(-4.440892098501E-16,0.819615242271));
#1675 = CARTESIAN_POINT('',(0.,0.3));
#1676 = ( GEOMETRIC_REPRESENTATION_CONTEXT(2) 
PARAMETRIC_REPRESENTATION_CONTEXT() REPRESENTATION_CONTEXT('2D SPACE',''
  ) );
#1677 = SHELL_BASED_SURFACE_MODEL('',(#1678));
#1678 = OPEN_SHELL('',(#1679));
#1679 = ADVANCED_FACE('',(#1680),#1695,.T.);
#1680 = FACE_BOUND('',#1681,.T.);
#1681 = EDGE_LOOP('',(#1682,#1706,#1722,#1739));
#1682 = ORIENTED_EDGE('',*,*,#1683,.F.);
#1683 = EDGE_CURVE('',#1684,#1686,#1688,.T.);
#1684 = VERTEX_POINT('',#1685);
#1685 = CARTESIAN_POINT('',(4.,-13.35,5.75));
#1686 = VERTEX_POINT('',#1687);
#1687 = CARTESIAN_POINT('',(4.,-13.65,5.45));
#1688 = SURFACE_CURVE('',#1689,(#1694),.PCURVE_S1.);
#1689 = CIRCLE('',#1690,0.3);
#1690 = AXIS2_PLACEMENT_3D('',#1691,#1692,#1693);
#1691 = CARTESIAN_POINT('',(4.,-13.35,5.45));
#1692 = DIRECTION('',(1.,0.,2.22044604925E-16));
#1693 = DIRECTION('',(-2.22044604925E-16,0.,1.));
#1694 = PCURVE('',#1695,#1700);
#1695 = CYLINDRICAL_SURFACE('',#1696,0.3);
#1696 = AXIS2_PLACEMENT_3D('',#1697,#1698,#1699);
#1697 = CARTESIAN_POINT('',(-9.992007221626E-17,-13.35,5.45));
#1698 = DIRECTION('',(1.,0.,2.22044604925E-16));
#1699 = DIRECTION('',(2.22044604925E-16,0.,-1.));
#1700 = DEFINITIONAL_REPRESENTATION('',(#1701),#1705);
#1701 = LINE('',#1702,#1703);
#1702 = CARTESIAN_POINT('',(3.14159265359,4.));
#1703 = VECTOR('',#1704,1.);
#1704 = DIRECTION('',(1.,0.));
#1705 = ( GEOMETRIC_REPRESENTATION_CONTEXT(2) 
PARAMETRIC_REPRESENTATION_CONTEXT() REPRESENTATION_CONTEXT('2D SPACE',''
  ) );
#1706 = ORIENTED_EDGE('',*,*,#1707,.F.);
#1707 = EDGE_CURVE('',#1708,#1684,#1710,.T.);
#1708 = VERTEX_POINT('',#1709);
#1709 = CARTESIAN_POINT('',(3.5,-13.35,5.75));
#1710 = SURFACE_CURVE('',#1711,(#1715),.PCURVE_S1.);
#1711 = LINE('',#1712,#1713);
#1712 = CARTESIAN_POINT('',(4.,-13.35,5.75));
#1713 = VECTOR('',#1714,1.);
#1714 = DIRECTION('',(1.,0.,2.22044604925E-16));
#1715 = PCURVE('',#1695,#1716);
#1716 = DEFINITIONAL_REPRESENTATION('',(#1717),#1721);
#1717 = LINE('',#1718,#1719);
#1718 = CARTESIAN_POINT('',(3.14159265359,4.));
#1719 = VECTOR('',#1720,1.);
#1720 = DIRECTION('',(0.,1.));
#1721 = ( GEOMETRIC_REPRESENTATION_CONTEXT(2) 
PARAMETRIC_REPRESENTATION_CONTEXT() REPRESENTATION_CONTEXT('2D SPACE',''
  ) );
#1722 = ORIENTED_EDGE('',*,*,#1723,.F.);
#1723 = EDGE_CURVE('',#1724,#1708,#1726,.T.);
#1724 = VERTEX_POINT('',#1725);
#1725 = CARTESIAN_POINT('',(3.5,-13.65,5.45));
#1726 = SURFACE_CURVE('',#1727,(#1732),.PCURVE_S1.);
#1727 = CIRCLE('',#1728,0.3);
#1728 = AXIS2_PLACEMENT_3D('',#1729,#1730,#1731);
#1729 = CARTESIAN_POINT('',(3.5,-13.35,5.45));
#1730 = DIRECTION('',(-1.,-0.,-2.22044604925E-16));
#1731 = DIRECTION('',(2.22044604925E-16,0.,-1.));
#1732 = PCURVE('',#1695,#1733);
#1733 = DEFINITIONAL_REPRESENTATION('',(#1734),#1738);
#1734 = LINE('',#1735,#1736);
#1735 = CARTESIAN_POINT('',(6.28318530718,3.5));
#1736 = VECTOR('',#1737,1.);
#1737 = DIRECTION('',(-1.,0.));
#1738 = ( GEOMETRIC_REPRESENTATION_CONTEXT(2) 
PARAMETRIC_REPRESENTATION_CONTEXT() REPRESENTATION_CONTEXT('2D SPACE',''
  ) );
#1739 = ORIENTED_EDGE('',*,*,#1740,.F.);
#1740 = EDGE_CURVE('',#1686,#1724,#1741,.T.);
#1741 = SURFACE_CURVE('',#1742,(#1746),.PCURVE_S1.);
#1742 = LINE('',#1743,#1744);
#1743 = CARTESIAN_POINT('',(3.5,-13.65,5.45));
#1744 = VECTOR('',#1745,1.);
#1745 = DIRECTION('',(-1.,0.,-2.22044604925E-16));
#1746 = PCURVE('',#1695,#1747);
#1747 = DEFINITIONAL_REPRESENTATION('',(#1748),#1752);
#1748 = LINE('',#1749,#1750);
#1749 = CARTESIAN_POINT('',(4.712388980385,3.5));
#1750 = VECTOR('',#1751,1.);
#1751 = DIRECTION('',(0.,-1.));
#1752 = ( GEOMETRIC_REPRESENTATION_CONTEXT(2) 
PARAMETRIC_REPRESENTATION_CONTEXT() REPRESENTATION_CONTEXT('2D SPACE',''
  ) );
#1753 = SHELL_BASED_SURFACE_MODEL('',(#1754));
#1754 = OPEN_SHELL('',(#1755));
#1755 = ADVANCED_FACE('',(#1756),#1771,.T.);
#1756 = FACE_BOUND('',#1757,.T.);
#1757 = EDGE_LOOP('',(#1758,#1782,#1799,#1816));
#1758 = ORIENTED_EDGE('',*,*,#1759,.F.);
#1759 = EDGE_CURVE('',#1760,#1762,#1764,.T.);
#1760 = VERTEX_POINT('',#1761);
#1761 = CARTESIAN_POINT('',(0.5,-17.75,5.));
#1762 = VERTEX_POINT('',#1763);
#1763 = CARTESIAN_POINT('',(-0.5,-17.75,5.));
#1764 = SURFACE_CURVE('',#1765,(#1770),.PCURVE_S1.);
#1765 = CIRCLE('',#1766,0.5);
#1766 = AXIS2_PLACEMENT_3D('',#1767,#1768,#1769);
#1767 = CARTESIAN_POINT('',(0.,-17.75,5.));
#1768 = DIRECTION('',(0.,1.,0.));
#1769 = DIRECTION('',(-1.,0.,-2.22044604925E-16));
#1770 = PCURVE('',#1771,#1776);
#1771 = TOROIDAL_SURFACE('',#1772,0.4,0.1);
#1772 = AXIS2_PLACEMENT_3D('',#1773,#1774,#1775);
#1773 = CARTESIAN_POINT('',(0.,-17.75,5.));
#1774 = DIRECTION('',(0.,-1.,0.));
#1775 = DIRECTION('',(-1.,0.,-2.22044604925E-16));
#1776 = DEFINITIONAL_REPRESENTATION('',(#1777),#1781);
#1777 = LINE('',#1778,#1779);
#1778 = CARTESIAN_POINT('',(6.28318530718,0.));
#1779 = VECTOR('',#1780,1.);
#1780 = DIRECTION('',(-1.,0.));
#1781 = ( GEOMETRIC_REPRESENTATION_CONTEXT(2) 
PARAMETRIC_REPRESENTATION_CONTEXT() REPRESENTATION_CONTEXT('2D SPACE',''
  ) );
#1782 = ORIENTED_EDGE('',*,*,#1783,.T.);
#1783 = EDGE_CURVE('',#1760,#1784,#1786,.T.);
#1784 = VERTEX_POINT('',#1785);
#1785 = CARTESIAN_POINT('',(0.4,-17.85,5.));
#1786 = SURFACE_CURVE('',#1787,(#1792),.PCURVE_S1.);
#1787 = CIRCLE('',#1788,1.E-01);
#1788 = AXIS2_PLACEMENT_3D('',#1789,#1790,#1791);
#1789 = CARTESIAN_POINT('',(0.4,-17.75,5.));
#1790 = DIRECTION('',(9.95799250103E-17,0.,-1.));
#1791 = DIRECTION('',(-1.,0.,-9.95799250103E-17));
#1792 = PCURVE('',#1771,#1793);
#1793 = DEFINITIONAL_REPRESENTATION('',(#1794),#1798);
#1794 = LINE('',#1795,#1796);
#1795 = CARTESIAN_POINT('',(3.14159265359,-3.14159265359));
#1796 = VECTOR('',#1797,1.);
#1797 = DIRECTION('',(0.,1.));
#1798 = ( GEOMETRIC_REPRESENTATION_CONTEXT(2) 
PARAMETRIC_REPRESENTATION_CONTEXT() REPRESENTATION_CONTEXT('2D SPACE',''
  ) );
#1799 = ORIENTED_EDGE('',*,*,#1800,.F.);
#1800 = EDGE_CURVE('',#1801,#1784,#1803,.T.);
#1801 = VERTEX_POINT('',#1802);
#1802 = CARTESIAN_POINT('',(-0.4,-17.85,5.));
#1803 = SURFACE_CURVE('',#1804,(#1809),.PCURVE_S1.);
#1804 = CIRCLE('',#1805,0.4);
#1805 = AXIS2_PLACEMENT_3D('',#1806,#1807,#1808);
#1806 = CARTESIAN_POINT('',(0.,-17.85,5.));
#1807 = DIRECTION('',(0.,-1.,-0.));
#1808 = DIRECTION('',(-1.,0.,-2.22044604925E-16));
#1809 = PCURVE('',#1771,#1810);
#1810 = DEFINITIONAL_REPRESENTATION('',(#1811),#1815);
#1811 = LINE('',#1812,#1813);
#1812 = CARTESIAN_POINT('',(0.,1.570796326795));
#1813 = VECTOR('',#1814,1.);
#1814 = DIRECTION('',(1.,0.));
#1815 = ( GEOMETRIC_REPRESENTATION_CONTEXT(2) 
PARAMETRIC_REPRESENTATION_CONTEXT() REPRESENTATION_CONTEXT('2D SPACE',''
  ) );
#1816 = ORIENTED_EDGE('',*,*,#1817,.F.);
#1817 = EDGE_CURVE('',#1762,#1801,#1818,.T.);
#1818 = SURFACE_CURVE('',#1819,(#1824),.PCURVE_S1.);
#1819 = CIRCLE('',#1820,1.E-01);
#1820 = AXIS2_PLACEMENT_3D('',#1821,#1822,#1823);
#1821 = CARTESIAN_POINT('',(-0.4,-17.75,5.));
#1822 = DIRECTION('',(-2.22044604925E-16,0.,1.));
#1823 = DIRECTION('',(1.,0.,2.22044604925E-16));
#1824 = PCURVE('',#1771,#1825);
#1825 = DEFINITIONAL_REPRESENTATION('',(#1826),#1830);
#1826 = LINE('',#1827,#1828);
#1827 = CARTESIAN_POINT('',(0.,-3.14159265359));
#1828 = VECTOR('',#1829,1.);
#1829 = DIRECTION('',(0.,1.));
#1830 = ( GEOMETRIC_REPRESENTATION_CONTEXT(2) 
PARAMETRIC_REPRESENTATION_CONTEXT() REPRESENTATION_CONTEXT('2D SPACE',''
  ) );
#1831 = SHELL_BASED_SURFACE_MODEL('',(#1832));
#1832 = OPEN_SHELL('',(#1833));
#1833 = ADVANCED_FACE('',(#1834),#1849,.T.);
#1834 = FACE_BOUND('',#1835,.T.);
#1835 = EDGE_LOOP('',(#1836,#1860));
#1836 = ORIENTED_EDGE('',*,*,#1837,.T.);
#1837 = EDGE_CURVE('',#1838,#1840,#1842,.T.);
#1838 = VERTEX_POINT('',#1839);
#1839 = CARTESIAN_POINT('',(-0.4,-17.85,5.));
#1840 = VERTEX_POINT('',#1841);
#1841 = CARTESIAN_POINT('',(0.4,-17.85,5.));
#1842 = SURFACE_CURVE('',#1843,(#1848),.PCURVE_S1.);
#1843 = CIRCLE('',#1844,0.4);
#1844 = AXIS2_PLACEMENT_3D('',#1845,#1846,#1847);
#1845 = CARTESIAN_POINT('',(0.,-17.85,5.));
#1846 = DIRECTION('',(0.,-1.,-0.));
#1847 = DIRECTION('',(-1.,0.,-2.22044604925E-16));
#1848 = PCURVE('',#1849,#1854);
#1849 = PLANE('',#1850);
#1850 = AXIS2_PLACEMENT_3D('',#1851,#1852,#1853);
#1851 = CARTESIAN_POINT('',(0.,-17.85,5.));
#1852 = DIRECTION('',(0.,-1.,0.));
#1853 = DIRECTION('',(-1.,0.,-2.22044604925E-16));
#1854 = DEFINITIONAL_REPRESENTATION('',(#1855),#1859);
#1855 = CIRCLE('',#1856,0.4);
#1856 = AXIS2_PLACEMENT_2D('',#1857,#1858);
#1857 = CARTESIAN_POINT('',(0.,0.));
#1858 = DIRECTION('',(1.,0.));
#1859 = ( GEOMETRIC_REPRESENTATION_CONTEXT(2) 
PARAMETRIC_REPRESENTATION_CONTEXT() REPRESENTATION_CONTEXT('2D SPACE',''
  ) );
#1860 = ORIENTED_EDGE('',*,*,#1861,.T.);
#1861 = EDGE_CURVE('',#1840,#1838,#1862,.T.);
#1862 = SURFACE_CURVE('',#1863,(#1868),.PCURVE_S1.);
#1863 = CIRCLE('',#1864,0.4);
#1864 = AXIS2_PLACEMENT_3D('',#1865,#1866,#1867);
#1865 = CARTESIAN_POINT('',(0.,-17.85,5.));
#1866 = DIRECTION('',(0.,-1.,-0.));
#1867 = DIRECTION('',(-1.,0.,-2.22044604925E-16));
#1868 = PCURVE('',#1849,#1869);
#1869 = DEFINITIONAL_REPRESENTATION('',(#1870),#1874);
#1870 = CIRCLE('',#1871,0.4);
#1871 = AXIS2_PLACEMENT_2D('',#1872,#1873);
#1872 = CARTESIAN_POINT('',(0.,0.));
#1873 = DIRECTION('',(1.,0.));
#1874 = ( GEOMETRIC_REPRESENTATION_CONTEXT(2) 
PARAMETRIC_REPRESENTATION_CONTEXT() REPRESENTATION_CONTEXT('2D SPACE',''
  ) );
#1875 = SHELL_BASED_SURFACE_MODEL('',(#1876));
#1876 = OPEN_SHELL('',(#1877));
#1877 = ADVANCED_FACE('',(#1878),#1893,.T.);
#1878 = FACE_BOUND('',#1879,.T.);
#1879 = EDGE_LOOP('',(#1880,#1904,#1921,#1938));
#1880 = ORIENTED_EDGE('',*,*,#1881,.F.);
#1881 = EDGE_CURVE('',#1882,#1884,#1886,.T.);
#1882 = VERTEX_POINT('',#1883);
#1883 = CARTESIAN_POINT('',(0.5,-17.75,5.));
#1884 = VERTEX_POINT('',#1885);
#1885 = CARTESIAN_POINT('',(0.4,-17.85,5.));
#1886 = SURFACE_CURVE('',#1887,(#1892),.PCURVE_S1.);
#1887 = CIRCLE('',#1888,1.E-01);
#1888 = AXIS2_PLACEMENT_3D('',#1889,#1890,#1891);
#1889 = CARTESIAN_POINT('',(0.4,-17.75,5.));
#1890 = DIRECTION('',(9.95799250103E-17,0.,-1.));
#1891 = DIRECTION('',(-1.,0.,-9.95799250103E-17));
#1892 = PCURVE('',#1893,#1898);
#1893 = TOROIDAL_SURFACE('',#1894,0.4,0.1);
#1894 = AXIS2_PLACEMENT_3D('',#1895,#1896,#1897);
#1895 = CARTESIAN_POINT('',(0.,-17.75,5.));
#1896 = DIRECTION('',(0.,-1.,0.));
#1897 = DIRECTION('',(-1.,0.,-2.22044604925E-16));
#1898 = DEFINITIONAL_REPRESENTATION('',(#1899),#1903);
#1899 = LINE('',#1900,#1901);
#1900 = CARTESIAN_POINT('',(3.14159265359,-3.14159265359));
#1901 = VECTOR('',#1902,1.);
#1902 = DIRECTION('',(0.,1.));
#1903 = ( GEOMETRIC_REPRESENTATION_CONTEXT(2) 
PARAMETRIC_REPRESENTATION_CONTEXT() REPRESENTATION_CONTEXT('2D SPACE',''
  ) );
#1904 = ORIENTED_EDGE('',*,*,#1905,.F.);
#1905 = EDGE_CURVE('',#1906,#1882,#1908,.T.);
#1906 = VERTEX_POINT('',#1907);
#1907 = CARTESIAN_POINT('',(-0.5,-17.75,5.));
#1908 = SURFACE_CURVE('',#1909,(#1914),.PCURVE_S1.);
#1909 = CIRCLE('',#1910,0.5);
#1910 = AXIS2_PLACEMENT_3D('',#1911,#1912,#1913);
#1911 = CARTESIAN_POINT('',(0.,-17.75,5.));
#1912 = DIRECTION('',(0.,1.,0.));
#1913 = DIRECTION('',(-1.,0.,-2.22044604925E-16));
#1914 = PCURVE('',#1893,#1915);
#1915 = DEFINITIONAL_REPRESENTATION('',(#1916),#1920);
#1916 = LINE('',#1917,#1918);
#1917 = CARTESIAN_POINT('',(6.28318530718,0.));
#1918 = VECTOR('',#1919,1.);
#1919 = DIRECTION('',(-1.,0.));
#1920 = ( GEOMETRIC_REPRESENTATION_CONTEXT(2) 
PARAMETRIC_REPRESENTATION_CONTEXT() REPRESENTATION_CONTEXT('2D SPACE',''
  ) );
#1921 = ORIENTED_EDGE('',*,*,#1922,.T.);
#1922 = EDGE_CURVE('',#1906,#1923,#1925,.T.);
#1923 = VERTEX_POINT('',#1924);
#1924 = CARTESIAN_POINT('',(-0.4,-17.85,5.));
#1925 = SURFACE_CURVE('',#1926,(#1931),.PCURVE_S1.);
#1926 = CIRCLE('',#1927,1.E-01);
#1927 = AXIS2_PLACEMENT_3D('',#1928,#1929,#1930);
#1928 = CARTESIAN_POINT('',(-0.4,-17.75,5.));
#1929 = DIRECTION('',(-2.22044604925E-16,0.,1.));
#1930 = DIRECTION('',(1.,0.,2.22044604925E-16));
#1931 = PCURVE('',#1893,#1932);
#1932 = DEFINITIONAL_REPRESENTATION('',(#1933),#1937);
#1933 = LINE('',#1934,#1935);
#1934 = CARTESIAN_POINT('',(6.28318530718,-3.14159265359));
#1935 = VECTOR('',#1936,1.);
#1936 = DIRECTION('',(0.,1.));
#1937 = ( GEOMETRIC_REPRESENTATION_CONTEXT(2) 
PARAMETRIC_REPRESENTATION_CONTEXT() REPRESENTATION_CONTEXT('2D SPACE',''
  ) );
#1938 = ORIENTED_EDGE('',*,*,#1939,.F.);
#1939 = EDGE_CURVE('',#1884,#1923,#1940,.T.);
#1940 = SURFACE_CURVE('',#1941,(#1946),.PCURVE_S1.);
#1941 = CIRCLE('',#1942,0.4);
#1942 = AXIS2_PLACEMENT_3D('',#1943,#1944,#1945);
#1943 = CARTESIAN_POINT('',(0.,-17.85,5.));
#1944 = DIRECTION('',(0.,-1.,-0.));
#1945 = DIRECTION('',(-1.,0.,-2.22044604925E-16));
#1946 = PCURVE('',#1893,#1947);
#1947 = DEFINITIONAL_REPRESENTATION('',(#1948),#1952);
#1948 = LINE('',#1949,#1950);
#1949 = CARTESIAN_POINT('',(0.,1.570796326795));
#1950 = VECTOR('',#1951,1.);
#1951 = DIRECTION('',(1.,0.));
#1952 = ( GEOMETRIC_REPRESENTATION_CONTEXT(2) 
PARAMETRIC_REPRESENTATION_CONTEXT() REPRESENTATION_CONTEXT('2D SPACE',''
  ) );
#1953 = SHELL_BASED_SURFACE_MODEL('',(#1954));
#1954 = OPEN_SHELL('',(#1955));
#1955 = ADVANCED_FACE('',(#1956),#1970,.F.);
#1956 = FACE_BOUND('',#1957,.T.);
#1957 = EDGE_LOOP('',(#1958,#1981,#1997,#2013));
#1958 = ORIENTED_EDGE('',*,*,#1959,.T.);
#1959 = EDGE_CURVE('',#1960,#1962,#1964,.T.);
#1960 = VERTEX_POINT('',#1961);
#1961 = CARTESIAN_POINT('',(-6.,-11.85,18.5));
#1962 = VERTEX_POINT('',#1963);
#1963 = CARTESIAN_POINT('',(-6.,-11.85,5.));
#1964 = SURFACE_CURVE('',#1965,(#1969),.PCURVE_S1.);
#1965 = LINE('',#1966,#1967);
#1966 = CARTESIAN_POINT('',(-6.,-11.85,10.));
#1967 = VECTOR('',#1968,1.);
#1968 = DIRECTION('',(2.22044604925E-16,0.,-1.));
#1969 = PCURVE('',#1970,#1975);
#1970 = PLANE('',#1971);
#1971 = AXIS2_PLACEMENT_3D('',#1972,#1973,#1974);
#1972 = CARTESIAN_POINT('',(-6.,-12.85,10.));
#1973 = DIRECTION('',(1.,0.,2.22044604925E-16));
#1974 = DIRECTION('',(-2.22044604925E-16,0.,1.));
#1975 = DEFINITIONAL_REPRESENTATION('',(#1976),#1980);
#1976 = LINE('',#1977,#1978);
#1977 = CARTESIAN_POINT('',(0.,-1.));
#1978 = VECTOR('',#1979,1.);
#1979 = DIRECTION('',(-1.,0.));
#1980 = ( GEOMETRIC_REPRESENTATION_CONTEXT(2) 
PARAMETRIC_REPRESENTATION_CONTEXT() REPRESENTATION_CONTEXT('2D SPACE',''
  ) );
#1981 = ORIENTED_EDGE('',*,*,#1982,.T.);
#1982 = EDGE_CURVE('',#1962,#1983,#1985,.T.);
#1983 = VERTEX_POINT('',#1984);
#1984 = CARTESIAN_POINT('',(-6.,-12.85,5.));
#1985 = SURFACE_CURVE('',#1986,(#1990),.PCURVE_S1.);
#1986 = LINE('',#1987,#1988);
#1987 = CARTESIAN_POINT('',(-6.,-11.85,5.));
#1988 = VECTOR('',#1989,1.);
#1989 = DIRECTION('',(0.,-1.,0.));
#1990 = PCURVE('',#1970,#1991);
#1991 = DEFINITIONAL_REPRESENTATION('',(#1992),#1996);
#1992 = LINE('',#1993,#1994);
#1993 = CARTESIAN_POINT('',(-5.,-1.));
#1994 = VECTOR('',#1995,1.);
#1995 = DIRECTION('',(0.,1.));
#1996 = ( GEOMETRIC_REPRESENTATION_CONTEXT(2) 
PARAMETRIC_REPRESENTATION_CONTEXT() REPRESENTATION_CONTEXT('2D SPACE',''
  ) );
#1997 = ORIENTED_EDGE('',*,*,#1998,.F.);
#1998 = EDGE_CURVE('',#1999,#1983,#2001,.T.);
#1999 = VERTEX_POINT('',#2000);
#2000 = CARTESIAN_POINT('',(-6.,-12.85,18.5));
#2001 = SURFACE_CURVE('',#2002,(#2006),.PCURVE_S1.);
#2002 = LINE('',#2003,#2004);
#2003 = CARTESIAN_POINT('',(-6.,-12.85,10.));
#2004 = VECTOR('',#2005,1.);
#2005 = DIRECTION('',(2.22044604925E-16,0.,-1.));
#2006 = PCURVE('',#1970,#2007);
#2007 = DEFINITIONAL_REPRESENTATION('',(#2008),#2012);
#2008 = LINE('',#2009,#2010);
#2009 = CARTESIAN_POINT('',(0.,0.));
#2010 = VECTOR('',#2011,1.);
#2011 = DIRECTION('',(-1.,0.));
#2012 = ( GEOMETRIC_REPRESENTATION_CONTEXT(2) 
PARAMETRIC_REPRESENTATION_CONTEXT() REPRESENTATION_CONTEXT('2D SPACE',''
  ) );
#2013 = ORIENTED_EDGE('',*,*,#2014,.F.);
#2014 = EDGE_CURVE('',#1960,#1999,#2015,.T.);
#2015 = SURFACE_CURVE('',#2016,(#2020),.PCURVE_S1.);
#2016 = LINE('',#2017,#2018);
#2017 = CARTESIAN_POINT('',(-6.,-11.85,18.5));
#2018 = VECTOR('',#2019,1.);
#2019 = DIRECTION('',(0.,-1.,0.));
#2020 = PCURVE('',#1970,#2021);
#2021 = DEFINITIONAL_REPRESENTATION('',(#2022),#2026);
#2022 = LINE('',#2023,#2024);
#2023 = CARTESIAN_POINT('',(8.5,-1.));
#2024 = VECTOR('',#2025,1.);
#2025 = DIRECTION('',(0.,1.));
#2026 = ( GEOMETRIC_REPRESENTATION_CONTEXT(2) 
PARAMETRIC_REPRESENTATION_CONTEXT() REPRESENTATION_CONTEXT('2D SPACE',''
  ) );
#2027 = SHELL_BASED_SURFACE_MODEL('',(#2028));
#2028 = OPEN_SHELL('',(#2029));
#2029 = ADVANCED_FACE('',(#2030),#2044,.T.);
#2030 = FACE_BOUND('',#2031,.T.);
#2031 = EDGE_LOOP('',(#2032,#2055,#2071,#2087));
#2032 = ORIENTED_EDGE('',*,*,#2033,.F.);
#2033 = EDGE_CURVE('',#2034,#2036,#2038,.T.);
#2034 = VERTEX_POINT('',#2035);
#2035 = CARTESIAN_POINT('',(6.,-12.85,18.5));
#2036 = VERTEX_POINT('',#2037);
#2037 = CARTESIAN_POINT('',(-6.,-12.85,18.5));
#2038 = SURFACE_CURVE('',#2039,(#2043),.PCURVE_S1.);
#2039 = LINE('',#2040,#2041);
#2040 = CARTESIAN_POINT('',(6.,-12.85,18.5));
#2041 = VECTOR('',#2042,1.);
#2042 = DIRECTION('',(-1.,0.,-2.22044604925E-16));
#2043 = PCURVE('',#2044,#2049);
#2044 = PLANE('',#2045);
#2045 = AXIS2_PLACEMENT_3D('',#2046,#2047,#2048);
#2046 = CARTESIAN_POINT('',(6.,-11.85,18.5));
#2047 = DIRECTION('',(-2.22044604925E-16,0.,1.));
#2048 = DIRECTION('',(-1.,0.,-2.22044604925E-16));
#2049 = DEFINITIONAL_REPRESENTATION('',(#2050),#2054);
#2050 = LINE('',#2051,#2052);
#2051 = CARTESIAN_POINT('',(0.,1.));
#2052 = VECTOR('',#2053,1.);
#2053 = DIRECTION('',(1.,0.));
#2054 = ( GEOMETRIC_REPRESENTATION_CONTEXT(2) 
PARAMETRIC_REPRESENTATION_CONTEXT() REPRESENTATION_CONTEXT('2D SPACE',''
  ) );
#2055 = ORIENTED_EDGE('',*,*,#2056,.F.);
#2056 = EDGE_CURVE('',#2057,#2034,#2059,.T.);
#2057 = VERTEX_POINT('',#2058);
#2058 = CARTESIAN_POINT('',(6.,-11.85,18.5));
#2059 = SURFACE_CURVE('',#2060,(#2064),.PCURVE_S1.);
#2060 = LINE('',#2061,#2062);
#2061 = CARTESIAN_POINT('',(6.,-11.85,18.5));
#2062 = VECTOR('',#2063,1.);
#2063 = DIRECTION('',(0.,-1.,0.));
#2064 = PCURVE('',#2044,#2065);
#2065 = DEFINITIONAL_REPRESENTATION('',(#2066),#2070);
#2066 = LINE('',#2067,#2068);
#2067 = CARTESIAN_POINT('',(0.,-0.));
#2068 = VECTOR('',#2069,1.);
#2069 = DIRECTION('',(0.,1.));
#2070 = ( GEOMETRIC_REPRESENTATION_CONTEXT(2) 
PARAMETRIC_REPRESENTATION_CONTEXT() REPRESENTATION_CONTEXT('2D SPACE',''
  ) );
#2071 = ORIENTED_EDGE('',*,*,#2072,.T.);
#2072 = EDGE_CURVE('',#2057,#2073,#2075,.T.);
#2073 = VERTEX_POINT('',#2074);
#2074 = CARTESIAN_POINT('',(-6.,-11.85,18.5));
#2075 = SURFACE_CURVE('',#2076,(#2080),.PCURVE_S1.);
#2076 = LINE('',#2077,#2078);
#2077 = CARTESIAN_POINT('',(6.,-11.85,18.5));
#2078 = VECTOR('',#2079,1.);
#2079 = DIRECTION('',(-1.,0.,-2.22044604925E-16));
#2080 = PCURVE('',#2044,#2081);
#2081 = DEFINITIONAL_REPRESENTATION('',(#2082),#2086);
#2082 = LINE('',#2083,#2084);
#2083 = CARTESIAN_POINT('',(0.,-0.));
#2084 = VECTOR('',#2085,1.);
#2085 = DIRECTION('',(1.,0.));
#2086 = ( GEOMETRIC_REPRESENTATION_CONTEXT(2) 
PARAMETRIC_REPRESENTATION_CONTEXT() REPRESENTATION_CONTEXT('2D SPACE',''
  ) );
#2087 = ORIENTED_EDGE('',*,*,#2088,.T.);
#2088 = EDGE_CURVE('',#2073,#2036,#2089,.T.);
#2089 = SURFACE_CURVE('',#2090,(#2094),.PCURVE_S1.);
#2090 = LINE('',#2091,#2092);
#2091 = CARTESIAN_POINT('',(-6.,-11.85,18.5));
#2092 = VECTOR('',#2093,1.);
#2093 = DIRECTION('',(0.,-1.,0.));
#2094 = PCURVE('',#2044,#2095);
#2095 = DEFINITIONAL_REPRESENTATION('',(#2096),#2100);
#2096 = LINE('',#2097,#2098);
#2097 = CARTESIAN_POINT('',(12.,0.));
#2098 = VECTOR('',#2099,1.);
#2099 = DIRECTION('',(0.,1.));
#2100 = ( GEOMETRIC_REPRESENTATION_CONTEXT(2) 
PARAMETRIC_REPRESENTATION_CONTEXT() REPRESENTATION_CONTEXT('2D SPACE',''
  ) );
#2101 = SHELL_BASED_SURFACE_MODEL('',(#2102));
#2102 = OPEN_SHELL('',(#2103));
#2103 = ADVANCED_FACE('',(#2104),#2118,.F.);
#2104 = FACE_BOUND('',#2105,.T.);
#2105 = EDGE_LOOP('',(#2106,#2129,#2145,#2161));
#2106 = ORIENTED_EDGE('',*,*,#2107,.F.);
#2107 = EDGE_CURVE('',#2108,#2110,#2112,.T.);
#2108 = VERTEX_POINT('',#2109);
#2109 = CARTESIAN_POINT('',(6.,-11.85,5.));
#2110 = VERTEX_POINT('',#2111);
#2111 = CARTESIAN_POINT('',(6.,-12.85,5.));
#2112 = SURFACE_CURVE('',#2113,(#2117),.PCURVE_S1.);
#2113 = LINE('',#2114,#2115);
#2114 = CARTESIAN_POINT('',(6.,-11.85,5.));
#2115 = VECTOR('',#2116,1.);
#2116 = DIRECTION('',(0.,-1.,0.));
#2117 = PCURVE('',#2118,#2123);
#2118 = PLANE('',#2119);
#2119 = AXIS2_PLACEMENT_3D('',#2120,#2121,#2122);
#2120 = CARTESIAN_POINT('',(6.,-12.85,10.));
#2121 = DIRECTION('',(-1.,0.,-2.22044604925E-16));
#2122 = DIRECTION('',(2.22044604925E-16,0.,-1.));
#2123 = DEFINITIONAL_REPRESENTATION('',(#2124),#2128);
#2124 = LINE('',#2125,#2126);
#2125 = CARTESIAN_POINT('',(5.,-1.));
#2126 = VECTOR('',#2127,1.);
#2127 = DIRECTION('',(0.,1.));
#2128 = ( GEOMETRIC_REPRESENTATION_CONTEXT(2) 
PARAMETRIC_REPRESENTATION_CONTEXT() REPRESENTATION_CONTEXT('2D SPACE',''
  ) );
#2129 = ORIENTED_EDGE('',*,*,#2130,.T.);
#2130 = EDGE_CURVE('',#2108,#2131,#2133,.T.);
#2131 = VERTEX_POINT('',#2132);
#2132 = CARTESIAN_POINT('',(6.,-11.85,18.5));
#2133 = SURFACE_CURVE('',#2134,(#2138),.PCURVE_S1.);
#2134 = LINE('',#2135,#2136);
#2135 = CARTESIAN_POINT('',(6.,-11.85,10.));
#2136 = VECTOR('',#2137,1.);
#2137 = DIRECTION('',(-2.22044604925E-16,0.,1.));
#2138 = PCURVE('',#2118,#2139);
#2139 = DEFINITIONAL_REPRESENTATION('',(#2140),#2144);
#2140 = LINE('',#2141,#2142);
#2141 = CARTESIAN_POINT('',(0.,-1.));
#2142 = VECTOR('',#2143,1.);
#2143 = DIRECTION('',(-1.,0.));
#2144 = ( GEOMETRIC_REPRESENTATION_CONTEXT(2) 
PARAMETRIC_REPRESENTATION_CONTEXT() REPRESENTATION_CONTEXT('2D SPACE',''
  ) );
#2145 = ORIENTED_EDGE('',*,*,#2146,.T.);
#2146 = EDGE_CURVE('',#2131,#2147,#2149,.T.);
#2147 = VERTEX_POINT('',#2148);
#2148 = CARTESIAN_POINT('',(6.,-12.85,18.5));
#2149 = SURFACE_CURVE('',#2150,(#2154),.PCURVE_S1.);
#2150 = LINE('',#2151,#2152);
#2151 = CARTESIAN_POINT('',(6.,-11.85,18.5));
#2152 = VECTOR('',#2153,1.);
#2153 = DIRECTION('',(0.,-1.,0.));
#2154 = PCURVE('',#2118,#2155);
#2155 = DEFINITIONAL_REPRESENTATION('',(#2156),#2160);
#2156 = LINE('',#2157,#2158);
#2157 = CARTESIAN_POINT('',(-8.5,-1.));
#2158 = VECTOR('',#2159,1.);
#2159 = DIRECTION('',(0.,1.));
#2160 = ( GEOMETRIC_REPRESENTATION_CONTEXT(2) 
PARAMETRIC_REPRESENTATION_CONTEXT() REPRESENTATION_CONTEXT('2D SPACE',''
  ) );
#2161 = ORIENTED_EDGE('',*,*,#2162,.F.);
#2162 = EDGE_CURVE('',#2110,#2147,#2163,.T.);
#2163 = SURFACE_CURVE('',#2164,(#2168),.PCURVE_S1.);
#2164 = LINE('',#2165,#2166);
#2165 = CARTESIAN_POINT('',(6.,-12.85,10.));
#2166 = VECTOR('',#2167,1.);
#2167 = DIRECTION('',(-2.22044604925E-16,0.,1.));
#2168 = PCURVE('',#2118,#2169);
#2169 = DEFINITIONAL_REPRESENTATION('',(#2170),#2174);
#2170 = LINE('',#2171,#2172);
#2171 = CARTESIAN_POINT('',(0.,0.));
#2172 = VECTOR('',#2173,1.);
#2173 = DIRECTION('',(-1.,0.));
#2174 = ( GEOMETRIC_REPRESENTATION_CONTEXT(2) 
PARAMETRIC_REPRESENTATION_CONTEXT() REPRESENTATION_CONTEXT('2D SPACE',''
  ) );
#2175 = SHELL_BASED_SURFACE_MODEL('',(#2176));
#2176 = OPEN_SHELL('',(#2177));
#2177 = ADVANCED_FACE('',(#2178),#2192,.T.);
#2178 = FACE_BOUND('',#2179,.T.);
#2179 = EDGE_LOOP('',(#2180,#2203,#2220,#2236));
#2180 = ORIENTED_EDGE('',*,*,#2181,.T.);
#2181 = EDGE_CURVE('',#2182,#2184,#2186,.T.);
#2182 = VERTEX_POINT('',#2183);
#2183 = CARTESIAN_POINT('',(3.316624790355,-12.85,0.));
#2184 = VERTEX_POINT('',#2185);
#2185 = CARTESIAN_POINT('',(3.316624790355,-11.85,0.));
#2186 = SURFACE_CURVE('',#2187,(#2191),.PCURVE_S1.);
#2187 = LINE('',#2188,#2189);
#2188 = CARTESIAN_POINT('',(3.316624790355,-11.85,0.));
#2189 = VECTOR('',#2190,1.);
#2190 = DIRECTION('',(0.,1.,0.));
#2191 = PCURVE('',#2192,#2197);
#2192 = CYLINDRICAL_SURFACE('',#2193,6.);
#2193 = AXIS2_PLACEMENT_3D('',#2194,#2195,#2196);
#2194 = CARTESIAN_POINT('',(-1.734723475977E-15,-11.85,5.));
#2195 = DIRECTION('',(0.,-1.,0.));
#2196 = DIRECTION('',(-2.22044604925E-16,0.,1.));
#2197 = DEFINITIONAL_REPRESENTATION('',(#2198),#2202);
#2198 = LINE('',#2199,#2200);
#2199 = CARTESIAN_POINT('',(3.727278197047,0.));
#2200 = VECTOR('',#2201,1.);
#2201 = DIRECTION('',(0.,-1.));
#2202 = ( GEOMETRIC_REPRESENTATION_CONTEXT(2) 
PARAMETRIC_REPRESENTATION_CONTEXT() REPRESENTATION_CONTEXT('2D SPACE',''
  ) );
#2203 = ORIENTED_EDGE('',*,*,#2204,.T.);
#2204 = EDGE_CURVE('',#2184,#2205,#2207,.T.);
#2205 = VERTEX_POINT('',#2206);
#2206 = CARTESIAN_POINT('',(6.,-11.85,5.));
#2207 = SURFACE_CURVE('',#2208,(#2213),.PCURVE_S1.);
#2208 = CIRCLE('',#2209,6.);
#2209 = AXIS2_PLACEMENT_3D('',#2210,#2211,#2212);
#2210 = CARTESIAN_POINT('',(-1.734723475977E-15,-11.85,5.));
#2211 = DIRECTION('',(0.,-1.,0.));
#2212 = DIRECTION('',(-2.22044604925E-16,0.,1.));
#2213 = PCURVE('',#2192,#2214);
#2214 = DEFINITIONAL_REPRESENTATION('',(#2215),#2219);
#2215 = LINE('',#2216,#2217);
#2216 = CARTESIAN_POINT('',(-4.440892098501E-16,0.));
#2217 = VECTOR('',#2218,1.);
#2218 = DIRECTION('',(1.,0.));
#2219 = ( GEOMETRIC_REPRESENTATION_CONTEXT(2) 
PARAMETRIC_REPRESENTATION_CONTEXT() REPRESENTATION_CONTEXT('2D SPACE',''
  ) );
#2220 = ORIENTED_EDGE('',*,*,#2221,.T.);
#2221 = EDGE_CURVE('',#2205,#2222,#2224,.T.);
#2222 = VERTEX_POINT('',#2223);
#2223 = CARTESIAN_POINT('',(6.,-12.85,5.));
#2224 = SURFACE_CURVE('',#2225,(#2229),.PCURVE_S1.);
#2225 = LINE('',#2226,#2227);
#2226 = CARTESIAN_POINT('',(6.,-11.85,5.));
#2227 = VECTOR('',#2228,1.);
#2228 = DIRECTION('',(0.,-1.,0.));
#2229 = PCURVE('',#2192,#2230);
#2230 = DEFINITIONAL_REPRESENTATION('',(#2231),#2235);
#2231 = LINE('',#2232,#2233);
#2232 = CARTESIAN_POINT('',(4.712388980385,0.));
#2233 = VECTOR('',#2234,1.);
#2234 = DIRECTION('',(0.,1.));
#2235 = ( GEOMETRIC_REPRESENTATION_CONTEXT(2) 
PARAMETRIC_REPRESENTATION_CONTEXT() REPRESENTATION_CONTEXT('2D SPACE',''
  ) );
#2236 = ORIENTED_EDGE('',*,*,#2237,.F.);
#2237 = EDGE_CURVE('',#2182,#2222,#2238,.T.);
#2238 = SURFACE_CURVE('',#2239,(#2244),.PCURVE_S1.);
#2239 = CIRCLE('',#2240,6.);
#2240 = AXIS2_PLACEMENT_3D('',#2241,#2242,#2243);
#2241 = CARTESIAN_POINT('',(-1.734723475977E-15,-12.85,5.));
#2242 = DIRECTION('',(0.,-1.,0.));
#2243 = DIRECTION('',(-2.22044604925E-16,0.,1.));
#2244 = PCURVE('',#2192,#2245);
#2245 = DEFINITIONAL_REPRESENTATION('',(#2246),#2250);
#2246 = LINE('',#2247,#2248);
#2247 = CARTESIAN_POINT('',(-4.440892098501E-16,1.));
#2248 = VECTOR('',#2249,1.);
#2249 = DIRECTION('',(1.,0.));
#2250 = ( GEOMETRIC_REPRESENTATION_CONTEXT(2) 
PARAMETRIC_REPRESENTATION_CONTEXT() REPRESENTATION_CONTEXT('2D SPACE',''
  ) );
#2251 = SHELL_BASED_SURFACE_MODEL('',(#2252));
#2252 = OPEN_SHELL('',(#2253));
#2253 = ADVANCED_FACE('',(#2254),#2268,.T.);
#2254 = FACE_BOUND('',#2255,.T.);
#2255 = EDGE_LOOP('',(#2256,#2279,#2295,#2311));
#2256 = ORIENTED_EDGE('',*,*,#2257,.F.);
#2257 = EDGE_CURVE('',#2258,#2260,#2262,.T.);
#2258 = VERTEX_POINT('',#2259);
#2259 = CARTESIAN_POINT('',(-3.3,-12.85,4.05));
#2260 = VERTEX_POINT('',#2261);
#2261 = CARTESIAN_POINT('',(-4.,-12.85,4.05));
#2262 = SURFACE_CURVE('',#2263,(#2267),.PCURVE_S1.);
#2263 = LINE('',#2264,#2265);
#2264 = CARTESIAN_POINT('',(-4.,-12.85,4.05));
#2265 = VECTOR('',#2266,1.);
#2266 = DIRECTION('',(-1.,0.,-2.22044604925E-16));
#2267 = PCURVE('',#2268,#2273);
#2268 = PLANE('',#2269);
#2269 = AXIS2_PLACEMENT_3D('',#2270,#2271,#2272);
#2270 = CARTESIAN_POINT('',(-4.,-11.85,4.05));
#2271 = DIRECTION('',(-2.22044604925E-16,0.,1.));
#2272 = DIRECTION('',(-1.,0.,-2.22044604925E-16));
#2273 = DEFINITIONAL_REPRESENTATION('',(#2274),#2278);
#2274 = LINE('',#2275,#2276);
#2275 = CARTESIAN_POINT('',(0.,1.));
#2276 = VECTOR('',#2277,1.);
#2277 = DIRECTION('',(1.,0.));
#2278 = ( GEOMETRIC_REPRESENTATION_CONTEXT(2) 
PARAMETRIC_REPRESENTATION_CONTEXT() REPRESENTATION_CONTEXT('2D SPACE',''
  ) );
#2279 = ORIENTED_EDGE('',*,*,#2280,.F.);
#2280 = EDGE_CURVE('',#2281,#2258,#2283,.T.);
#2281 = VERTEX_POINT('',#2282);
#2282 = CARTESIAN_POINT('',(-3.3,-11.85,4.05));
#2283 = SURFACE_CURVE('',#2284,(#2288),.PCURVE_S1.);
#2284 = LINE('',#2285,#2286);
#2285 = CARTESIAN_POINT('',(-3.3,-11.85,4.05));
#2286 = VECTOR('',#2287,1.);
#2287 = DIRECTION('',(0.,-1.,0.));
#2288 = PCURVE('',#2268,#2289);
#2289 = DEFINITIONAL_REPRESENTATION('',(#2290),#2294);
#2290 = LINE('',#2291,#2292);
#2291 = CARTESIAN_POINT('',(-0.7,-0.));
#2292 = VECTOR('',#2293,1.);
#2293 = DIRECTION('',(0.,1.));
#2294 = ( GEOMETRIC_REPRESENTATION_CONTEXT(2) 
PARAMETRIC_REPRESENTATION_CONTEXT() REPRESENTATION_CONTEXT('2D SPACE',''
  ) );
#2295 = ORIENTED_EDGE('',*,*,#2296,.T.);
#2296 = EDGE_CURVE('',#2281,#2297,#2299,.T.);
#2297 = VERTEX_POINT('',#2298);
#2298 = CARTESIAN_POINT('',(-4.,-11.85,4.05));
#2299 = SURFACE_CURVE('',#2300,(#2304),.PCURVE_S1.);
#2300 = LINE('',#2301,#2302);
#2301 = CARTESIAN_POINT('',(-4.,-11.85,4.05));
#2302 = VECTOR('',#2303,1.);
#2303 = DIRECTION('',(-1.,0.,-2.22044604925E-16));
#2304 = PCURVE('',#2268,#2305);
#2305 = DEFINITIONAL_REPRESENTATION('',(#2306),#2310);
#2306 = LINE('',#2307,#2308);
#2307 = CARTESIAN_POINT('',(0.,-0.));
#2308 = VECTOR('',#2309,1.);
#2309 = DIRECTION('',(1.,0.));
#2310 = ( GEOMETRIC_REPRESENTATION_CONTEXT(2) 
PARAMETRIC_REPRESENTATION_CONTEXT() REPRESENTATION_CONTEXT('2D SPACE',''
  ) );
#2311 = ORIENTED_EDGE('',*,*,#2312,.T.);
#2312 = EDGE_CURVE('',#2297,#2260,#2313,.T.);
#2313 = SURFACE_CURVE('',#2314,(#2318),.PCURVE_S1.);
#2314 = LINE('',#2315,#2316);
#2315 = CARTESIAN_POINT('',(-4.,-11.85,4.05));
#2316 = VECTOR('',#2317,1.);
#2317 = DIRECTION('',(0.,-1.,0.));
#2318 = PCURVE('',#2268,#2319);
#2319 = DEFINITIONAL_REPRESENTATION('',(#2320),#2324);
#2320 = LINE('',#2321,#2322);
#2321 = CARTESIAN_POINT('',(0.,-0.));
#2322 = VECTOR('',#2323,1.);
#2323 = DIRECTION('',(0.,1.));
#2324 = ( GEOMETRIC_REPRESENTATION_CONTEXT(2) 
PARAMETRIC_REPRESENTATION_CONTEXT() REPRESENTATION_CONTEXT('2D SPACE',''
  ) );
#2325 = SHELL_BASED_SURFACE_MODEL('',(#2326));
#2326 = OPEN_SHELL('',(#2327));
#2327 = ADVANCED_FACE('',(#2328),#2342,.T.);
#2328 = FACE_BOUND('',#2329,.T.);
#2329 = EDGE_LOOP('',(#2330,#2353,#2369,#2385));
#2330 = ORIENTED_EDGE('',*,*,#2331,.F.);
#2331 = EDGE_CURVE('',#2332,#2334,#2336,.T.);
#2332 = VERTEX_POINT('',#2333);
#2333 = CARTESIAN_POINT('',(-4.,-12.85,5.95));
#2334 = VERTEX_POINT('',#2335);
#2335 = CARTESIAN_POINT('',(-3.3,-12.85,5.95));
#2336 = SURFACE_CURVE('',#2337,(#2341),.PCURVE_S1.);
#2337 = LINE('',#2338,#2339);
#2338 = CARTESIAN_POINT('',(-4.,-12.85,5.95));
#2339 = VECTOR('',#2340,1.);
#2340 = DIRECTION('',(1.,0.,2.22044604925E-16));
#2341 = PCURVE('',#2342,#2347);
#2342 = PLANE('',#2343);
#2343 = AXIS2_PLACEMENT_3D('',#2344,#2345,#2346);
#2344 = CARTESIAN_POINT('',(-4.,-11.85,5.95));
#2345 = DIRECTION('',(2.22044604925E-16,0.,-1.));
#2346 = DIRECTION('',(1.,0.,2.22044604925E-16));
#2347 = DEFINITIONAL_REPRESENTATION('',(#2348),#2352);
#2348 = LINE('',#2349,#2350);
#2349 = CARTESIAN_POINT('',(0.,1.));
#2350 = VECTOR('',#2351,1.);
#2351 = DIRECTION('',(1.,0.));
#2352 = ( GEOMETRIC_REPRESENTATION_CONTEXT(2) 
PARAMETRIC_REPRESENTATION_CONTEXT() REPRESENTATION_CONTEXT('2D SPACE',''
  ) );
#2353 = ORIENTED_EDGE('',*,*,#2354,.F.);
#2354 = EDGE_CURVE('',#2355,#2332,#2357,.T.);
#2355 = VERTEX_POINT('',#2356);
#2356 = CARTESIAN_POINT('',(-4.,-11.85,5.95));
#2357 = SURFACE_CURVE('',#2358,(#2362),.PCURVE_S1.);
#2358 = LINE('',#2359,#2360);
#2359 = CARTESIAN_POINT('',(-4.,-11.85,5.95));
#2360 = VECTOR('',#2361,1.);
#2361 = DIRECTION('',(0.,-1.,0.));
#2362 = PCURVE('',#2342,#2363);
#2363 = DEFINITIONAL_REPRESENTATION('',(#2364),#2368);
#2364 = LINE('',#2365,#2366);
#2365 = CARTESIAN_POINT('',(0.,0.));
#2366 = VECTOR('',#2367,1.);
#2367 = DIRECTION('',(0.,1.));
#2368 = ( GEOMETRIC_REPRESENTATION_CONTEXT(2) 
PARAMETRIC_REPRESENTATION_CONTEXT() REPRESENTATION_CONTEXT('2D SPACE',''
  ) );
#2369 = ORIENTED_EDGE('',*,*,#2370,.T.);
#2370 = EDGE_CURVE('',#2355,#2371,#2373,.T.);
#2371 = VERTEX_POINT('',#2372);
#2372 = CARTESIAN_POINT('',(-3.3,-11.85,5.95));
#2373 = SURFACE_CURVE('',#2374,(#2378),.PCURVE_S1.);
#2374 = LINE('',#2375,#2376);
#2375 = CARTESIAN_POINT('',(-4.,-11.85,5.95));
#2376 = VECTOR('',#2377,1.);
#2377 = DIRECTION('',(1.,0.,2.22044604925E-16));
#2378 = PCURVE('',#2342,#2379);
#2379 = DEFINITIONAL_REPRESENTATION('',(#2380),#2384);
#2380 = LINE('',#2381,#2382);
#2381 = CARTESIAN_POINT('',(0.,0.));
#2382 = VECTOR('',#2383,1.);
#2383 = DIRECTION('',(1.,0.));
#2384 = ( GEOMETRIC_REPRESENTATION_CONTEXT(2) 
PARAMETRIC_REPRESENTATION_CONTEXT() REPRESENTATION_CONTEXT('2D SPACE',''
  ) );
#2385 = ORIENTED_EDGE('',*,*,#2386,.T.);
#2386 = EDGE_CURVE('',#2371,#2334,#2387,.T.);
#2387 = SURFACE_CURVE('',#2388,(#2392),.PCURVE_S1.);
#2388 = LINE('',#2389,#2390);
#2389 = CARTESIAN_POINT('',(-3.3,-11.85,5.95));
#2390 = VECTOR('',#2391,1.);
#2391 = DIRECTION('',(0.,-1.,0.));
#2392 = PCURVE('',#2342,#2393);
#2393 = DEFINITIONAL_REPRESENTATION('',(#2394),#2398);
#2394 = LINE('',#2395,#2396);
#2395 = CARTESIAN_POINT('',(0.7,0.));
#2396 = VECTOR('',#2397,1.);
#2397 = DIRECTION('',(0.,1.));
#2398 = ( GEOMETRIC_REPRESENTATION_CONTEXT(2) 
PARAMETRIC_REPRESENTATION_CONTEXT() REPRESENTATION_CONTEXT('2D SPACE',''
  ) );
#2399 = SHELL_BASED_SURFACE_MODEL('',(#2400));
#2400 = OPEN_SHELL('',(#2401));
#2401 = ADVANCED_FACE('',(#2402),#2416,.T.);
#2402 = FACE_BOUND('',#2403,.T.);
#2403 = EDGE_LOOP('',(#2404,#2427,#2443,#2459));
#2404 = ORIENTED_EDGE('',*,*,#2405,.F.);
#2405 = EDGE_CURVE('',#2406,#2408,#2410,.T.);
#2406 = VERTEX_POINT('',#2407);
#2407 = CARTESIAN_POINT('',(-3.3,-12.85,5.95));
#2408 = VERTEX_POINT('',#2409);
#2409 = CARTESIAN_POINT('',(-3.3,-12.85,4.05));
#2410 = SURFACE_CURVE('',#2411,(#2415),.PCURVE_S1.);
#2411 = LINE('',#2412,#2413);
#2412 = CARTESIAN_POINT('',(-3.3,-12.85,4.05));
#2413 = VECTOR('',#2414,1.);
#2414 = DIRECTION('',(2.22044604925E-16,0.,-1.));
#2415 = PCURVE('',#2416,#2421);
#2416 = PLANE('',#2417);
#2417 = AXIS2_PLACEMENT_3D('',#2418,#2419,#2420);
#2418 = CARTESIAN_POINT('',(-3.3,-11.85,4.05));
#2419 = DIRECTION('',(-1.,0.,-2.22044604925E-16));
#2420 = DIRECTION('',(2.22044604925E-16,0.,-1.));
#2421 = DEFINITIONAL_REPRESENTATION('',(#2422),#2426);
#2422 = LINE('',#2423,#2424);
#2423 = CARTESIAN_POINT('',(0.,1.));
#2424 = VECTOR('',#2425,1.);
#2425 = DIRECTION('',(1.,0.));
#2426 = ( GEOMETRIC_REPRESENTATION_CONTEXT(2) 
PARAMETRIC_REPRESENTATION_CONTEXT() REPRESENTATION_CONTEXT('2D SPACE',''
  ) );
#2427 = ORIENTED_EDGE('',*,*,#2428,.F.);
#2428 = EDGE_CURVE('',#2429,#2406,#2431,.T.);
#2429 = VERTEX_POINT('',#2430);
#2430 = CARTESIAN_POINT('',(-3.3,-11.85,5.95));
#2431 = SURFACE_CURVE('',#2432,(#2436),.PCURVE_S1.);
#2432 = LINE('',#2433,#2434);
#2433 = CARTESIAN_POINT('',(-3.3,-11.85,5.95));
#2434 = VECTOR('',#2435,1.);
#2435 = DIRECTION('',(0.,-1.,0.));
#2436 = PCURVE('',#2416,#2437);
#2437 = DEFINITIONAL_REPRESENTATION('',(#2438),#2442);
#2438 = LINE('',#2439,#2440);
#2439 = CARTESIAN_POINT('',(-1.9,0.));
#2440 = VECTOR('',#2441,1.);
#2441 = DIRECTION('',(0.,1.));
#2442 = ( GEOMETRIC_REPRESENTATION_CONTEXT(2) 
PARAMETRIC_REPRESENTATION_CONTEXT() REPRESENTATION_CONTEXT('2D SPACE',''
  ) );
#2443 = ORIENTED_EDGE('',*,*,#2444,.T.);
#2444 = EDGE_CURVE('',#2429,#2445,#2447,.T.);
#2445 = VERTEX_POINT('',#2446);
#2446 = CARTESIAN_POINT('',(-3.3,-11.85,4.05));
#2447 = SURFACE_CURVE('',#2448,(#2452),.PCURVE_S1.);
#2448 = LINE('',#2449,#2450);
#2449 = CARTESIAN_POINT('',(-3.3,-11.85,4.05));
#2450 = VECTOR('',#2451,1.);
#2451 = DIRECTION('',(2.22044604925E-16,0.,-1.));
#2452 = PCURVE('',#2416,#2453);
#2453 = DEFINITIONAL_REPRESENTATION('',(#2454),#2458);
#2454 = LINE('',#2455,#2456);
#2455 = CARTESIAN_POINT('',(0.,0.));
#2456 = VECTOR('',#2457,1.);
#2457 = DIRECTION('',(1.,0.));
#2458 = ( GEOMETRIC_REPRESENTATION_CONTEXT(2) 
PARAMETRIC_REPRESENTATION_CONTEXT() REPRESENTATION_CONTEXT('2D SPACE',''
  ) );
#2459 = ORIENTED_EDGE('',*,*,#2460,.T.);
#2460 = EDGE_CURVE('',#2445,#2408,#2461,.T.);
#2461 = SURFACE_CURVE('',#2462,(#2466),.PCURVE_S1.);
#2462 = LINE('',#2463,#2464);
#2463 = CARTESIAN_POINT('',(-3.3,-11.85,4.05));
#2464 = VECTOR('',#2465,1.);
#2465 = DIRECTION('',(0.,-1.,0.));
#2466 = PCURVE('',#2416,#2467);
#2467 = DEFINITIONAL_REPRESENTATION('',(#2468),#2472);
#2468 = LINE('',#2469,#2470);
#2469 = CARTESIAN_POINT('',(0.,0.));
#2470 = VECTOR('',#2471,1.);
#2471 = DIRECTION('',(0.,1.));
#2472 = ( GEOMETRIC_REPRESENTATION_CONTEXT(2) 
PARAMETRIC_REPRESENTATION_CONTEXT() REPRESENTATION_CONTEXT('2D SPACE',''
  ) );
#2473 = SHELL_BASED_SURFACE_MODEL('',(#2474));
#2474 = OPEN_SHELL('',(#2475));
#2475 = ADVANCED_FACE('',(#2476),#2490,.F.);
#2476 = FACE_BOUND('',#2477,.T.);
#2477 = EDGE_LOOP('',(#2478,#2501,#2517,#2533));
#2478 = ORIENTED_EDGE('',*,*,#2479,.T.);
#2479 = EDGE_CURVE('',#2480,#2482,#2484,.T.);
#2480 = VERTEX_POINT('',#2481);
#2481 = CARTESIAN_POINT('',(4.,-12.85,5.95));
#2482 = VERTEX_POINT('',#2483);
#2483 = CARTESIAN_POINT('',(3.3,-12.85,5.95));
#2484 = SURFACE_CURVE('',#2485,(#2489),.PCURVE_S1.);
#2485 = LINE('',#2486,#2487);
#2486 = CARTESIAN_POINT('',(4.,-12.85,5.95));
#2487 = VECTOR('',#2488,1.);
#2488 = DIRECTION('',(-1.,0.,-2.22044604925E-16));
#2489 = PCURVE('',#2490,#2495);
#2490 = PLANE('',#2491);
#2491 = AXIS2_PLACEMENT_3D('',#2492,#2493,#2494);
#2492 = CARTESIAN_POINT('',(4.,-11.85,5.95));
#2493 = DIRECTION('',(-2.22044604925E-16,0.,1.));
#2494 = DIRECTION('',(-1.,0.,-2.22044604925E-16));
#2495 = DEFINITIONAL_REPRESENTATION('',(#2496),#2500);
#2496 = LINE('',#2497,#2498);
#2497 = CARTESIAN_POINT('',(0.,1.));
#2498 = VECTOR('',#2499,1.);
#2499 = DIRECTION('',(1.,0.));
#2500 = ( GEOMETRIC_REPRESENTATION_CONTEXT(2) 
PARAMETRIC_REPRESENTATION_CONTEXT() REPRESENTATION_CONTEXT('2D SPACE',''
  ) );
#2501 = ORIENTED_EDGE('',*,*,#2502,.F.);
#2502 = EDGE_CURVE('',#2503,#2482,#2505,.T.);
#2503 = VERTEX_POINT('',#2504);
#2504 = CARTESIAN_POINT('',(3.3,-11.85,5.95));
#2505 = SURFACE_CURVE('',#2506,(#2510),.PCURVE_S1.);
#2506 = LINE('',#2507,#2508);
#2507 = CARTESIAN_POINT('',(3.3,-11.85,5.95));
#2508 = VECTOR('',#2509,1.);
#2509 = DIRECTION('',(0.,-1.,0.));
#2510 = PCURVE('',#2490,#2511);
#2511 = DEFINITIONAL_REPRESENTATION('',(#2512),#2516);
#2512 = LINE('',#2513,#2514);
#2513 = CARTESIAN_POINT('',(0.7,0.));
#2514 = VECTOR('',#2515,1.);
#2515 = DIRECTION('',(0.,1.));
#2516 = ( GEOMETRIC_REPRESENTATION_CONTEXT(2) 
PARAMETRIC_REPRESENTATION_CONTEXT() REPRESENTATION_CONTEXT('2D SPACE',''
  ) );
#2517 = ORIENTED_EDGE('',*,*,#2518,.F.);
#2518 = EDGE_CURVE('',#2519,#2503,#2521,.T.);
#2519 = VERTEX_POINT('',#2520);
#2520 = CARTESIAN_POINT('',(4.,-11.85,5.95));
#2521 = SURFACE_CURVE('',#2522,(#2526),.PCURVE_S1.);
#2522 = LINE('',#2523,#2524);
#2523 = CARTESIAN_POINT('',(4.,-11.85,5.95));
#2524 = VECTOR('',#2525,1.);
#2525 = DIRECTION('',(-1.,0.,-2.22044604925E-16));
#2526 = PCURVE('',#2490,#2527);
#2527 = DEFINITIONAL_REPRESENTATION('',(#2528),#2532);
#2528 = LINE('',#2529,#2530);
#2529 = CARTESIAN_POINT('',(0.,-0.));
#2530 = VECTOR('',#2531,1.);
#2531 = DIRECTION('',(1.,0.));
#2532 = ( GEOMETRIC_REPRESENTATION_CONTEXT(2) 
PARAMETRIC_REPRESENTATION_CONTEXT() REPRESENTATION_CONTEXT('2D SPACE',''
  ) );
#2533 = ORIENTED_EDGE('',*,*,#2534,.T.);
#2534 = EDGE_CURVE('',#2519,#2480,#2535,.T.);
#2535 = SURFACE_CURVE('',#2536,(#2540),.PCURVE_S1.);
#2536 = LINE('',#2537,#2538);
#2537 = CARTESIAN_POINT('',(4.,-11.85,5.95));
#2538 = VECTOR('',#2539,1.);
#2539 = DIRECTION('',(0.,-1.,0.));
#2540 = PCURVE('',#2490,#2541);
#2541 = DEFINITIONAL_REPRESENTATION('',(#2542),#2546);
#2542 = LINE('',#2543,#2544);
#2543 = CARTESIAN_POINT('',(0.,-0.));
#2544 = VECTOR('',#2545,1.);
#2545 = DIRECTION('',(0.,1.));
#2546 = ( GEOMETRIC_REPRESENTATION_CONTEXT(2) 
PARAMETRIC_REPRESENTATION_CONTEXT() REPRESENTATION_CONTEXT('2D SPACE',''
  ) );
#2547 = SHELL_BASED_SURFACE_MODEL('',(#2548));
#2548 = OPEN_SHELL('',(#2549));
#2549 = ADVANCED_FACE('',(#2550),#2564,.F.);
#2550 = FACE_BOUND('',#2551,.T.);
#2551 = EDGE_LOOP('',(#2552,#2575,#2591,#2607));
#2552 = ORIENTED_EDGE('',*,*,#2553,.T.);
#2553 = EDGE_CURVE('',#2554,#2556,#2558,.T.);
#2554 = VERTEX_POINT('',#2555);
#2555 = CARTESIAN_POINT('',(3.3,-12.85,4.05));
#2556 = VERTEX_POINT('',#2557);
#2557 = CARTESIAN_POINT('',(4.,-12.85,4.05));
#2558 = SURFACE_CURVE('',#2559,(#2563),.PCURVE_S1.);
#2559 = LINE('',#2560,#2561);
#2560 = CARTESIAN_POINT('',(4.,-12.85,4.05));
#2561 = VECTOR('',#2562,1.);
#2562 = DIRECTION('',(1.,0.,2.22044604925E-16));
#2563 = PCURVE('',#2564,#2569);
#2564 = PLANE('',#2565);
#2565 = AXIS2_PLACEMENT_3D('',#2566,#2567,#2568);
#2566 = CARTESIAN_POINT('',(4.,-11.85,4.05));
#2567 = DIRECTION('',(2.22044604925E-16,0.,-1.));
#2568 = DIRECTION('',(1.,0.,2.22044604925E-16));
#2569 = DEFINITIONAL_REPRESENTATION('',(#2570),#2574);
#2570 = LINE('',#2571,#2572);
#2571 = CARTESIAN_POINT('',(0.,1.));
#2572 = VECTOR('',#2573,1.);
#2573 = DIRECTION('',(1.,0.));
#2574 = ( GEOMETRIC_REPRESENTATION_CONTEXT(2) 
PARAMETRIC_REPRESENTATION_CONTEXT() REPRESENTATION_CONTEXT('2D SPACE',''
  ) );
#2575 = ORIENTED_EDGE('',*,*,#2576,.F.);
#2576 = EDGE_CURVE('',#2577,#2556,#2579,.T.);
#2577 = VERTEX_POINT('',#2578);
#2578 = CARTESIAN_POINT('',(4.,-11.85,4.05));
#2579 = SURFACE_CURVE('',#2580,(#2584),.PCURVE_S1.);
#2580 = LINE('',#2581,#2582);
#2581 = CARTESIAN_POINT('',(4.,-11.85,4.05));
#2582 = VECTOR('',#2583,1.);
#2583 = DIRECTION('',(0.,-1.,0.));
#2584 = PCURVE('',#2564,#2585);
#2585 = DEFINITIONAL_REPRESENTATION('',(#2586),#2590);
#2586 = LINE('',#2587,#2588);
#2587 = CARTESIAN_POINT('',(0.,0.));
#2588 = VECTOR('',#2589,1.);
#2589 = DIRECTION('',(0.,1.));
#2590 = ( GEOMETRIC_REPRESENTATION_CONTEXT(2) 
PARAMETRIC_REPRESENTATION_CONTEXT() REPRESENTATION_CONTEXT('2D SPACE',''
  ) );
#2591 = ORIENTED_EDGE('',*,*,#2592,.F.);
#2592 = EDGE_CURVE('',#2593,#2577,#2595,.T.);
#2593 = VERTEX_POINT('',#2594);
#2594 = CARTESIAN_POINT('',(3.3,-11.85,4.05));
#2595 = SURFACE_CURVE('',#2596,(#2600),.PCURVE_S1.);
#2596 = LINE('',#2597,#2598);
#2597 = CARTESIAN_POINT('',(4.,-11.85,4.05));
#2598 = VECTOR('',#2599,1.);
#2599 = DIRECTION('',(1.,0.,2.22044604925E-16));
#2600 = PCURVE('',#2564,#2601);
#2601 = DEFINITIONAL_REPRESENTATION('',(#2602),#2606);
#2602 = LINE('',#2603,#2604);
#2603 = CARTESIAN_POINT('',(0.,0.));
#2604 = VECTOR('',#2605,1.);
#2605 = DIRECTION('',(1.,0.));
#2606 = ( GEOMETRIC_REPRESENTATION_CONTEXT(2) 
PARAMETRIC_REPRESENTATION_CONTEXT() REPRESENTATION_CONTEXT('2D SPACE',''
  ) );
#2607 = ORIENTED_EDGE('',*,*,#2608,.T.);
#2608 = EDGE_CURVE('',#2593,#2554,#2609,.T.);
#2609 = SURFACE_CURVE('',#2610,(#2614),.PCURVE_S1.);
#2610 = LINE('',#2611,#2612);
#2611 = CARTESIAN_POINT('',(3.3,-11.85,4.05));
#2612 = VECTOR('',#2613,1.);
#2613 = DIRECTION('',(0.,-1.,0.));
#2614 = PCURVE('',#2564,#2615);
#2615 = DEFINITIONAL_REPRESENTATION('',(#2616),#2620);
#2616 = LINE('',#2617,#2618);
#2617 = CARTESIAN_POINT('',(-0.7,0.));
#2618 = VECTOR('',#2619,1.);
#2619 = DIRECTION('',(0.,1.));
#2620 = ( GEOMETRIC_REPRESENTATION_CONTEXT(2) 
PARAMETRIC_REPRESENTATION_CONTEXT() REPRESENTATION_CONTEXT('2D SPACE',''
  ) );
#2621 = SHELL_BASED_SURFACE_MODEL('',(#2622));
#2622 = OPEN_SHELL('',(#2623));
#2623 = ADVANCED_FACE('',(#2624),#2638,.T.);
#2624 = FACE_BOUND('',#2625,.T.);
#2625 = EDGE_LOOP('',(#2626,#2649,#2665,#2681));
#2626 = ORIENTED_EDGE('',*,*,#2627,.F.);
#2627 = EDGE_CURVE('',#2628,#2630,#2632,.T.);
#2628 = VERTEX_POINT('',#2629);
#2629 = CARTESIAN_POINT('',(2.414466094067,-12.85,11.628427124746));
#2630 = VERTEX_POINT('',#2631);
#2631 = CARTESIAN_POINT('',(3.121572875254,-12.85,12.335533905933));
#2632 = SURFACE_CURVE('',#2633,(#2637),.PCURVE_S1.);
#2633 = LINE('',#2634,#2635);
#2634 = CARTESIAN_POINT('',(3.121572875254,-12.85,12.335533905933));
#2635 = VECTOR('',#2636,1.);
#2636 = DIRECTION('',(0.707106781187,0.,0.707106781187));
#2637 = PCURVE('',#2638,#2643);
#2638 = PLANE('',#2639);
#2639 = AXIS2_PLACEMENT_3D('',#2640,#2641,#2642);
#2640 = CARTESIAN_POINT('',(3.121572875254,-16.05,12.335533905933));
#2641 = DIRECTION('',(-0.707106781187,0.,0.707106781187));
#2642 = DIRECTION('',(-0.707106781187,0.,-0.707106781187));
#2643 = DEFINITIONAL_REPRESENTATION('',(#2644),#2648);
#2644 = LINE('',#2645,#2646);
#2645 = CARTESIAN_POINT('',(0.,-3.2));
#2646 = VECTOR('',#2647,1.);
#2647 = DIRECTION('',(-1.,-0.));
#2648 = ( GEOMETRIC_REPRESENTATION_CONTEXT(2) 
PARAMETRIC_REPRESENTATION_CONTEXT() REPRESENTATION_CONTEXT('2D SPACE',''
  ) );
#2649 = ORIENTED_EDGE('',*,*,#2650,.F.);
#2650 = EDGE_CURVE('',#2651,#2628,#2653,.T.);
#2651 = VERTEX_POINT('',#2652);
#2652 = CARTESIAN_POINT('',(2.414466094067,-16.05,11.628427124746));
#2653 = SURFACE_CURVE('',#2654,(#2658),.PCURVE_S1.);
#2654 = LINE('',#2655,#2656);
#2655 = CARTESIAN_POINT('',(2.414466094067,-16.05,11.628427124746));
#2656 = VECTOR('',#2657,1.);
#2657 = DIRECTION('',(0.,1.,0.));
#2658 = PCURVE('',#2638,#2659);
#2659 = DEFINITIONAL_REPRESENTATION('',(#2660),#2664);
#2660 = LINE('',#2661,#2662);
#2661 = CARTESIAN_POINT('',(1.,0.));
#2662 = VECTOR('',#2663,1.);
#2663 = DIRECTION('',(0.,-1.));
#2664 = ( GEOMETRIC_REPRESENTATION_CONTEXT(2) 
PARAMETRIC_REPRESENTATION_CONTEXT() REPRESENTATION_CONTEXT('2D SPACE',''
  ) );
#2665 = ORIENTED_EDGE('',*,*,#2666,.T.);
#2666 = EDGE_CURVE('',#2651,#2667,#2669,.T.);
#2667 = VERTEX_POINT('',#2668);
#2668 = CARTESIAN_POINT('',(3.121572875254,-16.05,12.335533905933));
#2669 = SURFACE_CURVE('',#2670,(#2674),.PCURVE_S1.);
#2670 = LINE('',#2671,#2672);
#2671 = CARTESIAN_POINT('',(3.121572875254,-16.05,12.335533905933));
#2672 = VECTOR('',#2673,1.);
#2673 = DIRECTION('',(0.707106781187,0.,0.707106781187));
#2674 = PCURVE('',#2638,#2675);
#2675 = DEFINITIONAL_REPRESENTATION('',(#2676),#2680);
#2676 = LINE('',#2677,#2678);
#2677 = CARTESIAN_POINT('',(0.,0.));
#2678 = VECTOR('',#2679,1.);
#2679 = DIRECTION('',(-1.,-0.));
#2680 = ( GEOMETRIC_REPRESENTATION_CONTEXT(2) 
PARAMETRIC_REPRESENTATION_CONTEXT() REPRESENTATION_CONTEXT('2D SPACE',''
  ) );
#2681 = ORIENTED_EDGE('',*,*,#2682,.T.);
#2682 = EDGE_CURVE('',#2667,#2630,#2683,.T.);
#2683 = SURFACE_CURVE('',#2684,(#2688),.PCURVE_S1.);
#2684 = LINE('',#2685,#2686);
#2685 = CARTESIAN_POINT('',(3.121572875254,-16.05,12.335533905933));
#2686 = VECTOR('',#2687,1.);
#2687 = DIRECTION('',(0.,1.,0.));
#2688 = PCURVE('',#2638,#2689);
#2689 = DEFINITIONAL_REPRESENTATION('',(#2690),#2694);
#2690 = LINE('',#2691,#2692);
#2691 = CARTESIAN_POINT('',(0.,0.));
#2692 = VECTOR('',#2693,1.);
#2693 = DIRECTION('',(0.,-1.));
#2694 = ( GEOMETRIC_REPRESENTATION_CONTEXT(2) 
PARAMETRIC_REPRESENTATION_CONTEXT() REPRESENTATION_CONTEXT('2D SPACE',''
  ) );
#2695 = SHELL_BASED_SURFACE_MODEL('',(#2696));
#2696 = OPEN_SHELL('',(#2697));
#2697 = ADVANCED_FACE('',(#2698),#2712,.T.);
#2698 = FACE_BOUND('',#2699,.T.);
#2699 = EDGE_LOOP('',(#2700,#2723,#2739,#2755));
#2700 = ORIENTED_EDGE('',*,*,#2701,.F.);
#2701 = EDGE_CURVE('',#2702,#2704,#2706,.T.);
#2702 = VERTEX_POINT('',#2703);
#2703 = CARTESIAN_POINT('',(3.121572875254,-12.85,12.335533905933));
#2704 = VERTEX_POINT('',#2705);
#2705 = CARTESIAN_POINT('',(5.95,-12.85,9.507106781187));
#2706 = SURFACE_CURVE('',#2707,(#2711),.PCURVE_S1.);
#2707 = LINE('',#2708,#2709);
#2708 = CARTESIAN_POINT('',(5.95,-12.85,9.507106781187));
#2709 = VECTOR('',#2710,1.);
#2710 = DIRECTION('',(0.707106781187,0.,-0.707106781187));
#2711 = PCURVE('',#2712,#2717);
#2712 = PLANE('',#2713);
#2713 = AXIS2_PLACEMENT_3D('',#2714,#2715,#2716);
#2714 = CARTESIAN_POINT('',(5.95,-16.05,9.507106781187));
#2715 = DIRECTION('',(0.707106781187,0.,0.707106781187));
#2716 = DIRECTION('',(-0.707106781187,0.,0.707106781187));
#2717 = DEFINITIONAL_REPRESENTATION('',(#2718),#2722);
#2718 = LINE('',#2719,#2720);
#2719 = CARTESIAN_POINT('',(0.,-3.2));
#2720 = VECTOR('',#2721,1.);
#2721 = DIRECTION('',(-1.,0.));
#2722 = ( GEOMETRIC_REPRESENTATION_CONTEXT(2) 
PARAMETRIC_REPRESENTATION_CONTEXT() REPRESENTATION_CONTEXT('2D SPACE',''
  ) );
#2723 = ORIENTED_EDGE('',*,*,#2724,.F.);
#2724 = EDGE_CURVE('',#2725,#2702,#2727,.T.);
#2725 = VERTEX_POINT('',#2726);
#2726 = CARTESIAN_POINT('',(3.121572875254,-16.05,12.335533905933));
#2727 = SURFACE_CURVE('',#2728,(#2732),.PCURVE_S1.);
#2728 = LINE('',#2729,#2730);
#2729 = CARTESIAN_POINT('',(3.121572875254,-16.05,12.335533905933));
#2730 = VECTOR('',#2731,1.);
#2731 = DIRECTION('',(0.,1.,0.));
#2732 = PCURVE('',#2712,#2733);
#2733 = DEFINITIONAL_REPRESENTATION('',(#2734),#2738);
#2734 = LINE('',#2735,#2736);
#2735 = CARTESIAN_POINT('',(4.,0.));
#2736 = VECTOR('',#2737,1.);
#2737 = DIRECTION('',(0.,-1.));
#2738 = ( GEOMETRIC_REPRESENTATION_CONTEXT(2) 
PARAMETRIC_REPRESENTATION_CONTEXT() REPRESENTATION_CONTEXT('2D SPACE',''
  ) );
#2739 = ORIENTED_EDGE('',*,*,#2740,.T.);
#2740 = EDGE_CURVE('',#2725,#2741,#2743,.T.);
#2741 = VERTEX_POINT('',#2742);
#2742 = CARTESIAN_POINT('',(5.95,-16.05,9.507106781187));
#2743 = SURFACE_CURVE('',#2744,(#2748),.PCURVE_S1.);
#2744 = LINE('',#2745,#2746);
#2745 = CARTESIAN_POINT('',(5.95,-16.05,9.507106781187));
#2746 = VECTOR('',#2747,1.);
#2747 = DIRECTION('',(0.707106781187,0.,-0.707106781187));
#2748 = PCURVE('',#2712,#2749);
#2749 = DEFINITIONAL_REPRESENTATION('',(#2750),#2754);
#2750 = LINE('',#2751,#2752);
#2751 = CARTESIAN_POINT('',(0.,0.));
#2752 = VECTOR('',#2753,1.);
#2753 = DIRECTION('',(-1.,0.));
#2754 = ( GEOMETRIC_REPRESENTATION_CONTEXT(2) 
PARAMETRIC_REPRESENTATION_CONTEXT() REPRESENTATION_CONTEXT('2D SPACE',''
  ) );
#2755 = ORIENTED_EDGE('',*,*,#2756,.T.);
#2756 = EDGE_CURVE('',#2741,#2704,#2757,.T.);
#2757 = SURFACE_CURVE('',#2758,(#2762),.PCURVE_S1.);
#2758 = LINE('',#2759,#2760);
#2759 = CARTESIAN_POINT('',(5.95,-16.05,9.507106781187));
#2760 = VECTOR('',#2761,1.);
#2761 = DIRECTION('',(0.,1.,0.));
#2762 = PCURVE('',#2712,#2763);
#2763 = DEFINITIONAL_REPRESENTATION('',(#2764),#2768);
#2764 = LINE('',#2765,#2766);
#2765 = CARTESIAN_POINT('',(0.,0.));
#2766 = VECTOR('',#2767,1.);
#2767 = DIRECTION('',(0.,-1.));
#2768 = ( GEOMETRIC_REPRESENTATION_CONTEXT(2) 
PARAMETRIC_REPRESENTATION_CONTEXT() REPRESENTATION_CONTEXT('2D SPACE',''
  ) );
#2769 = SHELL_BASED_SURFACE_MODEL('',(#2770));
#2770 = OPEN_SHELL('',(#2771));
#2771 = ADVANCED_FACE('',(#2772),#2786,.T.);
#2772 = FACE_BOUND('',#2773,.T.);
#2773 = EDGE_LOOP('',(#2774,#2797,#2813,#2829));
#2774 = ORIENTED_EDGE('',*,*,#2775,.F.);
#2775 = EDGE_CURVE('',#2776,#2778,#2780,.T.);
#2776 = VERTEX_POINT('',#2777);
#2777 = CARTESIAN_POINT('',(5.95,-12.85,9.507106781187));
#2778 = VERTEX_POINT('',#2779);
#2779 = CARTESIAN_POINT('',(5.242893218813,-12.85,8.8));
#2780 = SURFACE_CURVE('',#2781,(#2785),.PCURVE_S1.);
#2781 = LINE('',#2782,#2783);
#2782 = CARTESIAN_POINT('',(5.242893218813,-12.85,8.8));
#2783 = VECTOR('',#2784,1.);
#2784 = DIRECTION('',(-0.707106781187,0.,-0.707106781187));
#2785 = PCURVE('',#2786,#2791);
#2786 = PLANE('',#2787);
#2787 = AXIS2_PLACEMENT_3D('',#2788,#2789,#2790);
#2788 = CARTESIAN_POINT('',(5.242893218813,-16.05,8.8));
#2789 = DIRECTION('',(0.707106781187,0.,-0.707106781187));
#2790 = DIRECTION('',(0.707106781187,0.,0.707106781187));
#2791 = DEFINITIONAL_REPRESENTATION('',(#2792),#2796);
#2792 = LINE('',#2793,#2794);
#2793 = CARTESIAN_POINT('',(0.,-3.2));
#2794 = VECTOR('',#2795,1.);
#2795 = DIRECTION('',(-1.,0.));
#2796 = ( GEOMETRIC_REPRESENTATION_CONTEXT(2) 
PARAMETRIC_REPRESENTATION_CONTEXT() REPRESENTATION_CONTEXT('2D SPACE',''
  ) );
#2797 = ORIENTED_EDGE('',*,*,#2798,.F.);
#2798 = EDGE_CURVE('',#2799,#2776,#2801,.T.);
#2799 = VERTEX_POINT('',#2800);
#2800 = CARTESIAN_POINT('',(5.95,-16.05,9.507106781187));
#2801 = SURFACE_CURVE('',#2802,(#2806),.PCURVE_S1.);
#2802 = LINE('',#2803,#2804);
#2803 = CARTESIAN_POINT('',(5.95,-16.05,9.507106781187));
#2804 = VECTOR('',#2805,1.);
#2805 = DIRECTION('',(0.,1.,0.));
#2806 = PCURVE('',#2786,#2807);
#2807 = DEFINITIONAL_REPRESENTATION('',(#2808),#2812);
#2808 = LINE('',#2809,#2810);
#2809 = CARTESIAN_POINT('',(1.,0.));
#2810 = VECTOR('',#2811,1.);
#2811 = DIRECTION('',(0.,-1.));
#2812 = ( GEOMETRIC_REPRESENTATION_CONTEXT(2) 
PARAMETRIC_REPRESENTATION_CONTEXT() REPRESENTATION_CONTEXT('2D SPACE',''
  ) );
#2813 = ORIENTED_EDGE('',*,*,#2814,.T.);
#2814 = EDGE_CURVE('',#2799,#2815,#2817,.T.);
#2815 = VERTEX_POINT('',#2816);
#2816 = CARTESIAN_POINT('',(5.242893218813,-16.05,8.8));
#2817 = SURFACE_CURVE('',#2818,(#2822),.PCURVE_S1.);
#2818 = LINE('',#2819,#2820);
#2819 = CARTESIAN_POINT('',(5.242893218813,-16.05,8.8));
#2820 = VECTOR('',#2821,1.);
#2821 = DIRECTION('',(-0.707106781187,0.,-0.707106781187));
#2822 = PCURVE('',#2786,#2823);
#2823 = DEFINITIONAL_REPRESENTATION('',(#2824),#2828);
#2824 = LINE('',#2825,#2826);
#2825 = CARTESIAN_POINT('',(0.,0.));
#2826 = VECTOR('',#2827,1.);
#2827 = DIRECTION('',(-1.,0.));
#2828 = ( GEOMETRIC_REPRESENTATION_CONTEXT(2) 
PARAMETRIC_REPRESENTATION_CONTEXT() REPRESENTATION_CONTEXT('2D SPACE',''
  ) );
#2829 = ORIENTED_EDGE('',*,*,#2830,.T.);
#2830 = EDGE_CURVE('',#2815,#2778,#2831,.T.);
#2831 = SURFACE_CURVE('',#2832,(#2836),.PCURVE_S1.);
#2832 = LINE('',#2833,#2834);
#2833 = CARTESIAN_POINT('',(5.242893218813,-16.05,8.8));
#2834 = VECTOR('',#2835,1.);
#2835 = DIRECTION('',(0.,1.,0.));
#2836 = PCURVE('',#2786,#2837);
#2837 = DEFINITIONAL_REPRESENTATION('',(#2838),#2842);
#2838 = LINE('',#2839,#2840);
#2839 = CARTESIAN_POINT('',(0.,0.));
#2840 = VECTOR('',#2841,1.);
#2841 = DIRECTION('',(0.,-1.));
#2842 = ( GEOMETRIC_REPRESENTATION_CONTEXT(2) 
PARAMETRIC_REPRESENTATION_CONTEXT() REPRESENTATION_CONTEXT('2D SPACE',''
  ) );
#2843 = SHELL_BASED_SURFACE_MODEL('',(#2844));
#2844 = OPEN_SHELL('',(#2845));
#2845 = ADVANCED_FACE('',(#2846),#2860,.T.);
#2846 = FACE_BOUND('',#2847,.T.);
#2847 = EDGE_LOOP('',(#2848,#2871,#2887,#2903));
#2848 = ORIENTED_EDGE('',*,*,#2849,.F.);
#2849 = EDGE_CURVE('',#2850,#2852,#2854,.T.);
#2850 = VERTEX_POINT('',#2851);
#2851 = CARTESIAN_POINT('',(5.242893218813,-12.85,8.8));
#2852 = VERTEX_POINT('',#2853);
#2853 = CARTESIAN_POINT('',(4.535786437627,-12.85,8.8));
#2854 = SURFACE_CURVE('',#2855,(#2859),.PCURVE_S1.);
#2855 = LINE('',#2856,#2857);
#2856 = CARTESIAN_POINT('',(4.535786437627,-12.85,8.8));
#2857 = VECTOR('',#2858,1.);
#2858 = DIRECTION('',(-1.,0.,3.912727617483E-16));
#2859 = PCURVE('',#2860,#2865);
#2860 = PLANE('',#2861);
#2861 = AXIS2_PLACEMENT_3D('',#2862,#2863,#2864);
#2862 = CARTESIAN_POINT('',(4.535786437627,-16.05,8.8));
#2863 = DIRECTION('',(-3.912727617483E-16,0.,-1.));
#2864 = DIRECTION('',(1.,0.,-3.912727617483E-16));
#2865 = DEFINITIONAL_REPRESENTATION('',(#2866),#2870);
#2866 = LINE('',#2867,#2868);
#2867 = CARTESIAN_POINT('',(0.,-3.2));
#2868 = VECTOR('',#2869,1.);
#2869 = DIRECTION('',(-1.,0.));
#2870 = ( GEOMETRIC_REPRESENTATION_CONTEXT(2) 
PARAMETRIC_REPRESENTATION_CONTEXT() REPRESENTATION_CONTEXT('2D SPACE',''
  ) );
#2871 = ORIENTED_EDGE('',*,*,#2872,.F.);
#2872 = EDGE_CURVE('',#2873,#2850,#2875,.T.);
#2873 = VERTEX_POINT('',#2874);
#2874 = CARTESIAN_POINT('',(5.242893218813,-16.05,8.8));
#2875 = SURFACE_CURVE('',#2876,(#2880),.PCURVE_S1.);
#2876 = LINE('',#2877,#2878);
#2877 = CARTESIAN_POINT('',(5.242893218813,-16.05,8.8));
#2878 = VECTOR('',#2879,1.);
#2879 = DIRECTION('',(0.,1.,0.));
#2880 = PCURVE('',#2860,#2881);
#2881 = DEFINITIONAL_REPRESENTATION('',(#2882),#2886);
#2882 = LINE('',#2883,#2884);
#2883 = CARTESIAN_POINT('',(0.707106781187,0.));
#2884 = VECTOR('',#2885,1.);
#2885 = DIRECTION('',(0.,-1.));
#2886 = ( GEOMETRIC_REPRESENTATION_CONTEXT(2) 
PARAMETRIC_REPRESENTATION_CONTEXT() REPRESENTATION_CONTEXT('2D SPACE',''
  ) );
#2887 = ORIENTED_EDGE('',*,*,#2888,.T.);
#2888 = EDGE_CURVE('',#2873,#2889,#2891,.T.);
#2889 = VERTEX_POINT('',#2890);
#2890 = CARTESIAN_POINT('',(4.535786437627,-16.05,8.8));
#2891 = SURFACE_CURVE('',#2892,(#2896),.PCURVE_S1.);
#2892 = LINE('',#2893,#2894);
#2893 = CARTESIAN_POINT('',(4.535786437627,-16.05,8.8));
#2894 = VECTOR('',#2895,1.);
#2895 = DIRECTION('',(-1.,0.,3.912727617483E-16));
#2896 = PCURVE('',#2860,#2897);
#2897 = DEFINITIONAL_REPRESENTATION('',(#2898),#2902);
#2898 = LINE('',#2899,#2900);
#2899 = CARTESIAN_POINT('',(0.,0.));
#2900 = VECTOR('',#2901,1.);
#2901 = DIRECTION('',(-1.,0.));
#2902 = ( GEOMETRIC_REPRESENTATION_CONTEXT(2) 
PARAMETRIC_REPRESENTATION_CONTEXT() REPRESENTATION_CONTEXT('2D SPACE',''
  ) );
#2903 = ORIENTED_EDGE('',*,*,#2904,.T.);
#2904 = EDGE_CURVE('',#2889,#2852,#2905,.T.);
#2905 = SURFACE_CURVE('',#2906,(#2910),.PCURVE_S1.);
#2906 = LINE('',#2907,#2908);
#2907 = CARTESIAN_POINT('',(4.535786437627,-16.05,8.8));
#2908 = VECTOR('',#2909,1.);
#2909 = DIRECTION('',(0.,1.,0.));
#2910 = PCURVE('',#2860,#2911);
#2911 = DEFINITIONAL_REPRESENTATION('',(#2912),#2916);
#2912 = LINE('',#2913,#2914);
#2913 = CARTESIAN_POINT('',(0.,0.));
#2914 = VECTOR('',#2915,1.);
#2915 = DIRECTION('',(0.,-1.));
#2916 = ( GEOMETRIC_REPRESENTATION_CONTEXT(2) 
PARAMETRIC_REPRESENTATION_CONTEXT() REPRESENTATION_CONTEXT('2D SPACE',''
  ) );
#2917 = SHELL_BASED_SURFACE_MODEL('',(#2918));
#2918 = OPEN_SHELL('',(#2919));
#2919 = ADVANCED_FACE('',(#2920),#2934,.F.);
#2920 = FACE_BOUND('',#2921,.T.);
#2921 = EDGE_LOOP('',(#2922,#2945,#2961,#2977,#2993,#3009));
#2922 = ORIENTED_EDGE('',*,*,#2923,.F.);
#2923 = EDGE_CURVE('',#2924,#2926,#2928,.T.);
#2924 = VERTEX_POINT('',#2925);
#2925 = CARTESIAN_POINT('',(2.414466094067,-16.05,10.92132034356));
#2926 = VERTEX_POINT('',#2927);
#2927 = CARTESIAN_POINT('',(2.414466094067,-16.05,11.628427124746));
#2928 = SURFACE_CURVE('',#2929,(#2933),.PCURVE_S1.);
#2929 = LINE('',#2930,#2931);
#2930 = CARTESIAN_POINT('',(2.414466094067,-16.05,11.628427124746));
#2931 = VECTOR('',#2932,1.);
#2932 = DIRECTION('',(2.844542228442E-15,0.,1.));
#2933 = PCURVE('',#2934,#2939);
#2934 = PLANE('',#2935);
#2935 = AXIS2_PLACEMENT_3D('',#2936,#2937,#2938);
#2936 = CARTESIAN_POINT('',(0.,-16.05,5.));
#2937 = DIRECTION('',(0.,1.,0.));
#2938 = DIRECTION('',(2.22044604925E-16,0.,-1.));
#2939 = DEFINITIONAL_REPRESENTATION('',(#2940),#2944);
#2940 = LINE('',#2941,#2942);
#2941 = CARTESIAN_POINT('',(-6.628427124746,-2.414466094067));
#2942 = VECTOR('',#2943,1.);
#2943 = DIRECTION('',(-1.,-3.066586833367E-15));
#2944 = ( GEOMETRIC_REPRESENTATION_CONTEXT(2) 
PARAMETRIC_REPRESENTATION_CONTEXT() REPRESENTATION_CONTEXT('2D SPACE',''
  ) );
#2945 = ORIENTED_EDGE('',*,*,#2946,.F.);
#2946 = EDGE_CURVE('',#2947,#2924,#2949,.T.);
#2947 = VERTEX_POINT('',#2948);
#2948 = CARTESIAN_POINT('',(4.535786437627,-16.05,8.8));
#2949 = SURFACE_CURVE('',#2950,(#2954),.PCURVE_S1.);
#2950 = LINE('',#2951,#2952);
#2951 = CARTESIAN_POINT('',(2.414466094067,-16.05,10.92132034356));
#2952 = VECTOR('',#2953,1.);
#2953 = DIRECTION('',(-0.707106781187,0.,0.707106781187));
#2954 = PCURVE('',#2934,#2955);
#2955 = DEFINITIONAL_REPRESENTATION('',(#2956),#2960);
#2956 = LINE('',#2957,#2958);
#2957 = CARTESIAN_POINT('',(-5.92132034356,-2.414466094067));
#2958 = VECTOR('',#2959,1.);
#2959 = DIRECTION('',(-0.707106781187,0.707106781187));
#2960 = ( GEOMETRIC_REPRESENTATION_CONTEXT(2) 
PARAMETRIC_REPRESENTATION_CONTEXT() REPRESENTATION_CONTEXT('2D SPACE',''
  ) );
#2961 = ORIENTED_EDGE('',*,*,#2962,.F.);
#2962 = EDGE_CURVE('',#2963,#2947,#2965,.T.);
#2963 = VERTEX_POINT('',#2964);
#2964 = CARTESIAN_POINT('',(5.242893218813,-16.05,8.8));
#2965 = SURFACE_CURVE('',#2966,(#2970),.PCURVE_S1.);
#2966 = LINE('',#2967,#2968);
#2967 = CARTESIAN_POINT('',(4.535786437627,-16.05,8.8));
#2968 = VECTOR('',#2969,1.);
#2969 = DIRECTION('',(-1.,0.,3.912727617483E-16));
#2970 = PCURVE('',#2934,#2971);
#2971 = DEFINITIONAL_REPRESENTATION('',(#2972),#2976);
#2972 = LINE('',#2973,#2974);
#2973 = CARTESIAN_POINT('',(-3.8,-4.535786437627));
#2974 = VECTOR('',#2975,1.);
#2975 = DIRECTION('',(-6.133173666734E-16,1.));
#2976 = ( GEOMETRIC_REPRESENTATION_CONTEXT(2) 
PARAMETRIC_REPRESENTATION_CONTEXT() REPRESENTATION_CONTEXT('2D SPACE',''
  ) );
#2977 = ORIENTED_EDGE('',*,*,#2978,.F.);
#2978 = EDGE_CURVE('',#2979,#2963,#2981,.T.);
#2979 = VERTEX_POINT('',#2980);
#2980 = CARTESIAN_POINT('',(5.95,-16.05,9.507106781187));
#2981 = SURFACE_CURVE('',#2982,(#2986),.PCURVE_S1.);
#2982 = LINE('',#2983,#2984);
#2983 = CARTESIAN_POINT('',(5.242893218813,-16.05,8.8));
#2984 = VECTOR('',#2985,1.);
#2985 = DIRECTION('',(-0.707106781187,0.,-0.707106781187));
#2986 = PCURVE('',#2934,#2987);
#2987 = DEFINITIONAL_REPRESENTATION('',(#2988),#2992);
#2988 = LINE('',#2989,#2990);
#2989 = CARTESIAN_POINT('',(-3.8,-5.242893218813));
#2990 = VECTOR('',#2991,1.);
#2991 = DIRECTION('',(0.707106781187,0.707106781187));
#2992 = ( GEOMETRIC_REPRESENTATION_CONTEXT(2) 
PARAMETRIC_REPRESENTATION_CONTEXT() REPRESENTATION_CONTEXT('2D SPACE',''
  ) );
#2993 = ORIENTED_EDGE('',*,*,#2994,.F.);
#2994 = EDGE_CURVE('',#2995,#2979,#2997,.T.);
#2995 = VERTEX_POINT('',#2996);
#2996 = CARTESIAN_POINT('',(3.121572875254,-16.05,12.335533905933));
#2997 = SURFACE_CURVE('',#2998,(#3002),.PCURVE_S1.);
#2998 = LINE('',#2999,#3000);
#2999 = CARTESIAN_POINT('',(5.95,-16.05,9.507106781187));
#3000 = VECTOR('',#3001,1.);
#3001 = DIRECTION('',(0.707106781187,0.,-0.707106781187));
#3002 = PCURVE('',#2934,#3003);
#3003 = DEFINITIONAL_REPRESENTATION('',(#3004),#3008);
#3004 = LINE('',#3005,#3006);
#3005 = CARTESIAN_POINT('',(-4.507106781187,-5.95));
#3006 = VECTOR('',#3007,1.);
#3007 = DIRECTION('',(0.707106781187,-0.707106781187));
#3008 = ( GEOMETRIC_REPRESENTATION_CONTEXT(2) 
PARAMETRIC_REPRESENTATION_CONTEXT() REPRESENTATION_CONTEXT('2D SPACE',''
  ) );
#3009 = ORIENTED_EDGE('',*,*,#3010,.F.);
#3010 = EDGE_CURVE('',#2926,#2995,#3011,.T.);
#3011 = SURFACE_CURVE('',#3012,(#3016),.PCURVE_S1.);
#3012 = LINE('',#3013,#3014);
#3013 = CARTESIAN_POINT('',(3.121572875254,-16.05,12.335533905933));
#3014 = VECTOR('',#3015,1.);
#3015 = DIRECTION('',(0.707106781187,0.,0.707106781187));
#3016 = PCURVE('',#2934,#3017);
#3017 = DEFINITIONAL_REPRESENTATION('',(#3018),#3022);
#3018 = LINE('',#3019,#3020);
#3019 = CARTESIAN_POINT('',(-7.335533905933,-3.121572875254));
#3020 = VECTOR('',#3021,1.);
#3021 = DIRECTION('',(-0.707106781187,-0.707106781187));
#3022 = ( GEOMETRIC_REPRESENTATION_CONTEXT(2) 
PARAMETRIC_REPRESENTATION_CONTEXT() REPRESENTATION_CONTEXT('2D SPACE',''
  ) );
#3023 = SHELL_BASED_SURFACE_MODEL('',(#3024));
#3024 = OPEN_SHELL('',(#3025));
#3025 = ADVANCED_FACE('',(#3026),#3040,.T.);
#3026 = FACE_BOUND('',#3027,.T.);
#3027 = EDGE_LOOP('',(#3028,#3051,#3067,#3083));
#3028 = ORIENTED_EDGE('',*,*,#3029,.F.);
#3029 = EDGE_CURVE('',#3030,#3032,#3034,.T.);
#3030 = VERTEX_POINT('',#3031);
#3031 = CARTESIAN_POINT('',(2.414466094067,-12.85,10.92132034356));
#3032 = VERTEX_POINT('',#3033);
#3033 = CARTESIAN_POINT('',(2.414466094067,-12.85,11.628427124746));
#3034 = SURFACE_CURVE('',#3035,(#3039),.PCURVE_S1.);
#3035 = LINE('',#3036,#3037);
#3036 = CARTESIAN_POINT('',(2.414466094067,-12.85,11.628427124746));
#3037 = VECTOR('',#3038,1.);
#3038 = DIRECTION('',(2.844542228442E-15,0.,1.));
#3039 = PCURVE('',#3040,#3045);
#3040 = PLANE('',#3041);
#3041 = AXIS2_PLACEMENT_3D('',#3042,#3043,#3044);
#3042 = CARTESIAN_POINT('',(2.414466094067,-16.05,11.628427124746));
#3043 = DIRECTION('',(-1.,0.,2.844542228442E-15));
#3044 = DIRECTION('',(-2.844542228442E-15,0.,-1.));
#3045 = DEFINITIONAL_REPRESENTATION('',(#3046),#3050);
#3046 = LINE('',#3047,#3048);
#3047 = CARTESIAN_POINT('',(0.,-3.2));
#3048 = VECTOR('',#3049,1.);
#3049 = DIRECTION('',(-1.,-0.));
#3050 = ( GEOMETRIC_REPRESENTATION_CONTEXT(2) 
PARAMETRIC_REPRESENTATION_CONTEXT() REPRESENTATION_CONTEXT('2D SPACE',''
  ) );
#3051 = ORIENTED_EDGE('',*,*,#3052,.F.);
#3052 = EDGE_CURVE('',#3053,#3030,#3055,.T.);
#3053 = VERTEX_POINT('',#3054);
#3054 = CARTESIAN_POINT('',(2.414466094067,-16.05,10.92132034356));
#3055 = SURFACE_CURVE('',#3056,(#3060),.PCURVE_S1.);
#3056 = LINE('',#3057,#3058);
#3057 = CARTESIAN_POINT('',(2.414466094067,-16.05,10.92132034356));
#3058 = VECTOR('',#3059,1.);
#3059 = DIRECTION('',(0.,1.,0.));
#3060 = PCURVE('',#3040,#3061);
#3061 = DEFINITIONAL_REPRESENTATION('',(#3062),#3066);
#3062 = LINE('',#3063,#3064);
#3063 = CARTESIAN_POINT('',(0.707106781187,0.));
#3064 = VECTOR('',#3065,1.);
#3065 = DIRECTION('',(0.,-1.));
#3066 = ( GEOMETRIC_REPRESENTATION_CONTEXT(2) 
PARAMETRIC_REPRESENTATION_CONTEXT() REPRESENTATION_CONTEXT('2D SPACE',''
  ) );
#3067 = ORIENTED_EDGE('',*,*,#3068,.T.);
#3068 = EDGE_CURVE('',#3053,#3069,#3071,.T.);
#3069 = VERTEX_POINT('',#3070);
#3070 = CARTESIAN_POINT('',(2.414466094067,-16.05,11.628427124746));
#3071 = SURFACE_CURVE('',#3072,(#3076),.PCURVE_S1.);
#3072 = LINE('',#3073,#3074);
#3073 = CARTESIAN_POINT('',(2.414466094067,-16.05,11.628427124746));
#3074 = VECTOR('',#3075,1.);
#3075 = DIRECTION('',(2.844542228442E-15,0.,1.));
#3076 = PCURVE('',#3040,#3077);
#3077 = DEFINITIONAL_REPRESENTATION('',(#3078),#3082);
#3078 = LINE('',#3079,#3080);
#3079 = CARTESIAN_POINT('',(0.,0.));
#3080 = VECTOR('',#3081,1.);
#3081 = DIRECTION('',(-1.,-0.));
#3082 = ( GEOMETRIC_REPRESENTATION_CONTEXT(2) 
PARAMETRIC_REPRESENTATION_CONTEXT() REPRESENTATION_CONTEXT('2D SPACE',''
  ) );
#3083 = ORIENTED_EDGE('',*,*,#3084,.T.);
#3084 = EDGE_CURVE('',#3069,#3032,#3085,.T.);
#3085 = SURFACE_CURVE('',#3086,(#3090),.PCURVE_S1.);
#3086 = LINE('',#3087,#3088);
#3087 = CARTESIAN_POINT('',(2.414466094067,-16.05,11.628427124746));
#3088 = VECTOR('',#3089,1.);
#3089 = DIRECTION('',(0.,1.,0.));
#3090 = PCURVE('',#3040,#3091);
#3091 = DEFINITIONAL_REPRESENTATION('',(#3092),#3096);
#3092 = LINE('',#3093,#3094);
#3093 = CARTESIAN_POINT('',(0.,0.));
#3094 = VECTOR('',#3095,1.);
#3095 = DIRECTION('',(0.,-1.));
#3096 = ( GEOMETRIC_REPRESENTATION_CONTEXT(2) 
PARAMETRIC_REPRESENTATION_CONTEXT() REPRESENTATION_CONTEXT('2D SPACE',''
  ) );
#3097 = SHELL_BASED_SURFACE_MODEL('',(#3098));
#3098 = OPEN_SHELL('',(#3099));
#3099 = ADVANCED_FACE('',(#3100),#3114,.F.);
#3100 = FACE_BOUND('',#3101,.T.);
#3101 = EDGE_LOOP('',(#3102,#3125,#3141,#3157,#3173,#3189));
#3102 = ORIENTED_EDGE('',*,*,#3103,.T.);
#3103 = EDGE_CURVE('',#3104,#3106,#3108,.T.);
#3104 = VERTEX_POINT('',#3105);
#3105 = CARTESIAN_POINT('',(-2.414466094067,-16.05,10.92132034356));
#3106 = VERTEX_POINT('',#3107);
#3107 = CARTESIAN_POINT('',(-2.414466094067,-16.05,11.628427124746));
#3108 = SURFACE_CURVE('',#3109,(#3113),.PCURVE_S1.);
#3109 = LINE('',#3110,#3111);
#3110 = CARTESIAN_POINT('',(-2.414466094067,-16.05,11.628427124746));
#3111 = VECTOR('',#3112,1.);
#3112 = DIRECTION('',(-3.288631438292E-15,0.,1.));
#3113 = PCURVE('',#3114,#3119);
#3114 = PLANE('',#3115);
#3115 = AXIS2_PLACEMENT_3D('',#3116,#3117,#3118);
#3116 = CARTESIAN_POINT('',(0.,-16.05,5.));
#3117 = DIRECTION('',(0.,1.,0.));
#3118 = DIRECTION('',(2.22044604925E-16,0.,-1.));
#3119 = DEFINITIONAL_REPRESENTATION('',(#3120),#3124);
#3120 = LINE('',#3121,#3122);
#3121 = CARTESIAN_POINT('',(-6.628427124746,2.414466094067));
#3122 = VECTOR('',#3123,1.);
#3123 = DIRECTION('',(-1.,3.066586833367E-15));
#3124 = ( GEOMETRIC_REPRESENTATION_CONTEXT(2) 
PARAMETRIC_REPRESENTATION_CONTEXT() REPRESENTATION_CONTEXT('2D SPACE',''
  ) );
#3125 = ORIENTED_EDGE('',*,*,#3126,.T.);
#3126 = EDGE_CURVE('',#3106,#3127,#3129,.T.);
#3127 = VERTEX_POINT('',#3128);
#3128 = CARTESIAN_POINT('',(-3.121572875254,-16.05,12.335533905933));
#3129 = SURFACE_CURVE('',#3130,(#3134),.PCURVE_S1.);
#3130 = LINE('',#3131,#3132);
#3131 = CARTESIAN_POINT('',(-3.121572875254,-16.05,12.335533905933));
#3132 = VECTOR('',#3133,1.);
#3133 = DIRECTION('',(-0.707106781187,0.,0.707106781187));
#3134 = PCURVE('',#3114,#3135);
#3135 = DEFINITIONAL_REPRESENTATION('',(#3136),#3140);
#3136 = LINE('',#3137,#3138);
#3137 = CARTESIAN_POINT('',(-7.335533905933,3.121572875254));
#3138 = VECTOR('',#3139,1.);
#3139 = DIRECTION('',(-0.707106781187,0.707106781187));
#3140 = ( GEOMETRIC_REPRESENTATION_CONTEXT(2) 
PARAMETRIC_REPRESENTATION_CONTEXT() REPRESENTATION_CONTEXT('2D SPACE',''
  ) );
#3141 = ORIENTED_EDGE('',*,*,#3142,.T.);
#3142 = EDGE_CURVE('',#3127,#3143,#3145,.T.);
#3143 = VERTEX_POINT('',#3144);
#3144 = CARTESIAN_POINT('',(-5.95,-16.05,9.507106781187));
#3145 = SURFACE_CURVE('',#3146,(#3150),.PCURVE_S1.);
#3146 = LINE('',#3147,#3148);
#3147 = CARTESIAN_POINT('',(-5.95,-16.05,9.507106781187));
#3148 = VECTOR('',#3149,1.);
#3149 = DIRECTION('',(-0.707106781187,0.,-0.707106781187));
#3150 = PCURVE('',#3114,#3151);
#3151 = DEFINITIONAL_REPRESENTATION('',(#3152),#3156);
#3152 = LINE('',#3153,#3154);
#3153 = CARTESIAN_POINT('',(-4.507106781187,5.95));
#3154 = VECTOR('',#3155,1.);
#3155 = DIRECTION('',(0.707106781187,0.707106781187));
#3156 = ( GEOMETRIC_REPRESENTATION_CONTEXT(2) 
PARAMETRIC_REPRESENTATION_CONTEXT() REPRESENTATION_CONTEXT('2D SPACE',''
  ) );
#3157 = ORIENTED_EDGE('',*,*,#3158,.T.);
#3158 = EDGE_CURVE('',#3143,#3159,#3161,.T.);
#3159 = VERTEX_POINT('',#3160);
#3160 = CARTESIAN_POINT('',(-5.242893218813,-16.05,8.8));
#3161 = SURFACE_CURVE('',#3162,(#3166),.PCURVE_S1.);
#3162 = LINE('',#3163,#3164);
#3163 = CARTESIAN_POINT('',(-5.242893218813,-16.05,8.8));
#3164 = VECTOR('',#3165,1.);
#3165 = DIRECTION('',(0.707106781187,0.,-0.707106781187));
#3166 = PCURVE('',#3114,#3167);
#3167 = DEFINITIONAL_REPRESENTATION('',(#3168),#3172);
#3168 = LINE('',#3169,#3170);
#3169 = CARTESIAN_POINT('',(-3.8,5.242893218813));
#3170 = VECTOR('',#3171,1.);
#3171 = DIRECTION('',(0.707106781187,-0.707106781187));
#3172 = ( GEOMETRIC_REPRESENTATION_CONTEXT(2) 
PARAMETRIC_REPRESENTATION_CONTEXT() REPRESENTATION_CONTEXT('2D SPACE',''
  ) );
#3173 = ORIENTED_EDGE('',*,*,#3174,.T.);
#3174 = EDGE_CURVE('',#3159,#3175,#3177,.T.);
#3175 = VERTEX_POINT('',#3176);
#3176 = CARTESIAN_POINT('',(-4.535786437627,-16.05,8.8));
#3177 = SURFACE_CURVE('',#3178,(#3182),.PCURVE_S1.);
#3178 = LINE('',#3179,#3180);
#3179 = CARTESIAN_POINT('',(-4.535786437627,-16.05,8.8));
#3180 = VECTOR('',#3181,1.);
#3181 = DIRECTION('',(1.,0.,8.353619715984E-16));
#3182 = PCURVE('',#3114,#3183);
#3183 = DEFINITIONAL_REPRESENTATION('',(#3184),#3188);
#3184 = LINE('',#3185,#3186);
#3185 = CARTESIAN_POINT('',(-3.8,4.535786437627));
#3186 = VECTOR('',#3187,1.);
#3187 = DIRECTION('',(-6.133173666734E-16,-1.));
#3188 = ( GEOMETRIC_REPRESENTATION_CONTEXT(2) 
PARAMETRIC_REPRESENTATION_CONTEXT() REPRESENTATION_CONTEXT('2D SPACE',''
  ) );
#3189 = ORIENTED_EDGE('',*,*,#3190,.T.);
#3190 = EDGE_CURVE('',#3175,#3104,#3191,.T.);
#3191 = SURFACE_CURVE('',#3192,(#3196),.PCURVE_S1.);
#3192 = LINE('',#3193,#3194);
#3193 = CARTESIAN_POINT('',(-2.414466094067,-16.05,10.92132034356));
#3194 = VECTOR('',#3195,1.);
#3195 = DIRECTION('',(0.707106781187,0.,0.707106781187));
#3196 = PCURVE('',#3114,#3197);
#3197 = DEFINITIONAL_REPRESENTATION('',(#3198),#3202);
#3198 = LINE('',#3199,#3200);
#3199 = CARTESIAN_POINT('',(-5.92132034356,2.414466094067));
#3200 = VECTOR('',#3201,1.);
#3201 = DIRECTION('',(-0.707106781187,-0.707106781187));
#3202 = ( GEOMETRIC_REPRESENTATION_CONTEXT(2) 
PARAMETRIC_REPRESENTATION_CONTEXT() REPRESENTATION_CONTEXT('2D SPACE',''
  ) );
#3203 = SHELL_BASED_SURFACE_MODEL('',(#3204));
#3204 = OPEN_SHELL('',(#3205));
#3205 = ADVANCED_FACE('',(#3206),#3220,.F.);
#3206 = FACE_BOUND('',#3207,.T.);
#3207 = EDGE_LOOP('',(#3208,#3231,#3247,#3263));
#3208 = ORIENTED_EDGE('',*,*,#3209,.T.);
#3209 = EDGE_CURVE('',#3210,#3212,#3214,.T.);
#3210 = VERTEX_POINT('',#3211);
#3211 = CARTESIAN_POINT('',(-5.242893218813,-12.85,8.8));
#3212 = VERTEX_POINT('',#3213);
#3213 = CARTESIAN_POINT('',(-4.535786437627,-12.85,8.8));
#3214 = SURFACE_CURVE('',#3215,(#3219),.PCURVE_S1.);
#3215 = LINE('',#3216,#3217);
#3216 = CARTESIAN_POINT('',(-4.535786437627,-12.85,8.8));
#3217 = VECTOR('',#3218,1.);
#3218 = DIRECTION('',(1.,0.,8.353619715984E-16));
#3219 = PCURVE('',#3220,#3225);
#3220 = PLANE('',#3221);
#3221 = AXIS2_PLACEMENT_3D('',#3222,#3223,#3224);
#3222 = CARTESIAN_POINT('',(-4.535786437627,-16.05,8.8));
#3223 = DIRECTION('',(-8.353619715984E-16,0.,1.));
#3224 = DIRECTION('',(-1.,0.,-8.353619715984E-16));
#3225 = DEFINITIONAL_REPRESENTATION('',(#3226),#3230);
#3226 = LINE('',#3227,#3228);
#3227 = CARTESIAN_POINT('',(0.,-3.2));
#3228 = VECTOR('',#3229,1.);
#3229 = DIRECTION('',(-1.,-0.));
#3230 = ( GEOMETRIC_REPRESENTATION_CONTEXT(2) 
PARAMETRIC_REPRESENTATION_CONTEXT() REPRESENTATION_CONTEXT('2D SPACE',''
  ) );
#3231 = ORIENTED_EDGE('',*,*,#3232,.F.);
#3232 = EDGE_CURVE('',#3233,#3212,#3235,.T.);
#3233 = VERTEX_POINT('',#3234);
#3234 = CARTESIAN_POINT('',(-4.535786437627,-16.05,8.8));
#3235 = SURFACE_CURVE('',#3236,(#3240),.PCURVE_S1.);
#3236 = LINE('',#3237,#3238);
#3237 = CARTESIAN_POINT('',(-4.535786437627,-16.05,8.8));
#3238 = VECTOR('',#3239,1.);
#3239 = DIRECTION('',(0.,1.,0.));
#3240 = PCURVE('',#3220,#3241);
#3241 = DEFINITIONAL_REPRESENTATION('',(#3242),#3246);
#3242 = LINE('',#3243,#3244);
#3243 = CARTESIAN_POINT('',(0.,0.));
#3244 = VECTOR('',#3245,1.);
#3245 = DIRECTION('',(0.,-1.));
#3246 = ( GEOMETRIC_REPRESENTATION_CONTEXT(2) 
PARAMETRIC_REPRESENTATION_CONTEXT() REPRESENTATION_CONTEXT('2D SPACE',''
  ) );
#3247 = ORIENTED_EDGE('',*,*,#3248,.F.);
#3248 = EDGE_CURVE('',#3249,#3233,#3251,.T.);
#3249 = VERTEX_POINT('',#3250);
#3250 = CARTESIAN_POINT('',(-5.242893218813,-16.05,8.8));
#3251 = SURFACE_CURVE('',#3252,(#3256),.PCURVE_S1.);
#3252 = LINE('',#3253,#3254);
#3253 = CARTESIAN_POINT('',(-4.535786437627,-16.05,8.8));
#3254 = VECTOR('',#3255,1.);
#3255 = DIRECTION('',(1.,0.,8.353619715984E-16));
#3256 = PCURVE('',#3220,#3257);
#3257 = DEFINITIONAL_REPRESENTATION('',(#3258),#3262);
#3258 = LINE('',#3259,#3260);
#3259 = CARTESIAN_POINT('',(0.,0.));
#3260 = VECTOR('',#3261,1.);
#3261 = DIRECTION('',(-1.,-0.));
#3262 = ( GEOMETRIC_REPRESENTATION_CONTEXT(2) 
PARAMETRIC_REPRESENTATION_CONTEXT() REPRESENTATION_CONTEXT('2D SPACE',''
  ) );
#3263 = ORIENTED_EDGE('',*,*,#3264,.T.);
#3264 = EDGE_CURVE('',#3249,#3210,#3265,.T.);
#3265 = SURFACE_CURVE('',#3266,(#3270),.PCURVE_S1.);
#3266 = LINE('',#3267,#3268);
#3267 = CARTESIAN_POINT('',(-5.242893218813,-16.05,8.8));
#3268 = VECTOR('',#3269,1.);
#3269 = DIRECTION('',(0.,1.,0.));
#3270 = PCURVE('',#3220,#3271);
#3271 = DEFINITIONAL_REPRESENTATION('',(#3272),#3276);
#3272 = LINE('',#3273,#3274);
#3273 = CARTESIAN_POINT('',(0.707106781187,0.));
#3274 = VECTOR('',#3275,1.);
#3275 = DIRECTION('',(0.,-1.));
#3276 = ( GEOMETRIC_REPRESENTATION_CONTEXT(2) 
PARAMETRIC_REPRESENTATION_CONTEXT() REPRESENTATION_CONTEXT('2D SPACE',''
  ) );
#3277 = SHELL_BASED_SURFACE_MODEL('',(#3278));
#3278 = OPEN_SHELL('',(#3279));
#3279 = ADVANCED_FACE('',(#3280),#3294,.F.);
#3280 = FACE_BOUND('',#3281,.T.);
#3281 = EDGE_LOOP('',(#3282,#3305,#3321,#3337));
#3282 = ORIENTED_EDGE('',*,*,#3283,.T.);
#3283 = EDGE_CURVE('',#3284,#3286,#3288,.T.);
#3284 = VERTEX_POINT('',#3285);
#3285 = CARTESIAN_POINT('',(-5.95,-12.85,9.507106781187));
#3286 = VERTEX_POINT('',#3287);
#3287 = CARTESIAN_POINT('',(-5.242893218813,-12.85,8.8));
#3288 = SURFACE_CURVE('',#3289,(#3293),.PCURVE_S1.);
#3289 = LINE('',#3290,#3291);
#3290 = CARTESIAN_POINT('',(-5.242893218813,-12.85,8.8));
#3291 = VECTOR('',#3292,1.);
#3292 = DIRECTION('',(0.707106781187,0.,-0.707106781187));
#3293 = PCURVE('',#3294,#3299);
#3294 = PLANE('',#3295);
#3295 = AXIS2_PLACEMENT_3D('',#3296,#3297,#3298);
#3296 = CARTESIAN_POINT('',(-5.242893218813,-16.05,8.8));
#3297 = DIRECTION('',(0.707106781187,0.,0.707106781187));
#3298 = DIRECTION('',(-0.707106781187,0.,0.707106781187));
#3299 = DEFINITIONAL_REPRESENTATION('',(#3300),#3304);
#3300 = LINE('',#3301,#3302);
#3301 = CARTESIAN_POINT('',(0.,-3.2));
#3302 = VECTOR('',#3303,1.);
#3303 = DIRECTION('',(-1.,0.));
#3304 = ( GEOMETRIC_REPRESENTATION_CONTEXT(2) 
PARAMETRIC_REPRESENTATION_CONTEXT() REPRESENTATION_CONTEXT('2D SPACE',''
  ) );
#3305 = ORIENTED_EDGE('',*,*,#3306,.F.);
#3306 = EDGE_CURVE('',#3307,#3286,#3309,.T.);
#3307 = VERTEX_POINT('',#3308);
#3308 = CARTESIAN_POINT('',(-5.242893218813,-16.05,8.8));
#3309 = SURFACE_CURVE('',#3310,(#3314),.PCURVE_S1.);
#3310 = LINE('',#3311,#3312);
#3311 = CARTESIAN_POINT('',(-5.242893218813,-16.05,8.8));
#3312 = VECTOR('',#3313,1.);
#3313 = DIRECTION('',(0.,1.,0.));
#3314 = PCURVE('',#3294,#3315);
#3315 = DEFINITIONAL_REPRESENTATION('',(#3316),#3320);
#3316 = LINE('',#3317,#3318);
#3317 = CARTESIAN_POINT('',(0.,0.));
#3318 = VECTOR('',#3319,1.);
#3319 = DIRECTION('',(0.,-1.));
#3320 = ( GEOMETRIC_REPRESENTATION_CONTEXT(2) 
PARAMETRIC_REPRESENTATION_CONTEXT() REPRESENTATION_CONTEXT('2D SPACE',''
  ) );
#3321 = ORIENTED_EDGE('',*,*,#3322,.F.);
#3322 = EDGE_CURVE('',#3323,#3307,#3325,.T.);
#3323 = VERTEX_POINT('',#3324);
#3324 = CARTESIAN_POINT('',(-5.95,-16.05,9.507106781187));
#3325 = SURFACE_CURVE('',#3326,(#3330),.PCURVE_S1.);
#3326 = LINE('',#3327,#3328);
#3327 = CARTESIAN_POINT('',(-5.242893218813,-16.05,8.8));
#3328 = VECTOR('',#3329,1.);
#3329 = DIRECTION('',(0.707106781187,0.,-0.707106781187));
#3330 = PCURVE('',#3294,#3331);
#3331 = DEFINITIONAL_REPRESENTATION('',(#3332),#3336);
#3332 = LINE('',#3333,#3334);
#3333 = CARTESIAN_POINT('',(0.,0.));
#3334 = VECTOR('',#3335,1.);
#3335 = DIRECTION('',(-1.,0.));
#3336 = ( GEOMETRIC_REPRESENTATION_CONTEXT(2) 
PARAMETRIC_REPRESENTATION_CONTEXT() REPRESENTATION_CONTEXT('2D SPACE',''
  ) );
#3337 = ORIENTED_EDGE('',*,*,#3338,.T.);
#3338 = EDGE_CURVE('',#3323,#3284,#3339,.T.);
#3339 = SURFACE_CURVE('',#3340,(#3344),.PCURVE_S1.);
#3340 = LINE('',#3341,#3342);
#3341 = CARTESIAN_POINT('',(-5.95,-16.05,9.507106781187));
#3342 = VECTOR('',#3343,1.);
#3343 = DIRECTION('',(0.,1.,0.));
#3344 = PCURVE('',#3294,#3345);
#3345 = DEFINITIONAL_REPRESENTATION('',(#3346),#3350);
#3346 = LINE('',#3347,#3348);
#3347 = CARTESIAN_POINT('',(1.,0.));
#3348 = VECTOR('',#3349,1.);
#3349 = DIRECTION('',(0.,-1.));
#3350 = ( GEOMETRIC_REPRESENTATION_CONTEXT(2) 
PARAMETRIC_REPRESENTATION_CONTEXT() REPRESENTATION_CONTEXT('2D SPACE',''
  ) );
#3351 = SHELL_BASED_SURFACE_MODEL('',(#3352));
#3352 = OPEN_SHELL('',(#3353));
#3353 = ADVANCED_FACE('',(#3354),#3368,.F.);
#3354 = FACE_BOUND('',#3355,.T.);
#3355 = EDGE_LOOP('',(#3356,#3379,#3395,#3411));
#3356 = ORIENTED_EDGE('',*,*,#3357,.T.);
#3357 = EDGE_CURVE('',#3358,#3360,#3362,.T.);
#3358 = VERTEX_POINT('',#3359);
#3359 = CARTESIAN_POINT('',(-3.121572875254,-12.85,12.335533905933));
#3360 = VERTEX_POINT('',#3361);
#3361 = CARTESIAN_POINT('',(-5.95,-12.85,9.507106781187));
#3362 = SURFACE_CURVE('',#3363,(#3367),.PCURVE_S1.);
#3363 = LINE('',#3364,#3365);
#3364 = CARTESIAN_POINT('',(-5.95,-12.85,9.507106781187));
#3365 = VECTOR('',#3366,1.);
#3366 = DIRECTION('',(-0.707106781187,0.,-0.707106781187));
#3367 = PCURVE('',#3368,#3373);
#3368 = PLANE('',#3369);
#3369 = AXIS2_PLACEMENT_3D('',#3370,#3371,#3372);
#3370 = CARTESIAN_POINT('',(-5.95,-16.05,9.507106781187));
#3371 = DIRECTION('',(0.707106781187,0.,-0.707106781187));
#3372 = DIRECTION('',(0.707106781187,0.,0.707106781187));
#3373 = DEFINITIONAL_REPRESENTATION('',(#3374),#3378);
#3374 = LINE('',#3375,#3376);
#3375 = CARTESIAN_POINT('',(0.,-3.2));
#3376 = VECTOR('',#3377,1.);
#3377 = DIRECTION('',(-1.,0.));
#3378 = ( GEOMETRIC_REPRESENTATION_CONTEXT(2) 
PARAMETRIC_REPRESENTATION_CONTEXT() REPRESENTATION_CONTEXT('2D SPACE',''
  ) );
#3379 = ORIENTED_EDGE('',*,*,#3380,.F.);
#3380 = EDGE_CURVE('',#3381,#3360,#3383,.T.);
#3381 = VERTEX_POINT('',#3382);
#3382 = CARTESIAN_POINT('',(-5.95,-16.05,9.507106781187));
#3383 = SURFACE_CURVE('',#3384,(#3388),.PCURVE_S1.);
#3384 = LINE('',#3385,#3386);
#3385 = CARTESIAN_POINT('',(-5.95,-16.05,9.507106781187));
#3386 = VECTOR('',#3387,1.);
#3387 = DIRECTION('',(0.,1.,0.));
#3388 = PCURVE('',#3368,#3389);
#3389 = DEFINITIONAL_REPRESENTATION('',(#3390),#3394);
#3390 = LINE('',#3391,#3392);
#3391 = CARTESIAN_POINT('',(0.,0.));
#3392 = VECTOR('',#3393,1.);
#3393 = DIRECTION('',(0.,-1.));
#3394 = ( GEOMETRIC_REPRESENTATION_CONTEXT(2) 
PARAMETRIC_REPRESENTATION_CONTEXT() REPRESENTATION_CONTEXT('2D SPACE',''
  ) );
#3395 = ORIENTED_EDGE('',*,*,#3396,.F.);
#3396 = EDGE_CURVE('',#3397,#3381,#3399,.T.);
#3397 = VERTEX_POINT('',#3398);
#3398 = CARTESIAN_POINT('',(-3.121572875254,-16.05,12.335533905933));
#3399 = SURFACE_CURVE('',#3400,(#3404),.PCURVE_S1.);
#3400 = LINE('',#3401,#3402);
#3401 = CARTESIAN_POINT('',(-5.95,-16.05,9.507106781187));
#3402 = VECTOR('',#3403,1.);
#3403 = DIRECTION('',(-0.707106781187,0.,-0.707106781187));
#3404 = PCURVE('',#3368,#3405);
#3405 = DEFINITIONAL_REPRESENTATION('',(#3406),#3410);
#3406 = LINE('',#3407,#3408);
#3407 = CARTESIAN_POINT('',(0.,0.));
#3408 = VECTOR('',#3409,1.);
#3409 = DIRECTION('',(-1.,0.));
#3410 = ( GEOMETRIC_REPRESENTATION_CONTEXT(2) 
PARAMETRIC_REPRESENTATION_CONTEXT() REPRESENTATION_CONTEXT('2D SPACE',''
  ) );
#3411 = ORIENTED_EDGE('',*,*,#3412,.T.);
#3412 = EDGE_CURVE('',#3397,#3358,#3413,.T.);
#3413 = SURFACE_CURVE('',#3414,(#3418),.PCURVE_S1.);
#3414 = LINE('',#3415,#3416);
#3415 = CARTESIAN_POINT('',(-3.121572875254,-16.05,12.335533905933));
#3416 = VECTOR('',#3417,1.);
#3417 = DIRECTION('',(0.,1.,0.));
#3418 = PCURVE('',#3368,#3419);
#3419 = DEFINITIONAL_REPRESENTATION('',(#3420),#3424);
#3420 = LINE('',#3421,#3422);
#3421 = CARTESIAN_POINT('',(4.,0.));
#3422 = VECTOR('',#3423,1.);
#3423 = DIRECTION('',(0.,-1.));
#3424 = ( GEOMETRIC_REPRESENTATION_CONTEXT(2) 
PARAMETRIC_REPRESENTATION_CONTEXT() REPRESENTATION_CONTEXT('2D SPACE',''
  ) );
#3425 = SHELL_BASED_SURFACE_MODEL('',(#3426));
#3426 = OPEN_SHELL('',(#3427));
#3427 = ADVANCED_FACE('',(#3428),#3442,.F.);
#3428 = FACE_BOUND('',#3429,.T.);
#3429 = EDGE_LOOP('',(#3430,#3453,#3469,#3485));
#3430 = ORIENTED_EDGE('',*,*,#3431,.T.);
#3431 = EDGE_CURVE('',#3432,#3434,#3436,.T.);
#3432 = VERTEX_POINT('',#3433);
#3433 = CARTESIAN_POINT('',(-2.414466094067,-12.85,11.628427124746));
#3434 = VERTEX_POINT('',#3435);
#3435 = CARTESIAN_POINT('',(-3.121572875254,-12.85,12.335533905933));
#3436 = SURFACE_CURVE('',#3437,(#3441),.PCURVE_S1.);
#3437 = LINE('',#3438,#3439);
#3438 = CARTESIAN_POINT('',(-3.121572875254,-12.85,12.335533905933));
#3439 = VECTOR('',#3440,1.);
#3440 = DIRECTION('',(-0.707106781187,0.,0.707106781187));
#3441 = PCURVE('',#3442,#3447);
#3442 = PLANE('',#3443);
#3443 = AXIS2_PLACEMENT_3D('',#3444,#3445,#3446);
#3444 = CARTESIAN_POINT('',(-3.121572875254,-16.05,12.335533905933));
#3445 = DIRECTION('',(-0.707106781187,0.,-0.707106781187));
#3446 = DIRECTION('',(0.707106781187,0.,-0.707106781187));
#3447 = DEFINITIONAL_REPRESENTATION('',(#3448),#3452);
#3448 = LINE('',#3449,#3450);
#3449 = CARTESIAN_POINT('',(0.,-3.2));
#3450 = VECTOR('',#3451,1.);
#3451 = DIRECTION('',(-1.,0.));
#3452 = ( GEOMETRIC_REPRESENTATION_CONTEXT(2) 
PARAMETRIC_REPRESENTATION_CONTEXT() REPRESENTATION_CONTEXT('2D SPACE',''
  ) );
#3453 = ORIENTED_EDGE('',*,*,#3454,.F.);
#3454 = EDGE_CURVE('',#3455,#3434,#3457,.T.);
#3455 = VERTEX_POINT('',#3456);
#3456 = CARTESIAN_POINT('',(-3.121572875254,-16.05,12.335533905933));
#3457 = SURFACE_CURVE('',#3458,(#3462),.PCURVE_S1.);
#3458 = LINE('',#3459,#3460);
#3459 = CARTESIAN_POINT('',(-3.121572875254,-16.05,12.335533905933));
#3460 = VECTOR('',#3461,1.);
#3461 = DIRECTION('',(0.,1.,0.));
#3462 = PCURVE('',#3442,#3463);
#3463 = DEFINITIONAL_REPRESENTATION('',(#3464),#3468);
#3464 = LINE('',#3465,#3466);
#3465 = CARTESIAN_POINT('',(0.,0.));
#3466 = VECTOR('',#3467,1.);
#3467 = DIRECTION('',(0.,-1.));
#3468 = ( GEOMETRIC_REPRESENTATION_CONTEXT(2) 
PARAMETRIC_REPRESENTATION_CONTEXT() REPRESENTATION_CONTEXT('2D SPACE',''
  ) );
#3469 = ORIENTED_EDGE('',*,*,#3470,.F.);
#3470 = EDGE_CURVE('',#3471,#3455,#3473,.T.);
#3471 = VERTEX_POINT('',#3472);
#3472 = CARTESIAN_POINT('',(-2.414466094067,-16.05,11.628427124746));
#3473 = SURFACE_CURVE('',#3474,(#3478),.PCURVE_S1.);
#3474 = LINE('',#3475,#3476);
#3475 = CARTESIAN_POINT('',(-3.121572875254,-16.05,12.335533905933));
#3476 = VECTOR('',#3477,1.);
#3477 = DIRECTION('',(-0.707106781187,0.,0.707106781187));
#3478 = PCURVE('',#3442,#3479);
#3479 = DEFINITIONAL_REPRESENTATION('',(#3480),#3484);
#3480 = LINE('',#3481,#3482);
#3481 = CARTESIAN_POINT('',(0.,0.));
#3482 = VECTOR('',#3483,1.);
#3483 = DIRECTION('',(-1.,0.));
#3484 = ( GEOMETRIC_REPRESENTATION_CONTEXT(2) 
PARAMETRIC_REPRESENTATION_CONTEXT() REPRESENTATION_CONTEXT('2D SPACE',''
  ) );
#3485 = ORIENTED_EDGE('',*,*,#3486,.T.);
#3486 = EDGE_CURVE('',#3471,#3432,#3487,.T.);
#3487 = SURFACE_CURVE('',#3488,(#3492),.PCURVE_S1.);
#3488 = LINE('',#3489,#3490);
#3489 = CARTESIAN_POINT('',(-2.414466094067,-16.05,11.628427124746));
#3490 = VECTOR('',#3491,1.);
#3491 = DIRECTION('',(0.,1.,0.));
#3492 = PCURVE('',#3442,#3493);
#3493 = DEFINITIONAL_REPRESENTATION('',(#3494),#3498);
#3494 = LINE('',#3495,#3496);
#3495 = CARTESIAN_POINT('',(1.,0.));
#3496 = VECTOR('',#3497,1.);
#3497 = DIRECTION('',(0.,-1.));
#3498 = ( GEOMETRIC_REPRESENTATION_CONTEXT(2) 
PARAMETRIC_REPRESENTATION_CONTEXT() REPRESENTATION_CONTEXT('2D SPACE',''
  ) );
#3499 = SHELL_BASED_SURFACE_MODEL('',(#3500));
#3500 = OPEN_SHELL('',(#3501));
#3501 = ADVANCED_FACE('',(#3502),#3516,.F.);
#3502 = FACE_BOUND('',#3503,.T.);
#3503 = EDGE_LOOP('',(#3504,#3527,#3543,#3559));
#3504 = ORIENTED_EDGE('',*,*,#3505,.T.);
#3505 = EDGE_CURVE('',#3506,#3508,#3510,.T.);
#3506 = VERTEX_POINT('',#3507);
#3507 = CARTESIAN_POINT('',(-2.414466094067,-12.85,10.92132034356));
#3508 = VERTEX_POINT('',#3509);
#3509 = CARTESIAN_POINT('',(-2.414466094067,-12.85,11.628427124746));
#3510 = SURFACE_CURVE('',#3511,(#3515),.PCURVE_S1.);
#3511 = LINE('',#3512,#3513);
#3512 = CARTESIAN_POINT('',(-2.414466094067,-12.85,11.628427124746));
#3513 = VECTOR('',#3514,1.);
#3514 = DIRECTION('',(-3.288631438292E-15,0.,1.));
#3515 = PCURVE('',#3516,#3521);
#3516 = PLANE('',#3517);
#3517 = AXIS2_PLACEMENT_3D('',#3518,#3519,#3520);
#3518 = CARTESIAN_POINT('',(-2.414466094067,-16.05,11.628427124746));
#3519 = DIRECTION('',(-1.,0.,-3.288631438292E-15));
#3520 = DIRECTION('',(3.288631438292E-15,0.,-1.));
#3521 = DEFINITIONAL_REPRESENTATION('',(#3522),#3526);
#3522 = LINE('',#3523,#3524);
#3523 = CARTESIAN_POINT('',(0.,-3.2));
#3524 = VECTOR('',#3525,1.);
#3525 = DIRECTION('',(-1.,0.));
#3526 = ( GEOMETRIC_REPRESENTATION_CONTEXT(2) 
PARAMETRIC_REPRESENTATION_CONTEXT() REPRESENTATION_CONTEXT('2D SPACE',''
  ) );
#3527 = ORIENTED_EDGE('',*,*,#3528,.F.);
#3528 = EDGE_CURVE('',#3529,#3508,#3531,.T.);
#3529 = VERTEX_POINT('',#3530);
#3530 = CARTESIAN_POINT('',(-2.414466094067,-16.05,11.628427124746));
#3531 = SURFACE_CURVE('',#3532,(#3536),.PCURVE_S1.);
#3532 = LINE('',#3533,#3534);
#3533 = CARTESIAN_POINT('',(-2.414466094067,-16.05,11.628427124746));
#3534 = VECTOR('',#3535,1.);
#3535 = DIRECTION('',(0.,1.,0.));
#3536 = PCURVE('',#3516,#3537);
#3537 = DEFINITIONAL_REPRESENTATION('',(#3538),#3542);
#3538 = LINE('',#3539,#3540);
#3539 = CARTESIAN_POINT('',(0.,0.));
#3540 = VECTOR('',#3541,1.);
#3541 = DIRECTION('',(0.,-1.));
#3542 = ( GEOMETRIC_REPRESENTATION_CONTEXT(2) 
PARAMETRIC_REPRESENTATION_CONTEXT() REPRESENTATION_CONTEXT('2D SPACE',''
  ) );
#3543 = ORIENTED_EDGE('',*,*,#3544,.F.);
#3544 = EDGE_CURVE('',#3545,#3529,#3547,.T.);
#3545 = VERTEX_POINT('',#3546);
#3546 = CARTESIAN_POINT('',(-2.414466094067,-16.05,10.92132034356));
#3547 = SURFACE_CURVE('',#3548,(#3552),.PCURVE_S1.);
#3548 = LINE('',#3549,#3550);
#3549 = CARTESIAN_POINT('',(-2.414466094067,-16.05,11.628427124746));
#3550 = VECTOR('',#3551,1.);
#3551 = DIRECTION('',(-3.288631438292E-15,0.,1.));
#3552 = PCURVE('',#3516,#3553);
#3553 = DEFINITIONAL_REPRESENTATION('',(#3554),#3558);
#3554 = LINE('',#3555,#3556);
#3555 = CARTESIAN_POINT('',(0.,0.));
#3556 = VECTOR('',#3557,1.);
#3557 = DIRECTION('',(-1.,0.));
#3558 = ( GEOMETRIC_REPRESENTATION_CONTEXT(2) 
PARAMETRIC_REPRESENTATION_CONTEXT() REPRESENTATION_CONTEXT('2D SPACE',''
  ) );
#3559 = ORIENTED_EDGE('',*,*,#3560,.T.);
#3560 = EDGE_CURVE('',#3545,#3506,#3561,.T.);
#3561 = SURFACE_CURVE('',#3562,(#3566),.PCURVE_S1.);
#3562 = LINE('',#3563,#3564);
#3563 = CARTESIAN_POINT('',(-2.414466094067,-16.05,10.92132034356));
#3564 = VECTOR('',#3565,1.);
#3565 = DIRECTION('',(0.,1.,0.));
#3566 = PCURVE('',#3516,#3567);
#3567 = DEFINITIONAL_REPRESENTATION('',(#3568),#3572);
#3568 = LINE('',#3569,#3570);
#3569 = CARTESIAN_POINT('',(0.707106781187,0.));
#3570 = VECTOR('',#3571,1.);
#3571 = DIRECTION('',(0.,-1.));
#3572 = ( GEOMETRIC_REPRESENTATION_CONTEXT(2) 
PARAMETRIC_REPRESENTATION_CONTEXT() REPRESENTATION_CONTEXT('2D SPACE',''
  ) );
#3573 = SHELL_BASED_SURFACE_MODEL('',(#3574));
#3574 = OPEN_SHELL('',(#3575));
#3575 = ADVANCED_FACE('',(#3576,#3679,#3723,#3821,#3887,#3953),#3590,.F.
  );
#3576 = FACE_BOUND('',#3577,.T.);
#3577 = EDGE_LOOP('',(#3578,#3601,#3617,#3633,#3649,#3665));
#3578 = ORIENTED_EDGE('',*,*,#3579,.F.);
#3579 = EDGE_CURVE('',#3580,#3582,#3584,.T.);
#3580 = VERTEX_POINT('',#3581);
#3581 = CARTESIAN_POINT('',(-2.414466094067,-12.85,10.92132034356));
#3582 = VERTEX_POINT('',#3583);
#3583 = CARTESIAN_POINT('',(-2.414466094067,-12.85,11.628427124746));
#3584 = SURFACE_CURVE('',#3585,(#3589),.PCURVE_S1.);
#3585 = LINE('',#3586,#3587);
#3586 = CARTESIAN_POINT('',(-2.414466094067,-12.85,11.628427124746));
#3587 = VECTOR('',#3588,1.);
#3588 = DIRECTION('',(-3.288631438292E-15,0.,1.));
#3589 = PCURVE('',#3590,#3595);
#3590 = PLANE('',#3591);
#3591 = AXIS2_PLACEMENT_3D('',#3592,#3593,#3594);
#3592 = CARTESIAN_POINT('',(0.,-12.85,5.));
#3593 = DIRECTION('',(0.,1.,0.));
#3594 = DIRECTION('',(2.22044604925E-16,0.,-1.));
#3595 = DEFINITIONAL_REPRESENTATION('',(#3596),#3600);
#3596 = LINE('',#3597,#3598);
#3597 = CARTESIAN_POINT('',(-6.628427124746,2.414466094067));
#3598 = VECTOR('',#3599,1.);
#3599 = DIRECTION('',(-1.,3.066586833367E-15));
#3600 = ( GEOMETRIC_REPRESENTATION_CONTEXT(2) 
PARAMETRIC_REPRESENTATION_CONTEXT() REPRESENTATION_CONTEXT('2D SPACE',''
  ) );
#3601 = ORIENTED_EDGE('',*,*,#3602,.F.);
#3602 = EDGE_CURVE('',#3603,#3580,#3605,.T.);
#3603 = VERTEX_POINT('',#3604);
#3604 = CARTESIAN_POINT('',(-4.535786437627,-12.85,8.8));
#3605 = SURFACE_CURVE('',#3606,(#3610),.PCURVE_S1.);
#3606 = LINE('',#3607,#3608);
#3607 = CARTESIAN_POINT('',(-2.414466094067,-12.85,10.92132034356));
#3608 = VECTOR('',#3609,1.);
#3609 = DIRECTION('',(0.707106781187,0.,0.707106781187));
#3610 = PCURVE('',#3590,#3611);
#3611 = DEFINITIONAL_REPRESENTATION('',(#3612),#3616);
#3612 = LINE('',#3613,#3614);
#3613 = CARTESIAN_POINT('',(-5.92132034356,2.414466094067));
#3614 = VECTOR('',#3615,1.);
#3615 = DIRECTION('',(-0.707106781187,-0.707106781187));
#3616 = ( GEOMETRIC_REPRESENTATION_CONTEXT(2) 
PARAMETRIC_REPRESENTATION_CONTEXT() REPRESENTATION_CONTEXT('2D SPACE',''
  ) );
#3617 = ORIENTED_EDGE('',*,*,#3618,.F.);
#3618 = EDGE_CURVE('',#3619,#3603,#3621,.T.);
#3619 = VERTEX_POINT('',#3620);
#3620 = CARTESIAN_POINT('',(-5.242893218813,-12.85,8.8));
#3621 = SURFACE_CURVE('',#3622,(#3626),.PCURVE_S1.);
#3622 = LINE('',#3623,#3624);
#3623 = CARTESIAN_POINT('',(-4.535786437627,-12.85,8.8));
#3624 = VECTOR('',#3625,1.);
#3625 = DIRECTION('',(1.,0.,8.353619715984E-16));
#3626 = PCURVE('',#3590,#3627);
#3627 = DEFINITIONAL_REPRESENTATION('',(#3628),#3632);
#3628 = LINE('',#3629,#3630);
#3629 = CARTESIAN_POINT('',(-3.8,4.535786437627));
#3630 = VECTOR('',#3631,1.);
#3631 = DIRECTION('',(-6.133173666734E-16,-1.));
#3632 = ( GEOMETRIC_REPRESENTATION_CONTEXT(2) 
PARAMETRIC_REPRESENTATION_CONTEXT() REPRESENTATION_CONTEXT('2D SPACE',''
  ) );
#3633 = ORIENTED_EDGE('',*,*,#3634,.F.);
#3634 = EDGE_CURVE('',#3635,#3619,#3637,.T.);
#3635 = VERTEX_POINT('',#3636);
#3636 = CARTESIAN_POINT('',(-5.95,-12.85,9.507106781187));
#3637 = SURFACE_CURVE('',#3638,(#3642),.PCURVE_S1.);
#3638 = LINE('',#3639,#3640);
#3639 = CARTESIAN_POINT('',(-5.242893218813,-12.85,8.8));
#3640 = VECTOR('',#3641,1.);
#3641 = DIRECTION('',(0.707106781187,0.,-0.707106781187));
#3642 = PCURVE('',#3590,#3643);
#3643 = DEFINITIONAL_REPRESENTATION('',(#3644),#3648);
#3644 = LINE('',#3645,#3646);
#3645 = CARTESIAN_POINT('',(-3.8,5.242893218813));
#3646 = VECTOR('',#3647,1.);
#3647 = DIRECTION('',(0.707106781187,-0.707106781187));
#3648 = ( GEOMETRIC_REPRESENTATION_CONTEXT(2) 
PARAMETRIC_REPRESENTATION_CONTEXT() REPRESENTATION_CONTEXT('2D SPACE',''
  ) );
#3649 = ORIENTED_EDGE('',*,*,#3650,.F.);
#3650 = EDGE_CURVE('',#3651,#3635,#3653,.T.);
#3651 = VERTEX_POINT('',#3652);
#3652 = CARTESIAN_POINT('',(-3.121572875254,-12.85,12.335533905933));
#3653 = SURFACE_CURVE('',#3654,(#3658),.PCURVE_S1.);
#3654 = LINE('',#3655,#3656);
#3655 = CARTESIAN_POINT('',(-5.95,-12.85,9.507106781187));
#3656 = VECTOR('',#3657,1.);
#3657 = DIRECTION('',(-0.707106781187,0.,-0.707106781187));
#3658 = PCURVE('',#3590,#3659);
#3659 = DEFINITIONAL_REPRESENTATION('',(#3660),#3664);
#3660 = LINE('',#3661,#3662);
#3661 = CARTESIAN_POINT('',(-4.507106781187,5.95));
#3662 = VECTOR('',#3663,1.);
#3663 = DIRECTION('',(0.707106781187,0.707106781187));
#3664 = ( GEOMETRIC_REPRESENTATION_CONTEXT(2) 
PARAMETRIC_REPRESENTATION_CONTEXT() REPRESENTATION_CONTEXT('2D SPACE',''
  ) );
#3665 = ORIENTED_EDGE('',*,*,#3666,.F.);
#3666 = EDGE_CURVE('',#3582,#3651,#3667,.T.);
#3667 = SURFACE_CURVE('',#3668,(#3672),.PCURVE_S1.);
#3668 = LINE('',#3669,#3670);
#3669 = CARTESIAN_POINT('',(-3.121572875254,-12.85,12.335533905933));
#3670 = VECTOR('',#3671,1.);
#3671 = DIRECTION('',(-0.707106781187,0.,0.707106781187));
#3672 = PCURVE('',#3590,#3673);
#3673 = DEFINITIONAL_REPRESENTATION('',(#3674),#3678);
#3674 = LINE('',#3675,#3676);
#3675 = CARTESIAN_POINT('',(-7.335533905933,3.121572875254));
#3676 = VECTOR('',#3677,1.);
#3677 = DIRECTION('',(-0.707106781187,0.707106781187));
#3678 = ( GEOMETRIC_REPRESENTATION_CONTEXT(2) 
PARAMETRIC_REPRESENTATION_CONTEXT() REPRESENTATION_CONTEXT('2D SPACE',''
  ) );
#3679 = FACE_BOUND('',#3680,.T.);
#3680 = EDGE_LOOP('',(#3681,#3704));
#3681 = ORIENTED_EDGE('',*,*,#3682,.F.);
#3682 = EDGE_CURVE('',#3683,#3685,#3687,.T.);
#3683 = VERTEX_POINT('',#3684);
#3684 = CARTESIAN_POINT('',(-2.345346139521E-15,-12.85,7.75));
#3685 = VERTEX_POINT('',#3686);
#3686 = CARTESIAN_POINT('',(-1.460878682198E-15,-12.85,2.25));
#3687 = SURFACE_CURVE('',#3688,(#3693),.PCURVE_S1.);
#3688 = CIRCLE('',#3689,2.75);
#3689 = AXIS2_PLACEMENT_3D('',#3690,#3691,#3692);
#3690 = CARTESIAN_POINT('',(-1.734723475977E-15,-12.85,5.));
#3691 = DIRECTION('',(0.,-1.,0.));
#3692 = DIRECTION('',(-2.22044604925E-16,0.,1.));
#3693 = PCURVE('',#3590,#3694);
#3694 = DEFINITIONAL_REPRESENTATION('',(#3695),#3703);
#3695 = ( BOUNDED_CURVE() B_SPLINE_CURVE(2,(#3696,#3697,#3698,#3699,
#3700,#3701,#3702),.UNSPECIFIED.,.T.,.F.) B_SPLINE_CURVE_WITH_KNOTS((1,2
    ,2,2,2,1),(-2.094395102393,0.,2.094395102393,4.188790204786,
6.28318530718,8.377580409573),.UNSPECIFIED.) CURVE() 
GEOMETRIC_REPRESENTATION_ITEM() RATIONAL_B_SPLINE_CURVE((1.,0.5,1.,0.5,
1.,0.5,1.)) REPRESENTATION_ITEM('') );
#3696 = CARTESIAN_POINT('',(-2.75,1.734723475977E-15));
#3697 = CARTESIAN_POINT('',(-2.75,4.763139720814));
#3698 = CARTESIAN_POINT('',(1.375,2.381569860407));
#3699 = CARTESIAN_POINT('',(5.5,2.408279215508E-15));
#3700 = CARTESIAN_POINT('',(1.375,-2.381569860407));
#3701 = CARTESIAN_POINT('',(-2.75,-4.763139720814));
#3702 = CARTESIAN_POINT('',(-2.75,1.734723475977E-15));
#3703 = ( GEOMETRIC_REPRESENTATION_CONTEXT(2) 
PARAMETRIC_REPRESENTATION_CONTEXT() REPRESENTATION_CONTEXT('2D SPACE',''
  ) );
#3704 = ORIENTED_EDGE('',*,*,#3705,.F.);
#3705 = EDGE_CURVE('',#3685,#3683,#3706,.T.);
#3706 = SURFACE_CURVE('',#3707,(#3712),.PCURVE_S1.);
#3707 = CIRCLE('',#3708,2.75);
#3708 = AXIS2_PLACEMENT_3D('',#3709,#3710,#3711);
#3709 = CARTESIAN_POINT('',(-1.734723475977E-15,-12.85,5.));
#3710 = DIRECTION('',(0.,-1.,0.));
#3711 = DIRECTION('',(-2.22044604925E-16,0.,1.));
#3712 = PCURVE('',#3590,#3713);
#3713 = DEFINITIONAL_REPRESENTATION('',(#3714),#3722);
#3714 = ( BOUNDED_CURVE() B_SPLINE_CURVE(2,(#3715,#3716,#3717,#3718,
#3719,#3720,#3721),.UNSPECIFIED.,.T.,.F.) B_SPLINE_CURVE_WITH_KNOTS((1,2
    ,2,2,2,1),(-2.094395102393,0.,2.094395102393,4.188790204786,
6.28318530718,8.377580409573),.UNSPECIFIED.) CURVE() 
GEOMETRIC_REPRESENTATION_ITEM() RATIONAL_B_SPLINE_CURVE((1.,0.5,1.,0.5,
1.,0.5,1.)) REPRESENTATION_ITEM('') );
#3715 = CARTESIAN_POINT('',(-2.75,1.734723475977E-15));
#3716 = CARTESIAN_POINT('',(-2.75,4.763139720814));
#3717 = CARTESIAN_POINT('',(1.375,2.381569860407));
#3718 = CARTESIAN_POINT('',(5.5,2.408279215508E-15));
#3719 = CARTESIAN_POINT('',(1.375,-2.381569860407));
#3720 = CARTESIAN_POINT('',(-2.75,-4.763139720814));
#3721 = CARTESIAN_POINT('',(-2.75,1.734723475977E-15));
#3722 = ( GEOMETRIC_REPRESENTATION_CONTEXT(2) 
PARAMETRIC_REPRESENTATION_CONTEXT() REPRESENTATION_CONTEXT('2D SPACE',''
  ) );
#3723 = FACE_BOUND('',#3724,.T.);
#3724 = EDGE_LOOP('',(#3725,#3743,#3759,#3775,#3791,#3807));
#3725 = ORIENTED_EDGE('',*,*,#3726,.T.);
#3726 = EDGE_CURVE('',#3727,#3729,#3731,.T.);
#3727 = VERTEX_POINT('',#3728);
#3728 = CARTESIAN_POINT('',(4.535786437627,-12.85,8.8));
#3729 = VERTEX_POINT('',#3730);
#3730 = CARTESIAN_POINT('',(2.414466094067,-12.85,10.92132034356));
#3731 = SURFACE_CURVE('',#3732,(#3736),.PCURVE_S1.);
#3732 = LINE('',#3733,#3734);
#3733 = CARTESIAN_POINT('',(2.414466094067,-12.85,10.92132034356));
#3734 = VECTOR('',#3735,1.);
#3735 = DIRECTION('',(-0.707106781187,0.,0.707106781187));
#3736 = PCURVE('',#3590,#3737);
#3737 = DEFINITIONAL_REPRESENTATION('',(#3738),#3742);
#3738 = LINE('',#3739,#3740);
#3739 = CARTESIAN_POINT('',(-5.92132034356,-2.414466094067));
#3740 = VECTOR('',#3741,1.);
#3741 = DIRECTION('',(-0.707106781187,0.707106781187));
#3742 = ( GEOMETRIC_REPRESENTATION_CONTEXT(2) 
PARAMETRIC_REPRESENTATION_CONTEXT() REPRESENTATION_CONTEXT('2D SPACE',''
  ) );
#3743 = ORIENTED_EDGE('',*,*,#3744,.T.);
#3744 = EDGE_CURVE('',#3729,#3745,#3747,.T.);
#3745 = VERTEX_POINT('',#3746);
#3746 = CARTESIAN_POINT('',(2.414466094067,-12.85,11.628427124746));
#3747 = SURFACE_CURVE('',#3748,(#3752),.PCURVE_S1.);
#3748 = LINE('',#3749,#3750);
#3749 = CARTESIAN_POINT('',(2.414466094067,-12.85,11.628427124746));
#3750 = VECTOR('',#3751,1.);
#3751 = DIRECTION('',(2.844542228442E-15,0.,1.));
#3752 = PCURVE('',#3590,#3753);
#3753 = DEFINITIONAL_REPRESENTATION('',(#3754),#3758);
#3754 = LINE('',#3755,#3756);
#3755 = CARTESIAN_POINT('',(-6.628427124746,-2.414466094067));
#3756 = VECTOR('',#3757,1.);
#3757 = DIRECTION('',(-1.,-3.066586833367E-15));
#3758 = ( GEOMETRIC_REPRESENTATION_CONTEXT(2) 
PARAMETRIC_REPRESENTATION_CONTEXT() REPRESENTATION_CONTEXT('2D SPACE',''
  ) );
#3759 = ORIENTED_EDGE('',*,*,#3760,.T.);
#3760 = EDGE_CURVE('',#3745,#3761,#3763,.T.);
#3761 = VERTEX_POINT('',#3762);
#3762 = CARTESIAN_POINT('',(3.121572875254,-12.85,12.335533905933));
#3763 = SURFACE_CURVE('',#3764,(#3768),.PCURVE_S1.);
#3764 = LINE('',#3765,#3766);
#3765 = CARTESIAN_POINT('',(3.121572875254,-12.85,12.335533905933));
#3766 = VECTOR('',#3767,1.);
#3767 = DIRECTION('',(0.707106781187,0.,0.707106781187));
#3768 = PCURVE('',#3590,#3769);
#3769 = DEFINITIONAL_REPRESENTATION('',(#3770),#3774);
#3770 = LINE('',#3771,#3772);
#3771 = CARTESIAN_POINT('',(-7.335533905933,-3.121572875254));
#3772 = VECTOR('',#3773,1.);
#3773 = DIRECTION('',(-0.707106781187,-0.707106781187));
#3774 = ( GEOMETRIC_REPRESENTATION_CONTEXT(2) 
PARAMETRIC_REPRESENTATION_CONTEXT() REPRESENTATION_CONTEXT('2D SPACE',''
  ) );
#3775 = ORIENTED_EDGE('',*,*,#3776,.T.);
#3776 = EDGE_CURVE('',#3761,#3777,#3779,.T.);
#3777 = VERTEX_POINT('',#3778);
#3778 = CARTESIAN_POINT('',(5.95,-12.85,9.507106781187));
#3779 = SURFACE_CURVE('',#3780,(#3784),.PCURVE_S1.);
#3780 = LINE('',#3781,#3782);
#3781 = CARTESIAN_POINT('',(5.95,-12.85,9.507106781187));
#3782 = VECTOR('',#3783,1.);
#3783 = DIRECTION('',(0.707106781187,0.,-0.707106781187));
#3784 = PCURVE('',#3590,#3785);
#3785 = DEFINITIONAL_REPRESENTATION('',(#3786),#3790);
#3786 = LINE('',#3787,#3788);
#3787 = CARTESIAN_POINT('',(-4.507106781187,-5.95));
#3788 = VECTOR('',#3789,1.);
#3789 = DIRECTION('',(0.707106781187,-0.707106781187));
#3790 = ( GEOMETRIC_REPRESENTATION_CONTEXT(2) 
PARAMETRIC_REPRESENTATION_CONTEXT() REPRESENTATION_CONTEXT('2D SPACE',''
  ) );
#3791 = ORIENTED_EDGE('',*,*,#3792,.T.);
#3792 = EDGE_CURVE('',#3777,#3793,#3795,.T.);
#3793 = VERTEX_POINT('',#3794);
#3794 = CARTESIAN_POINT('',(5.242893218813,-12.85,8.8));
#3795 = SURFACE_CURVE('',#3796,(#3800),.PCURVE_S1.);
#3796 = LINE('',#3797,#3798);
#3797 = CARTESIAN_POINT('',(5.242893218813,-12.85,8.8));
#3798 = VECTOR('',#3799,1.);
#3799 = DIRECTION('',(-0.707106781187,0.,-0.707106781187));
#3800 = PCURVE('',#3590,#3801);
#3801 = DEFINITIONAL_REPRESENTATION('',(#3802),#3806);
#3802 = LINE('',#3803,#3804);
#3803 = CARTESIAN_POINT('',(-3.8,-5.242893218813));
#3804 = VECTOR('',#3805,1.);
#3805 = DIRECTION('',(0.707106781187,0.707106781187));
#3806 = ( GEOMETRIC_REPRESENTATION_CONTEXT(2) 
PARAMETRIC_REPRESENTATION_CONTEXT() REPRESENTATION_CONTEXT('2D SPACE',''
  ) );
#3807 = ORIENTED_EDGE('',*,*,#3808,.T.);
#3808 = EDGE_CURVE('',#3793,#3727,#3809,.T.);
#3809 = SURFACE_CURVE('',#3810,(#3814),.PCURVE_S1.);
#3810 = LINE('',#3811,#3812);
#3811 = CARTESIAN_POINT('',(4.535786437627,-12.85,8.8));
#3812 = VECTOR('',#3813,1.);
#3813 = DIRECTION('',(-1.,0.,3.912727617483E-16));
#3814 = PCURVE('',#3590,#3815);
#3815 = DEFINITIONAL_REPRESENTATION('',(#3816),#3820);
#3816 = LINE('',#3817,#3818);
#3817 = CARTESIAN_POINT('',(-3.8,-4.535786437627));
#3818 = VECTOR('',#3819,1.);
#3819 = DIRECTION('',(-6.133173666734E-16,1.));
#3820 = ( GEOMETRIC_REPRESENTATION_CONTEXT(2) 
PARAMETRIC_REPRESENTATION_CONTEXT() REPRESENTATION_CONTEXT('2D SPACE',''
  ) );
#3821 = FACE_BOUND('',#3822,.T.);
#3822 = EDGE_LOOP('',(#3823,#3841,#3857,#3873));
#3823 = ORIENTED_EDGE('',*,*,#3824,.F.);
#3824 = EDGE_CURVE('',#3825,#3827,#3829,.T.);
#3825 = VERTEX_POINT('',#3826);
#3826 = CARTESIAN_POINT('',(3.3,-12.85,4.05));
#3827 = VERTEX_POINT('',#3828);
#3828 = CARTESIAN_POINT('',(4.,-12.85,4.05));
#3829 = SURFACE_CURVE('',#3830,(#3834),.PCURVE_S1.);
#3830 = LINE('',#3831,#3832);
#3831 = CARTESIAN_POINT('',(4.,-12.85,4.05));
#3832 = VECTOR('',#3833,1.);
#3833 = DIRECTION('',(1.,0.,2.22044604925E-16));
#3834 = PCURVE('',#3590,#3835);
#3835 = DEFINITIONAL_REPRESENTATION('',(#3836),#3840);
#3836 = LINE('',#3837,#3838);
#3837 = CARTESIAN_POINT('',(0.95,-4.));
#3838 = VECTOR('',#3839,1.);
#3839 = DIRECTION('',(0.,-1.));
#3840 = ( GEOMETRIC_REPRESENTATION_CONTEXT(2) 
PARAMETRIC_REPRESENTATION_CONTEXT() REPRESENTATION_CONTEXT('2D SPACE',''
  ) );
#3841 = ORIENTED_EDGE('',*,*,#3842,.F.);
#3842 = EDGE_CURVE('',#3843,#3825,#3845,.T.);
#3843 = VERTEX_POINT('',#3844);
#3844 = CARTESIAN_POINT('',(3.3,-12.85,5.95));
#3845 = SURFACE_CURVE('',#3846,(#3850),.PCURVE_S1.);
#3846 = LINE('',#3847,#3848);
#3847 = CARTESIAN_POINT('',(3.3,-12.85,4.05));
#3848 = VECTOR('',#3849,1.);
#3849 = DIRECTION('',(2.22044604925E-16,0.,-1.));
#3850 = PCURVE('',#3590,#3851);
#3851 = DEFINITIONAL_REPRESENTATION('',(#3852),#3856);
#3852 = LINE('',#3853,#3854);
#3853 = CARTESIAN_POINT('',(0.95,-3.3));
#3854 = VECTOR('',#3855,1.);
#3855 = DIRECTION('',(1.,0.));
#3856 = ( GEOMETRIC_REPRESENTATION_CONTEXT(2) 
PARAMETRIC_REPRESENTATION_CONTEXT() REPRESENTATION_CONTEXT('2D SPACE',''
  ) );
#3857 = ORIENTED_EDGE('',*,*,#3858,.F.);
#3858 = EDGE_CURVE('',#3859,#3843,#3861,.T.);
#3859 = VERTEX_POINT('',#3860);
#3860 = CARTESIAN_POINT('',(4.,-12.85,5.95));
#3861 = SURFACE_CURVE('',#3862,(#3866),.PCURVE_S1.);
#3862 = LINE('',#3863,#3864);
#3863 = CARTESIAN_POINT('',(4.,-12.85,5.95));
#3864 = VECTOR('',#3865,1.);
#3865 = DIRECTION('',(-1.,0.,-2.22044604925E-16));
#3866 = PCURVE('',#3590,#3867);
#3867 = DEFINITIONAL_REPRESENTATION('',(#3868),#3872);
#3868 = LINE('',#3869,#3870);
#3869 = CARTESIAN_POINT('',(-0.95,-4.));
#3870 = VECTOR('',#3871,1.);
#3871 = DIRECTION('',(0.,1.));
#3872 = ( GEOMETRIC_REPRESENTATION_CONTEXT(2) 
PARAMETRIC_REPRESENTATION_CONTEXT() REPRESENTATION_CONTEXT('2D SPACE',''
  ) );
#3873 = ORIENTED_EDGE('',*,*,#3874,.F.);
#3874 = EDGE_CURVE('',#3827,#3859,#3875,.T.);
#3875 = SURFACE_CURVE('',#3876,(#3880),.PCURVE_S1.);
#3876 = LINE('',#3877,#3878);
#3877 = CARTESIAN_POINT('',(4.,-12.85,4.05));
#3878 = VECTOR('',#3879,1.);
#3879 = DIRECTION('',(-2.22044604925E-16,0.,1.));
#3880 = PCURVE('',#3590,#3881);
#3881 = DEFINITIONAL_REPRESENTATION('',(#3882),#3886);
#3882 = LINE('',#3883,#3884);
#3883 = CARTESIAN_POINT('',(0.95,-4.));
#3884 = VECTOR('',#3885,1.);
#3885 = DIRECTION('',(-1.,0.));
#3886 = ( GEOMETRIC_REPRESENTATION_CONTEXT(2) 
PARAMETRIC_REPRESENTATION_CONTEXT() REPRESENTATION_CONTEXT('2D SPACE',''
  ) );
#3887 = FACE_BOUND('',#3888,.T.);
#3888 = EDGE_LOOP('',(#3889,#3907,#3923,#3939));
#3889 = ORIENTED_EDGE('',*,*,#3890,.T.);
#3890 = EDGE_CURVE('',#3891,#3893,#3895,.T.);
#3891 = VERTEX_POINT('',#3892);
#3892 = CARTESIAN_POINT('',(-3.3,-12.85,5.95));
#3893 = VERTEX_POINT('',#3894);
#3894 = CARTESIAN_POINT('',(-3.3,-12.85,4.05));
#3895 = SURFACE_CURVE('',#3896,(#3900),.PCURVE_S1.);
#3896 = LINE('',#3897,#3898);
#3897 = CARTESIAN_POINT('',(-3.3,-12.85,4.05));
#3898 = VECTOR('',#3899,1.);
#3899 = DIRECTION('',(2.22044604925E-16,0.,-1.));
#3900 = PCURVE('',#3590,#3901);
#3901 = DEFINITIONAL_REPRESENTATION('',(#3902),#3906);
#3902 = LINE('',#3903,#3904);
#3903 = CARTESIAN_POINT('',(0.95,3.3));
#3904 = VECTOR('',#3905,1.);
#3905 = DIRECTION('',(1.,0.));
#3906 = ( GEOMETRIC_REPRESENTATION_CONTEXT(2) 
PARAMETRIC_REPRESENTATION_CONTEXT() REPRESENTATION_CONTEXT('2D SPACE',''
  ) );
#3907 = ORIENTED_EDGE('',*,*,#3908,.T.);
#3908 = EDGE_CURVE('',#3893,#3909,#3911,.T.);
#3909 = VERTEX_POINT('',#3910);
#3910 = CARTESIAN_POINT('',(-4.,-12.85,4.05));
#3911 = SURFACE_CURVE('',#3912,(#3916),.PCURVE_S1.);
#3912 = LINE('',#3913,#3914);
#3913 = CARTESIAN_POINT('',(-4.,-12.85,4.05));
#3914 = VECTOR('',#3915,1.);
#3915 = DIRECTION('',(-1.,0.,-2.22044604925E-16));
#3916 = PCURVE('',#3590,#3917);
#3917 = DEFINITIONAL_REPRESENTATION('',(#3918),#3922);
#3918 = LINE('',#3919,#3920);
#3919 = CARTESIAN_POINT('',(0.95,4.));
#3920 = VECTOR('',#3921,1.);
#3921 = DIRECTION('',(0.,1.));
#3922 = ( GEOMETRIC_REPRESENTATION_CONTEXT(2) 
PARAMETRIC_REPRESENTATION_CONTEXT() REPRESENTATION_CONTEXT('2D SPACE',''
  ) );
#3923 = ORIENTED_EDGE('',*,*,#3924,.T.);
#3924 = EDGE_CURVE('',#3909,#3925,#3927,.T.);
#3925 = VERTEX_POINT('',#3926);
#3926 = CARTESIAN_POINT('',(-4.,-12.85,5.95));
#3927 = SURFACE_CURVE('',#3928,(#3932),.PCURVE_S1.);
#3928 = LINE('',#3929,#3930);
#3929 = CARTESIAN_POINT('',(-4.,-12.85,4.05));
#3930 = VECTOR('',#3931,1.);
#3931 = DIRECTION('',(-2.22044604925E-16,0.,1.));
#3932 = PCURVE('',#3590,#3933);
#3933 = DEFINITIONAL_REPRESENTATION('',(#3934),#3938);
#3934 = LINE('',#3935,#3936);
#3935 = CARTESIAN_POINT('',(0.95,4.));
#3936 = VECTOR('',#3937,1.);
#3937 = DIRECTION('',(-1.,0.));
#3938 = ( GEOMETRIC_REPRESENTATION_CONTEXT(2) 
PARAMETRIC_REPRESENTATION_CONTEXT() REPRESENTATION_CONTEXT('2D SPACE',''
  ) );
#3939 = ORIENTED_EDGE('',*,*,#3940,.T.);
#3940 = EDGE_CURVE('',#3925,#3891,#3941,.T.);
#3941 = SURFACE_CURVE('',#3942,(#3946),.PCURVE_S1.);
#3942 = LINE('',#3943,#3944);
#3943 = CARTESIAN_POINT('',(-4.,-12.85,5.95));
#3944 = VECTOR('',#3945,1.);
#3945 = DIRECTION('',(1.,0.,2.22044604925E-16));
#3946 = PCURVE('',#3590,#3947);
#3947 = DEFINITIONAL_REPRESENTATION('',(#3948),#3952);
#3948 = LINE('',#3949,#3950);
#3949 = CARTESIAN_POINT('',(-0.95,4.));
#3950 = VECTOR('',#3951,1.);
#3951 = DIRECTION('',(0.,-1.));
#3952 = ( GEOMETRIC_REPRESENTATION_CONTEXT(2) 
PARAMETRIC_REPRESENTATION_CONTEXT() REPRESENTATION_CONTEXT('2D SPACE',''
  ) );
#3953 = FACE_BOUND('',#3954,.T.);
#3954 = EDGE_LOOP('',(#3955,#3978,#3994,#4010,#4026,#4047));
#3955 = ORIENTED_EDGE('',*,*,#3956,.T.);
#3956 = EDGE_CURVE('',#3957,#3959,#3961,.T.);
#3957 = VERTEX_POINT('',#3958);
#3958 = CARTESIAN_POINT('',(3.316624790355,-12.85,0.));
#3959 = VERTEX_POINT('',#3960);
#3960 = CARTESIAN_POINT('',(6.,-12.85,5.));
#3961 = SURFACE_CURVE('',#3962,(#3967),.PCURVE_S1.);
#3962 = CIRCLE('',#3963,6.);
#3963 = AXIS2_PLACEMENT_3D('',#3964,#3965,#3966);
#3964 = CARTESIAN_POINT('',(-1.734723475977E-15,-12.85,5.));
#3965 = DIRECTION('',(0.,-1.,0.));
#3966 = DIRECTION('',(-2.22044604925E-16,0.,1.));
#3967 = PCURVE('',#3590,#3968);
#3968 = DEFINITIONAL_REPRESENTATION('',(#3969),#3977);
#3969 = ( BOUNDED_CURVE() B_SPLINE_CURVE(2,(#3970,#3971,#3972,#3973,
#3974,#3975,#3976),.UNSPECIFIED.,.T.,.F.) B_SPLINE_CURVE_WITH_KNOTS((1,2
    ,2,2,2,1),(-2.094395102393,0.,2.094395102393,4.188790204786,
6.28318530718,8.377580409573),.UNSPECIFIED.) CURVE() 
GEOMETRIC_REPRESENTATION_ITEM() RATIONAL_B_SPLINE_CURVE((1.,0.5,1.,0.5,
1.,0.5,1.)) REPRESENTATION_ITEM('') );
#3970 = CARTESIAN_POINT('',(-6.,1.734723475977E-15));
#3971 = CARTESIAN_POINT('',(-6.,10.392304845413));
#3972 = CARTESIAN_POINT('',(3.,5.196152422707));
#3973 = CARTESIAN_POINT('',(12.,3.204299634954E-15));
#3974 = CARTESIAN_POINT('',(3.,-5.196152422707));
#3975 = CARTESIAN_POINT('',(-6.,-10.39230484541));
#3976 = CARTESIAN_POINT('',(-6.,1.734723475977E-15));
#3977 = ( GEOMETRIC_REPRESENTATION_CONTEXT(2) 
PARAMETRIC_REPRESENTATION_CONTEXT() REPRESENTATION_CONTEXT('2D SPACE',''
  ) );
#3978 = ORIENTED_EDGE('',*,*,#3979,.T.);
#3979 = EDGE_CURVE('',#3959,#3980,#3982,.T.);
#3980 = VERTEX_POINT('',#3981);
#3981 = CARTESIAN_POINT('',(6.,-12.85,18.5));
#3982 = SURFACE_CURVE('',#3983,(#3987),.PCURVE_S1.);
#3983 = LINE('',#3984,#3985);
#3984 = CARTESIAN_POINT('',(6.,-12.85,10.));
#3985 = VECTOR('',#3986,1.);
#3986 = DIRECTION('',(-2.22044604925E-16,0.,1.));
#3987 = PCURVE('',#3590,#3988);
#3988 = DEFINITIONAL_REPRESENTATION('',(#3989),#3993);
#3989 = LINE('',#3990,#3991);
#3990 = CARTESIAN_POINT('',(-5.,-6.));
#3991 = VECTOR('',#3992,1.);
#3992 = DIRECTION('',(-1.,0.));
#3993 = ( GEOMETRIC_REPRESENTATION_CONTEXT(2) 
PARAMETRIC_REPRESENTATION_CONTEXT() REPRESENTATION_CONTEXT('2D SPACE',''
  ) );
#3994 = ORIENTED_EDGE('',*,*,#3995,.T.);
#3995 = EDGE_CURVE('',#3980,#3996,#3998,.T.);
#3996 = VERTEX_POINT('',#3997);
#3997 = CARTESIAN_POINT('',(-6.,-12.85,18.5));
#3998 = SURFACE_CURVE('',#3999,(#4003),.PCURVE_S1.);
#3999 = LINE('',#4000,#4001);
#4000 = CARTESIAN_POINT('',(6.,-12.85,18.5));
#4001 = VECTOR('',#4002,1.);
#4002 = DIRECTION('',(-1.,0.,-2.22044604925E-16));
#4003 = PCURVE('',#3590,#4004);
#4004 = DEFINITIONAL_REPRESENTATION('',(#4005),#4009);
#4005 = LINE('',#4006,#4007);
#4006 = CARTESIAN_POINT('',(-13.5,-6.));
#4007 = VECTOR('',#4008,1.);
#4008 = DIRECTION('',(0.,1.));
#4009 = ( GEOMETRIC_REPRESENTATION_CONTEXT(2) 
PARAMETRIC_REPRESENTATION_CONTEXT() REPRESENTATION_CONTEXT('2D SPACE',''
  ) );
#4010 = ORIENTED_EDGE('',*,*,#4011,.T.);
#4011 = EDGE_CURVE('',#3996,#4012,#4014,.T.);
#4012 = VERTEX_POINT('',#4013);
#4013 = CARTESIAN_POINT('',(-6.,-12.85,5.));
#4014 = SURFACE_CURVE('',#4015,(#4019),.PCURVE_S1.);
#4015 = LINE('',#4016,#4017);
#4016 = CARTESIAN_POINT('',(-6.,-12.85,10.));
#4017 = VECTOR('',#4018,1.);
#4018 = DIRECTION('',(2.22044604925E-16,0.,-1.));
#4019 = PCURVE('',#3590,#4020);
#4020 = DEFINITIONAL_REPRESENTATION('',(#4021),#4025);
#4021 = LINE('',#4022,#4023);
#4022 = CARTESIAN_POINT('',(-5.,6.));
#4023 = VECTOR('',#4024,1.);
#4024 = DIRECTION('',(1.,0.));
#4025 = ( GEOMETRIC_REPRESENTATION_CONTEXT(2) 
PARAMETRIC_REPRESENTATION_CONTEXT() REPRESENTATION_CONTEXT('2D SPACE',''
  ) );
#4026 = ORIENTED_EDGE('',*,*,#4027,.T.);
#4027 = EDGE_CURVE('',#4012,#4028,#4030,.T.);
#4028 = VERTEX_POINT('',#4029);
#4029 = CARTESIAN_POINT('',(-3.316624790355,-12.85,-1.7763568394E-15));
#4030 = SURFACE_CURVE('',#4031,(#4036),.PCURVE_S1.);
#4031 = CIRCLE('',#4032,6.);
#4032 = AXIS2_PLACEMENT_3D('',#4033,#4034,#4035);
#4033 = CARTESIAN_POINT('',(-1.734723475977E-15,-12.85,5.));
#4034 = DIRECTION('',(0.,-1.,0.));
#4035 = DIRECTION('',(-2.22044604925E-16,0.,1.));
#4036 = PCURVE('',#3590,#4037);
#4037 = DEFINITIONAL_REPRESENTATION('',(#4038),#4046);
#4038 = ( BOUNDED_CURVE() B_SPLINE_CURVE(2,(#4039,#4040,#4041,#4042,
#4043,#4044,#4045),.UNSPECIFIED.,.T.,.F.) B_SPLINE_CURVE_WITH_KNOTS((1,2
    ,2,2,2,1),(-2.094395102393,0.,2.094395102393,4.188790204786,
6.28318530718,8.377580409573),.UNSPECIFIED.) CURVE() 
GEOMETRIC_REPRESENTATION_ITEM() RATIONAL_B_SPLINE_CURVE((1.,0.5,1.,0.5,
1.,0.5,1.)) REPRESENTATION_ITEM('') );
#4039 = CARTESIAN_POINT('',(-6.,1.734723475977E-15));
#4040 = CARTESIAN_POINT('',(-6.,10.392304845413));
#4041 = CARTESIAN_POINT('',(3.,5.196152422707));
#4042 = CARTESIAN_POINT('',(12.,3.204299634954E-15));
#4043 = CARTESIAN_POINT('',(3.,-5.196152422707));
#4044 = CARTESIAN_POINT('',(-6.,-10.39230484541));
#4045 = CARTESIAN_POINT('',(-6.,1.734723475977E-15));
#4046 = ( GEOMETRIC_REPRESENTATION_CONTEXT(2) 
PARAMETRIC_REPRESENTATION_CONTEXT() REPRESENTATION_CONTEXT('2D SPACE',''
  ) );
#4047 = ORIENTED_EDGE('',*,*,#4048,.T.);
#4048 = EDGE_CURVE('',#4028,#3957,#4049,.T.);
#4049 = SURFACE_CURVE('',#4050,(#4054),.PCURVE_S1.);
#4050 = LINE('',#4051,#4052);
#4051 = CARTESIAN_POINT('',(6.,-12.85,8.881784197001E-16));
#4052 = VECTOR('',#4053,1.);
#4053 = DIRECTION('',(1.,0.,2.22044604925E-16));
#4054 = PCURVE('',#3590,#4055);
#4055 = DEFINITIONAL_REPRESENTATION('',(#4056),#4060);
#4056 = LINE('',#4057,#4058);
#4057 = CARTESIAN_POINT('',(5.,-6.));
#4058 = VECTOR('',#4059,1.);
#4059 = DIRECTION('',(0.,-1.));
#4060 = ( GEOMETRIC_REPRESENTATION_CONTEXT(2) 
PARAMETRIC_REPRESENTATION_CONTEXT() REPRESENTATION_CONTEXT('2D SPACE',''
  ) );
#4061 = SHELL_BASED_SURFACE_MODEL('',(#4062));
#4062 = OPEN_SHELL('',(#4063));
#4063 = ADVANCED_FACE('',(#4064),#4078,.F.);
#4064 = FACE_BOUND('',#4065,.T.);
#4065 = EDGE_LOOP('',(#4066,#4089,#4105,#4121));
#4066 = ORIENTED_EDGE('',*,*,#4067,.T.);
#4067 = EDGE_CURVE('',#4068,#4070,#4072,.T.);
#4068 = VERTEX_POINT('',#4069);
#4069 = CARTESIAN_POINT('',(3.3,-12.85,5.95));
#4070 = VERTEX_POINT('',#4071);
#4071 = CARTESIAN_POINT('',(3.3,-12.85,4.05));
#4072 = SURFACE_CURVE('',#4073,(#4077),.PCURVE_S1.);
#4073 = LINE('',#4074,#4075);
#4074 = CARTESIAN_POINT('',(3.3,-12.85,4.05));
#4075 = VECTOR('',#4076,1.);
#4076 = DIRECTION('',(2.22044604925E-16,0.,-1.));
#4077 = PCURVE('',#4078,#4083);
#4078 = PLANE('',#4079);
#4079 = AXIS2_PLACEMENT_3D('',#4080,#4081,#4082);
#4080 = CARTESIAN_POINT('',(3.3,-11.85,4.05));
#4081 = DIRECTION('',(-1.,0.,-2.22044604925E-16));
#4082 = DIRECTION('',(2.22044604925E-16,0.,-1.));
#4083 = DEFINITIONAL_REPRESENTATION('',(#4084),#4088);
#4084 = LINE('',#4085,#4086);
#4085 = CARTESIAN_POINT('',(0.,1.));
#4086 = VECTOR('',#4087,1.);
#4087 = DIRECTION('',(1.,0.));
#4088 = ( GEOMETRIC_REPRESENTATION_CONTEXT(2) 
PARAMETRIC_REPRESENTATION_CONTEXT() REPRESENTATION_CONTEXT('2D SPACE',''
  ) );
#4089 = ORIENTED_EDGE('',*,*,#4090,.F.);
#4090 = EDGE_CURVE('',#4091,#4070,#4093,.T.);
#4091 = VERTEX_POINT('',#4092);
#4092 = CARTESIAN_POINT('',(3.3,-11.85,4.05));
#4093 = SURFACE_CURVE('',#4094,(#4098),.PCURVE_S1.);
#4094 = LINE('',#4095,#4096);
#4095 = CARTESIAN_POINT('',(3.3,-11.85,4.05));
#4096 = VECTOR('',#4097,1.);
#4097 = DIRECTION('',(0.,-1.,0.));
#4098 = PCURVE('',#4078,#4099);
#4099 = DEFINITIONAL_REPRESENTATION('',(#4100),#4104);
#4100 = LINE('',#4101,#4102);
#4101 = CARTESIAN_POINT('',(0.,0.));
#4102 = VECTOR('',#4103,1.);
#4103 = DIRECTION('',(0.,1.));
#4104 = ( GEOMETRIC_REPRESENTATION_CONTEXT(2) 
PARAMETRIC_REPRESENTATION_CONTEXT() REPRESENTATION_CONTEXT('2D SPACE',''
  ) );
#4105 = ORIENTED_EDGE('',*,*,#4106,.F.);
#4106 = EDGE_CURVE('',#4107,#4091,#4109,.T.);
#4107 = VERTEX_POINT('',#4108);
#4108 = CARTESIAN_POINT('',(3.3,-11.85,5.95));
#4109 = SURFACE_CURVE('',#4110,(#4114),.PCURVE_S1.);
#4110 = LINE('',#4111,#4112);
#4111 = CARTESIAN_POINT('',(3.3,-11.85,4.05));
#4112 = VECTOR('',#4113,1.);
#4113 = DIRECTION('',(2.22044604925E-16,0.,-1.));
#4114 = PCURVE('',#4078,#4115);
#4115 = DEFINITIONAL_REPRESENTATION('',(#4116),#4120);
#4116 = LINE('',#4117,#4118);
#4117 = CARTESIAN_POINT('',(0.,0.));
#4118 = VECTOR('',#4119,1.);
#4119 = DIRECTION('',(1.,0.));
#4120 = ( GEOMETRIC_REPRESENTATION_CONTEXT(2) 
PARAMETRIC_REPRESENTATION_CONTEXT() REPRESENTATION_CONTEXT('2D SPACE',''
  ) );
#4121 = ORIENTED_EDGE('',*,*,#4122,.T.);
#4122 = EDGE_CURVE('',#4107,#4068,#4123,.T.);
#4123 = SURFACE_CURVE('',#4124,(#4128),.PCURVE_S1.);
#4124 = LINE('',#4125,#4126);
#4125 = CARTESIAN_POINT('',(3.3,-11.85,5.95));
#4126 = VECTOR('',#4127,1.);
#4127 = DIRECTION('',(0.,-1.,0.));
#4128 = PCURVE('',#4078,#4129);
#4129 = DEFINITIONAL_REPRESENTATION('',(#4130),#4134);
#4130 = LINE('',#4131,#4132);
#4131 = CARTESIAN_POINT('',(-1.9,-0.));
#4132 = VECTOR('',#4133,1.);
#4133 = DIRECTION('',(0.,1.));
#4134 = ( GEOMETRIC_REPRESENTATION_CONTEXT(2) 
PARAMETRIC_REPRESENTATION_CONTEXT() REPRESENTATION_CONTEXT('2D SPACE',''
  ) );
#4135 = SHELL_BASED_SURFACE_MODEL('',(#4136));
#4136 = OPEN_SHELL('',(#4137));
#4137 = ADVANCED_FACE('',(#4138,#4187,#4253,#4319),#4153,.T.);
#4138 = FACE_BOUND('',#4139,.T.);
#4139 = EDGE_LOOP('',(#4140,#4168));
#4140 = ORIENTED_EDGE('',*,*,#4141,.T.);
#4141 = EDGE_CURVE('',#4142,#4144,#4146,.T.);
#4142 = VERTEX_POINT('',#4143);
#4143 = CARTESIAN_POINT('',(-2.345346139521E-15,-11.85,7.75));
#4144 = VERTEX_POINT('',#4145);
#4145 = CARTESIAN_POINT('',(-1.460878682198E-15,-11.85,2.25));
#4146 = SURFACE_CURVE('',#4147,(#4152),.PCURVE_S1.);
#4147 = CIRCLE('',#4148,2.75);
#4148 = AXIS2_PLACEMENT_3D('',#4149,#4150,#4151);
#4149 = CARTESIAN_POINT('',(-1.734723475977E-15,-11.85,5.));
#4150 = DIRECTION('',(0.,-1.,0.));
#4151 = DIRECTION('',(-2.22044604925E-16,0.,1.));
#4152 = PCURVE('',#4153,#4158);
#4153 = PLANE('',#4154);
#4154 = AXIS2_PLACEMENT_3D('',#4155,#4156,#4157);
#4155 = CARTESIAN_POINT('',(0.,-11.85,5.));
#4156 = DIRECTION('',(0.,1.,0.));
#4157 = DIRECTION('',(2.22044604925E-16,0.,-1.));
#4158 = DEFINITIONAL_REPRESENTATION('',(#4159),#4167);
#4159 = ( BOUNDED_CURVE() B_SPLINE_CURVE(2,(#4160,#4161,#4162,#4163,
#4164,#4165,#4166),.UNSPECIFIED.,.T.,.F.) B_SPLINE_CURVE_WITH_KNOTS((1,2
    ,2,2,2,1),(-2.094395102393,0.,2.094395102393,4.188790204786,
6.28318530718,8.377580409573),.UNSPECIFIED.) CURVE() 
GEOMETRIC_REPRESENTATION_ITEM() RATIONAL_B_SPLINE_CURVE((1.,0.5,1.,0.5,
1.,0.5,1.)) REPRESENTATION_ITEM('') );
#4160 = CARTESIAN_POINT('',(-2.75,1.734723475977E-15));
#4161 = CARTESIAN_POINT('',(-2.75,4.763139720814));
#4162 = CARTESIAN_POINT('',(1.375,2.381569860407));
#4163 = CARTESIAN_POINT('',(5.5,2.408279215508E-15));
#4164 = CARTESIAN_POINT('',(1.375,-2.381569860407));
#4165 = CARTESIAN_POINT('',(-2.75,-4.763139720814));
#4166 = CARTESIAN_POINT('',(-2.75,1.734723475977E-15));
#4167 = ( GEOMETRIC_REPRESENTATION_CONTEXT(2) 
PARAMETRIC_REPRESENTATION_CONTEXT() REPRESENTATION_CONTEXT('2D SPACE',''
  ) );
#4168 = ORIENTED_EDGE('',*,*,#4169,.T.);
#4169 = EDGE_CURVE('',#4144,#4142,#4170,.T.);
#4170 = SURFACE_CURVE('',#4171,(#4176),.PCURVE_S1.);
#4171 = CIRCLE('',#4172,2.75);
#4172 = AXIS2_PLACEMENT_3D('',#4173,#4174,#4175);
#4173 = CARTESIAN_POINT('',(-1.734723475977E-15,-11.85,5.));
#4174 = DIRECTION('',(0.,-1.,0.));
#4175 = DIRECTION('',(-2.22044604925E-16,0.,1.));
#4176 = PCURVE('',#4153,#4177);
#4177 = DEFINITIONAL_REPRESENTATION('',(#4178),#4186);
#4178 = ( BOUNDED_CURVE() B_SPLINE_CURVE(2,(#4179,#4180,#4181,#4182,
#4183,#4184,#4185),.UNSPECIFIED.,.T.,.F.) B_SPLINE_CURVE_WITH_KNOTS((1,2
    ,2,2,2,1),(-2.094395102393,0.,2.094395102393,4.188790204786,
6.28318530718,8.377580409573),.UNSPECIFIED.) CURVE() 
GEOMETRIC_REPRESENTATION_ITEM() RATIONAL_B_SPLINE_CURVE((1.,0.5,1.,0.5,
1.,0.5,1.)) REPRESENTATION_ITEM('') );
#4179 = CARTESIAN_POINT('',(-2.75,1.734723475977E-15));
#4180 = CARTESIAN_POINT('',(-2.75,4.763139720814));
#4181 = CARTESIAN_POINT('',(1.375,2.381569860407));
#4182 = CARTESIAN_POINT('',(5.5,2.408279215508E-15));
#4183 = CARTESIAN_POINT('',(1.375,-2.381569860407));
#4184 = CARTESIAN_POINT('',(-2.75,-4.763139720814));
#4185 = CARTESIAN_POINT('',(-2.75,1.734723475977E-15));
#4186 = ( GEOMETRIC_REPRESENTATION_CONTEXT(2) 
PARAMETRIC_REPRESENTATION_CONTEXT() REPRESENTATION_CONTEXT('2D SPACE',''
  ) );
#4187 = FACE_BOUND('',#4188,.T.);
#4188 = EDGE_LOOP('',(#4189,#4207,#4223,#4239));
#4189 = ORIENTED_EDGE('',*,*,#4190,.T.);
#4190 = EDGE_CURVE('',#4191,#4193,#4195,.T.);
#4191 = VERTEX_POINT('',#4192);
#4192 = CARTESIAN_POINT('',(3.3,-11.85,5.95));
#4193 = VERTEX_POINT('',#4194);
#4194 = CARTESIAN_POINT('',(3.3,-11.85,4.05));
#4195 = SURFACE_CURVE('',#4196,(#4200),.PCURVE_S1.);
#4196 = LINE('',#4197,#4198);
#4197 = CARTESIAN_POINT('',(3.3,-11.85,4.05));
#4198 = VECTOR('',#4199,1.);
#4199 = DIRECTION('',(2.22044604925E-16,0.,-1.));
#4200 = PCURVE('',#4153,#4201);
#4201 = DEFINITIONAL_REPRESENTATION('',(#4202),#4206);
#4202 = LINE('',#4203,#4204);
#4203 = CARTESIAN_POINT('',(0.95,-3.3));
#4204 = VECTOR('',#4205,1.);
#4205 = DIRECTION('',(1.,0.));
#4206 = ( GEOMETRIC_REPRESENTATION_CONTEXT(2) 
PARAMETRIC_REPRESENTATION_CONTEXT() REPRESENTATION_CONTEXT('2D SPACE',''
  ) );
#4207 = ORIENTED_EDGE('',*,*,#4208,.T.);
#4208 = EDGE_CURVE('',#4193,#4209,#4211,.T.);
#4209 = VERTEX_POINT('',#4210);
#4210 = CARTESIAN_POINT('',(4.,-11.85,4.05));
#4211 = SURFACE_CURVE('',#4212,(#4216),.PCURVE_S1.);
#4212 = LINE('',#4213,#4214);
#4213 = CARTESIAN_POINT('',(4.,-11.85,4.05));
#4214 = VECTOR('',#4215,1.);
#4215 = DIRECTION('',(1.,0.,2.22044604925E-16));
#4216 = PCURVE('',#4153,#4217);
#4217 = DEFINITIONAL_REPRESENTATION('',(#4218),#4222);
#4218 = LINE('',#4219,#4220);
#4219 = CARTESIAN_POINT('',(0.95,-4.));
#4220 = VECTOR('',#4221,1.);
#4221 = DIRECTION('',(0.,-1.));
#4222 = ( GEOMETRIC_REPRESENTATION_CONTEXT(2) 
PARAMETRIC_REPRESENTATION_CONTEXT() REPRESENTATION_CONTEXT('2D SPACE',''
  ) );
#4223 = ORIENTED_EDGE('',*,*,#4224,.T.);
#4224 = EDGE_CURVE('',#4209,#4225,#4227,.T.);
#4225 = VERTEX_POINT('',#4226);
#4226 = CARTESIAN_POINT('',(4.,-11.85,5.95));
#4227 = SURFACE_CURVE('',#4228,(#4232),.PCURVE_S1.);
#4228 = LINE('',#4229,#4230);
#4229 = CARTESIAN_POINT('',(4.,-11.85,4.05));
#4230 = VECTOR('',#4231,1.);
#4231 = DIRECTION('',(-2.22044604925E-16,0.,1.));
#4232 = PCURVE('',#4153,#4233);
#4233 = DEFINITIONAL_REPRESENTATION('',(#4234),#4238);
#4234 = LINE('',#4235,#4236);
#4235 = CARTESIAN_POINT('',(0.95,-4.));
#4236 = VECTOR('',#4237,1.);
#4237 = DIRECTION('',(-1.,0.));
#4238 = ( GEOMETRIC_REPRESENTATION_CONTEXT(2) 
PARAMETRIC_REPRESENTATION_CONTEXT() REPRESENTATION_CONTEXT('2D SPACE',''
  ) );
#4239 = ORIENTED_EDGE('',*,*,#4240,.T.);
#4240 = EDGE_CURVE('',#4225,#4191,#4241,.T.);
#4241 = SURFACE_CURVE('',#4242,(#4246),.PCURVE_S1.);
#4242 = LINE('',#4243,#4244);
#4243 = CARTESIAN_POINT('',(4.,-11.85,5.95));
#4244 = VECTOR('',#4245,1.);
#4245 = DIRECTION('',(-1.,0.,-2.22044604925E-16));
#4246 = PCURVE('',#4153,#4247);
#4247 = DEFINITIONAL_REPRESENTATION('',(#4248),#4252);
#4248 = LINE('',#4249,#4250);
#4249 = CARTESIAN_POINT('',(-0.95,-4.));
#4250 = VECTOR('',#4251,1.);
#4251 = DIRECTION('',(0.,1.));
#4252 = ( GEOMETRIC_REPRESENTATION_CONTEXT(2) 
PARAMETRIC_REPRESENTATION_CONTEXT() REPRESENTATION_CONTEXT('2D SPACE',''
  ) );
#4253 = FACE_BOUND('',#4254,.T.);
#4254 = EDGE_LOOP('',(#4255,#4273,#4289,#4305));
#4255 = ORIENTED_EDGE('',*,*,#4256,.F.);
#4256 = EDGE_CURVE('',#4257,#4259,#4261,.T.);
#4257 = VERTEX_POINT('',#4258);
#4258 = CARTESIAN_POINT('',(-3.3,-11.85,4.05));
#4259 = VERTEX_POINT('',#4260);
#4260 = CARTESIAN_POINT('',(-4.,-11.85,4.05));
#4261 = SURFACE_CURVE('',#4262,(#4266),.PCURVE_S1.);
#4262 = LINE('',#4263,#4264);
#4263 = CARTESIAN_POINT('',(-4.,-11.85,4.05));
#4264 = VECTOR('',#4265,1.);
#4265 = DIRECTION('',(-1.,0.,-2.22044604925E-16));
#4266 = PCURVE('',#4153,#4267);
#4267 = DEFINITIONAL_REPRESENTATION('',(#4268),#4272);
#4268 = LINE('',#4269,#4270);
#4269 = CARTESIAN_POINT('',(0.95,4.));
#4270 = VECTOR('',#4271,1.);
#4271 = DIRECTION('',(0.,1.));
#4272 = ( GEOMETRIC_REPRESENTATION_CONTEXT(2) 
PARAMETRIC_REPRESENTATION_CONTEXT() REPRESENTATION_CONTEXT('2D SPACE',''
  ) );
#4273 = ORIENTED_EDGE('',*,*,#4274,.F.);
#4274 = EDGE_CURVE('',#4275,#4257,#4277,.T.);
#4275 = VERTEX_POINT('',#4276);
#4276 = CARTESIAN_POINT('',(-3.3,-11.85,5.95));
#4277 = SURFACE_CURVE('',#4278,(#4282),.PCURVE_S1.);
#4278 = LINE('',#4279,#4280);
#4279 = CARTESIAN_POINT('',(-3.3,-11.85,4.05));
#4280 = VECTOR('',#4281,1.);
#4281 = DIRECTION('',(2.22044604925E-16,0.,-1.));
#4282 = PCURVE('',#4153,#4283);
#4283 = DEFINITIONAL_REPRESENTATION('',(#4284),#4288);
#4284 = LINE('',#4285,#4286);
#4285 = CARTESIAN_POINT('',(0.95,3.3));
#4286 = VECTOR('',#4287,1.);
#4287 = DIRECTION('',(1.,0.));
#4288 = ( GEOMETRIC_REPRESENTATION_CONTEXT(2) 
PARAMETRIC_REPRESENTATION_CONTEXT() REPRESENTATION_CONTEXT('2D SPACE',''
  ) );
#4289 = ORIENTED_EDGE('',*,*,#4290,.F.);
#4290 = EDGE_CURVE('',#4291,#4275,#4293,.T.);
#4291 = VERTEX_POINT('',#4292);
#4292 = CARTESIAN_POINT('',(-4.,-11.85,5.95));
#4293 = SURFACE_CURVE('',#4294,(#4298),.PCURVE_S1.);
#4294 = LINE('',#4295,#4296);
#4295 = CARTESIAN_POINT('',(-4.,-11.85,5.95));
#4296 = VECTOR('',#4297,1.);
#4297 = DIRECTION('',(1.,0.,2.22044604925E-16));
#4298 = PCURVE('',#4153,#4299);
#4299 = DEFINITIONAL_REPRESENTATION('',(#4300),#4304);
#4300 = LINE('',#4301,#4302);
#4301 = CARTESIAN_POINT('',(-0.95,4.));
#4302 = VECTOR('',#4303,1.);
#4303 = DIRECTION('',(0.,-1.));
#4304 = ( GEOMETRIC_REPRESENTATION_CONTEXT(2) 
PARAMETRIC_REPRESENTATION_CONTEXT() REPRESENTATION_CONTEXT('2D SPACE',''
  ) );
#4305 = ORIENTED_EDGE('',*,*,#4306,.F.);
#4306 = EDGE_CURVE('',#4259,#4291,#4307,.T.);
#4307 = SURFACE_CURVE('',#4308,(#4312),.PCURVE_S1.);
#4308 = LINE('',#4309,#4310);
#4309 = CARTESIAN_POINT('',(-4.,-11.85,4.05));
#4310 = VECTOR('',#4311,1.);
#4311 = DIRECTION('',(-2.22044604925E-16,0.,1.));
#4312 = PCURVE('',#4153,#4313);
#4313 = DEFINITIONAL_REPRESENTATION('',(#4314),#4318);
#4314 = LINE('',#4315,#4316);
#4315 = CARTESIAN_POINT('',(0.95,4.));
#4316 = VECTOR('',#4317,1.);
#4317 = DIRECTION('',(-1.,0.));
#4318 = ( GEOMETRIC_REPRESENTATION_CONTEXT(2) 
PARAMETRIC_REPRESENTATION_CONTEXT() REPRESENTATION_CONTEXT('2D SPACE',''
  ) );
#4319 = FACE_BOUND('',#4320,.T.);
#4320 = EDGE_LOOP('',(#4321,#4339,#4360,#4376,#4397,#4413));
#4321 = ORIENTED_EDGE('',*,*,#4322,.F.);
#4322 = EDGE_CURVE('',#4323,#4325,#4327,.T.);
#4323 = VERTEX_POINT('',#4324);
#4324 = CARTESIAN_POINT('',(6.,-11.85,5.));
#4325 = VERTEX_POINT('',#4326);
#4326 = CARTESIAN_POINT('',(6.,-11.85,18.5));
#4327 = SURFACE_CURVE('',#4328,(#4332),.PCURVE_S1.);
#4328 = LINE('',#4329,#4330);
#4329 = CARTESIAN_POINT('',(6.,-11.85,10.));
#4330 = VECTOR('',#4331,1.);
#4331 = DIRECTION('',(-2.22044604925E-16,0.,1.));
#4332 = PCURVE('',#4153,#4333);
#4333 = DEFINITIONAL_REPRESENTATION('',(#4334),#4338);
#4334 = LINE('',#4335,#4336);
#4335 = CARTESIAN_POINT('',(-5.,-6.));
#4336 = VECTOR('',#4337,1.);
#4337 = DIRECTION('',(-1.,0.));
#4338 = ( GEOMETRIC_REPRESENTATION_CONTEXT(2) 
PARAMETRIC_REPRESENTATION_CONTEXT() REPRESENTATION_CONTEXT('2D SPACE',''
  ) );
#4339 = ORIENTED_EDGE('',*,*,#4340,.F.);
#4340 = EDGE_CURVE('',#4341,#4323,#4343,.T.);
#4341 = VERTEX_POINT('',#4342);
#4342 = CARTESIAN_POINT('',(3.316624790355,-11.85,0.));
#4343 = SURFACE_CURVE('',#4344,(#4349),.PCURVE_S1.);
#4344 = CIRCLE('',#4345,6.);
#4345 = AXIS2_PLACEMENT_3D('',#4346,#4347,#4348);
#4346 = CARTESIAN_POINT('',(-1.734723475977E-15,-11.85,5.));
#4347 = DIRECTION('',(0.,-1.,0.));
#4348 = DIRECTION('',(-2.22044604925E-16,0.,1.));
#4349 = PCURVE('',#4153,#4350);
#4350 = DEFINITIONAL_REPRESENTATION('',(#4351),#4359);
#4351 = ( BOUNDED_CURVE() B_SPLINE_CURVE(2,(#4352,#4353,#4354,#4355,
#4356,#4357,#4358),.UNSPECIFIED.,.T.,.F.) B_SPLINE_CURVE_WITH_KNOTS((1,2
    ,2,2,2,1),(-2.094395102393,0.,2.094395102393,4.188790204786,
6.28318530718,8.377580409573),.UNSPECIFIED.) CURVE() 
GEOMETRIC_REPRESENTATION_ITEM() RATIONAL_B_SPLINE_CURVE((1.,0.5,1.,0.5,
1.,0.5,1.)) REPRESENTATION_ITEM('') );
#4352 = CARTESIAN_POINT('',(-6.,1.734723475977E-15));
#4353 = CARTESIAN_POINT('',(-6.,10.392304845413));
#4354 = CARTESIAN_POINT('',(3.,5.196152422707));
#4355 = CARTESIAN_POINT('',(12.,3.204299634954E-15));
#4356 = CARTESIAN_POINT('',(3.,-5.196152422707));
#4357 = CARTESIAN_POINT('',(-6.,-10.39230484541));
#4358 = CARTESIAN_POINT('',(-6.,1.734723475977E-15));
#4359 = ( GEOMETRIC_REPRESENTATION_CONTEXT(2) 
PARAMETRIC_REPRESENTATION_CONTEXT() REPRESENTATION_CONTEXT('2D SPACE',''
  ) );
#4360 = ORIENTED_EDGE('',*,*,#4361,.F.);
#4361 = EDGE_CURVE('',#4362,#4341,#4364,.T.);
#4362 = VERTEX_POINT('',#4363);
#4363 = CARTESIAN_POINT('',(-3.316624790355,-11.85,-1.7763568394E-15));
#4364 = SURFACE_CURVE('',#4365,(#4369),.PCURVE_S1.);
#4365 = LINE('',#4366,#4367);
#4366 = CARTESIAN_POINT('',(6.,-11.85,8.881784197001E-16));
#4367 = VECTOR('',#4368,1.);
#4368 = DIRECTION('',(1.,0.,2.22044604925E-16));
#4369 = PCURVE('',#4153,#4370);
#4370 = DEFINITIONAL_REPRESENTATION('',(#4371),#4375);
#4371 = LINE('',#4372,#4373);
#4372 = CARTESIAN_POINT('',(5.,-6.));
#4373 = VECTOR('',#4374,1.);
#4374 = DIRECTION('',(0.,-1.));
#4375 = ( GEOMETRIC_REPRESENTATION_CONTEXT(2) 
PARAMETRIC_REPRESENTATION_CONTEXT() REPRESENTATION_CONTEXT('2D SPACE',''
  ) );
#4376 = ORIENTED_EDGE('',*,*,#4377,.F.);
#4377 = EDGE_CURVE('',#4378,#4362,#4380,.T.);
#4378 = VERTEX_POINT('',#4379);
#4379 = CARTESIAN_POINT('',(-6.,-11.85,5.));
#4380 = SURFACE_CURVE('',#4381,(#4386),.PCURVE_S1.);
#4381 = CIRCLE('',#4382,6.);
#4382 = AXIS2_PLACEMENT_3D('',#4383,#4384,#4385);
#4383 = CARTESIAN_POINT('',(-1.734723475977E-15,-11.85,5.));
#4384 = DIRECTION('',(0.,-1.,0.));
#4385 = DIRECTION('',(-2.22044604925E-16,0.,1.));
#4386 = PCURVE('',#4153,#4387);
#4387 = DEFINITIONAL_REPRESENTATION('',(#4388),#4396);
#4388 = ( BOUNDED_CURVE() B_SPLINE_CURVE(2,(#4389,#4390,#4391,#4392,
#4393,#4394,#4395),.UNSPECIFIED.,.T.,.F.) B_SPLINE_CURVE_WITH_KNOTS((1,2
    ,2,2,2,1),(-2.094395102393,0.,2.094395102393,4.188790204786,
6.28318530718,8.377580409573),.UNSPECIFIED.) CURVE() 
GEOMETRIC_REPRESENTATION_ITEM() RATIONAL_B_SPLINE_CURVE((1.,0.5,1.,0.5,
1.,0.5,1.)) REPRESENTATION_ITEM('') );
#4389 = CARTESIAN_POINT('',(-6.,1.734723475977E-15));
#4390 = CARTESIAN_POINT('',(-6.,10.392304845413));
#4391 = CARTESIAN_POINT('',(3.,5.196152422707));
#4392 = CARTESIAN_POINT('',(12.,3.204299634954E-15));
#4393 = CARTESIAN_POINT('',(3.,-5.196152422707));
#4394 = CARTESIAN_POINT('',(-6.,-10.39230484541));
#4395 = CARTESIAN_POINT('',(-6.,1.734723475977E-15));
#4396 = ( GEOMETRIC_REPRESENTATION_CONTEXT(2) 
PARAMETRIC_REPRESENTATION_CONTEXT() REPRESENTATION_CONTEXT('2D SPACE',''
  ) );
#4397 = ORIENTED_EDGE('',*,*,#4398,.F.);
#4398 = EDGE_CURVE('',#4399,#4378,#4401,.T.);
#4399 = VERTEX_POINT('',#4400);
#4400 = CARTESIAN_POINT('',(-6.,-11.85,18.5));
#4401 = SURFACE_CURVE('',#4402,(#4406),.PCURVE_S1.);
#4402 = LINE('',#4403,#4404);
#4403 = CARTESIAN_POINT('',(-6.,-11.85,10.));
#4404 = VECTOR('',#4405,1.);
#4405 = DIRECTION('',(2.22044604925E-16,0.,-1.));
#4406 = PCURVE('',#4153,#4407);
#4407 = DEFINITIONAL_REPRESENTATION('',(#4408),#4412);
#4408 = LINE('',#4409,#4410);
#4409 = CARTESIAN_POINT('',(-5.,6.));
#4410 = VECTOR('',#4411,1.);
#4411 = DIRECTION('',(1.,0.));
#4412 = ( GEOMETRIC_REPRESENTATION_CONTEXT(2) 
PARAMETRIC_REPRESENTATION_CONTEXT() REPRESENTATION_CONTEXT('2D SPACE',''
  ) );
#4413 = ORIENTED_EDGE('',*,*,#4414,.F.);
#4414 = EDGE_CURVE('',#4325,#4399,#4415,.T.);
#4415 = SURFACE_CURVE('',#4416,(#4420),.PCURVE_S1.);
#4416 = LINE('',#4417,#4418);
#4417 = CARTESIAN_POINT('',(6.,-11.85,18.5));
#4418 = VECTOR('',#4419,1.);
#4419 = DIRECTION('',(-1.,0.,-2.22044604925E-16));
#4420 = PCURVE('',#4153,#4421);
#4421 = DEFINITIONAL_REPRESENTATION('',(#4422),#4426);
#4422 = LINE('',#4423,#4424);
#4423 = CARTESIAN_POINT('',(-13.5,-6.));
#4424 = VECTOR('',#4425,1.);
#4425 = DIRECTION('',(0.,1.));
#4426 = ( GEOMETRIC_REPRESENTATION_CONTEXT(2) 
PARAMETRIC_REPRESENTATION_CONTEXT() REPRESENTATION_CONTEXT('2D SPACE',''
  ) );
#4427 = SHELL_BASED_SURFACE_MODEL('',(#4428));
#4428 = OPEN_SHELL('',(#4429));
#4429 = ADVANCED_FACE('',(#4430),#4444,.F.);
#4430 = FACE_BOUND('',#4431,.T.);
#4431 = EDGE_LOOP('',(#4432,#4455,#4471,#4487));
#4432 = ORIENTED_EDGE('',*,*,#4433,.F.);
#4433 = EDGE_CURVE('',#4434,#4436,#4438,.T.);
#4434 = VERTEX_POINT('',#4435);
#4435 = CARTESIAN_POINT('',(-3.316624790355,-11.85,-1.7763568394E-15));
#4436 = VERTEX_POINT('',#4437);
#4437 = CARTESIAN_POINT('',(-3.316624790355,-12.85,-1.7763568394E-15));
#4438 = SURFACE_CURVE('',#4439,(#4443),.PCURVE_S1.);
#4439 = LINE('',#4440,#4441);
#4440 = CARTESIAN_POINT('',(-3.316624790355,-11.85,-1.7763568394E-15));
#4441 = VECTOR('',#4442,1.);
#4442 = DIRECTION('',(0.,-1.,0.));
#4443 = PCURVE('',#4444,#4449);
#4444 = PLANE('',#4445);
#4445 = AXIS2_PLACEMENT_3D('',#4446,#4447,#4448);
#4446 = CARTESIAN_POINT('',(6.,-12.85,8.881784197001E-16));
#4447 = DIRECTION('',(-2.22044604925E-16,0.,1.));
#4448 = DIRECTION('',(-1.,0.,-2.22044604925E-16));
#4449 = DEFINITIONAL_REPRESENTATION('',(#4450),#4454);
#4450 = LINE('',#4451,#4452);
#4451 = CARTESIAN_POINT('',(9.316624790355,-1.));
#4452 = VECTOR('',#4453,1.);
#4453 = DIRECTION('',(0.,1.));
#4454 = ( GEOMETRIC_REPRESENTATION_CONTEXT(2) 
PARAMETRIC_REPRESENTATION_CONTEXT() REPRESENTATION_CONTEXT('2D SPACE',''
  ) );
#4455 = ORIENTED_EDGE('',*,*,#4456,.T.);
#4456 = EDGE_CURVE('',#4434,#4457,#4459,.T.);
#4457 = VERTEX_POINT('',#4458);
#4458 = CARTESIAN_POINT('',(3.316624790355,-11.85,0.));
#4459 = SURFACE_CURVE('',#4460,(#4464),.PCURVE_S1.);
#4460 = LINE('',#4461,#4462);
#4461 = CARTESIAN_POINT('',(6.,-11.85,8.881784197001E-16));
#4462 = VECTOR('',#4463,1.);
#4463 = DIRECTION('',(1.,0.,2.22044604925E-16));
#4464 = PCURVE('',#4444,#4465);
#4465 = DEFINITIONAL_REPRESENTATION('',(#4466),#4470);
#4466 = LINE('',#4467,#4468);
#4467 = CARTESIAN_POINT('',(0.,-1.));
#4468 = VECTOR('',#4469,1.);
#4469 = DIRECTION('',(-1.,-0.));
#4470 = ( GEOMETRIC_REPRESENTATION_CONTEXT(2) 
PARAMETRIC_REPRESENTATION_CONTEXT() REPRESENTATION_CONTEXT('2D SPACE',''
  ) );
#4471 = ORIENTED_EDGE('',*,*,#4472,.F.);
#4472 = EDGE_CURVE('',#4473,#4457,#4475,.T.);
#4473 = VERTEX_POINT('',#4474);
#4474 = CARTESIAN_POINT('',(3.316624790355,-12.85,0.));
#4475 = SURFACE_CURVE('',#4476,(#4480),.PCURVE_S1.);
#4476 = LINE('',#4477,#4478);
#4477 = CARTESIAN_POINT('',(3.316624790355,-11.85,0.));
#4478 = VECTOR('',#4479,1.);
#4479 = DIRECTION('',(0.,1.,0.));
#4480 = PCURVE('',#4444,#4481);
#4481 = DEFINITIONAL_REPRESENTATION('',(#4482),#4486);
#4482 = LINE('',#4483,#4484);
#4483 = CARTESIAN_POINT('',(2.683375209645,-1.));
#4484 = VECTOR('',#4485,1.);
#4485 = DIRECTION('',(0.,-1.));
#4486 = ( GEOMETRIC_REPRESENTATION_CONTEXT(2) 
PARAMETRIC_REPRESENTATION_CONTEXT() REPRESENTATION_CONTEXT('2D SPACE',''
  ) );
#4487 = ORIENTED_EDGE('',*,*,#4488,.F.);
#4488 = EDGE_CURVE('',#4436,#4473,#4489,.T.);
#4489 = SURFACE_CURVE('',#4490,(#4494),.PCURVE_S1.);
#4490 = LINE('',#4491,#4492);
#4491 = CARTESIAN_POINT('',(6.,-12.85,8.881784197001E-16));
#4492 = VECTOR('',#4493,1.);
#4493 = DIRECTION('',(1.,0.,2.22044604925E-16));
#4494 = PCURVE('',#4444,#4495);
#4495 = DEFINITIONAL_REPRESENTATION('',(#4496),#4500);
#4496 = LINE('',#4497,#4498);
#4497 = CARTESIAN_POINT('',(0.,-0.));
#4498 = VECTOR('',#4499,1.);
#4499 = DIRECTION('',(-1.,-0.));
#4500 = ( GEOMETRIC_REPRESENTATION_CONTEXT(2) 
PARAMETRIC_REPRESENTATION_CONTEXT() REPRESENTATION_CONTEXT('2D SPACE',''
  ) );
#4501 = SHELL_BASED_SURFACE_MODEL('',(#4502));
#4502 = OPEN_SHELL('',(#4503));
#4503 = ADVANCED_FACE('',(#4504),#4518,.T.);
#4504 = FACE_BOUND('',#4505,.T.);
#4505 = EDGE_LOOP('',(#4506,#4529,#4546,#4562));
#4506 = ORIENTED_EDGE('',*,*,#4507,.T.);
#4507 = EDGE_CURVE('',#4508,#4510,#4512,.T.);
#4508 = VERTEX_POINT('',#4509);
#4509 = CARTESIAN_POINT('',(-3.316624790355,-11.85,-1.7763568394E-15));
#4510 = VERTEX_POINT('',#4511);
#4511 = CARTESIAN_POINT('',(-3.316624790355,-12.85,-1.7763568394E-15));
#4512 = SURFACE_CURVE('',#4513,(#4517),.PCURVE_S1.);
#4513 = LINE('',#4514,#4515);
#4514 = CARTESIAN_POINT('',(-3.316624790355,-11.85,-1.7763568394E-15));
#4515 = VECTOR('',#4516,1.);
#4516 = DIRECTION('',(0.,-1.,0.));
#4517 = PCURVE('',#4518,#4523);
#4518 = CYLINDRICAL_SURFACE('',#4519,6.);
#4519 = AXIS2_PLACEMENT_3D('',#4520,#4521,#4522);
#4520 = CARTESIAN_POINT('',(-1.734723475977E-15,-11.85,5.));
#4521 = DIRECTION('',(0.,-1.,0.));
#4522 = DIRECTION('',(-2.22044604925E-16,0.,1.));
#4523 = DEFINITIONAL_REPRESENTATION('',(#4524),#4528);
#4524 = LINE('',#4525,#4526);
#4525 = CARTESIAN_POINT('',(2.555907110133,0.));
#4526 = VECTOR('',#4527,1.);
#4527 = DIRECTION('',(0.,1.));
#4528 = ( GEOMETRIC_REPRESENTATION_CONTEXT(2) 
PARAMETRIC_REPRESENTATION_CONTEXT() REPRESENTATION_CONTEXT('2D SPACE',''
  ) );
#4529 = ORIENTED_EDGE('',*,*,#4530,.F.);
#4530 = EDGE_CURVE('',#4531,#4510,#4533,.T.);
#4531 = VERTEX_POINT('',#4532);
#4532 = CARTESIAN_POINT('',(-6.,-12.85,5.));
#4533 = SURFACE_CURVE('',#4534,(#4539),.PCURVE_S1.);
#4534 = CIRCLE('',#4535,6.);
#4535 = AXIS2_PLACEMENT_3D('',#4536,#4537,#4538);
#4536 = CARTESIAN_POINT('',(-1.734723475977E-15,-12.85,5.));
#4537 = DIRECTION('',(0.,-1.,0.));
#4538 = DIRECTION('',(-2.22044604925E-16,0.,1.));
#4539 = PCURVE('',#4518,#4540);
#4540 = DEFINITIONAL_REPRESENTATION('',(#4541),#4545);
#4541 = LINE('',#4542,#4543);
#4542 = CARTESIAN_POINT('',(0.,1.));
#4543 = VECTOR('',#4544,1.);
#4544 = DIRECTION('',(1.,0.));
#4545 = ( GEOMETRIC_REPRESENTATION_CONTEXT(2) 
PARAMETRIC_REPRESENTATION_CONTEXT() REPRESENTATION_CONTEXT('2D SPACE',''
  ) );
#4546 = ORIENTED_EDGE('',*,*,#4547,.F.);
#4547 = EDGE_CURVE('',#4548,#4531,#4550,.T.);
#4548 = VERTEX_POINT('',#4549);
#4549 = CARTESIAN_POINT('',(-6.,-11.85,5.));
#4550 = SURFACE_CURVE('',#4551,(#4555),.PCURVE_S1.);
#4551 = LINE('',#4552,#4553);
#4552 = CARTESIAN_POINT('',(-6.,-11.85,5.));
#4553 = VECTOR('',#4554,1.);
#4554 = DIRECTION('',(0.,-1.,0.));
#4555 = PCURVE('',#4518,#4556);
#4556 = DEFINITIONAL_REPRESENTATION('',(#4557),#4561);
#4557 = LINE('',#4558,#4559);
#4558 = CARTESIAN_POINT('',(1.570796326795,0.));
#4559 = VECTOR('',#4560,1.);
#4560 = DIRECTION('',(0.,1.));
#4561 = ( GEOMETRIC_REPRESENTATION_CONTEXT(2) 
PARAMETRIC_REPRESENTATION_CONTEXT() REPRESENTATION_CONTEXT('2D SPACE',''
  ) );
#4562 = ORIENTED_EDGE('',*,*,#4563,.T.);
#4563 = EDGE_CURVE('',#4548,#4508,#4564,.T.);
#4564 = SURFACE_CURVE('',#4565,(#4570),.PCURVE_S1.);
#4565 = CIRCLE('',#4566,6.);
#4566 = AXIS2_PLACEMENT_3D('',#4567,#4568,#4569);
#4567 = CARTESIAN_POINT('',(-1.734723475977E-15,-11.85,5.));
#4568 = DIRECTION('',(0.,-1.,0.));
#4569 = DIRECTION('',(-2.22044604925E-16,0.,1.));
#4570 = PCURVE('',#4518,#4571);
#4571 = DEFINITIONAL_REPRESENTATION('',(#4572),#4576);
#4572 = LINE('',#4573,#4574);
#4573 = CARTESIAN_POINT('',(0.,0.));
#4574 = VECTOR('',#4575,1.);
#4575 = DIRECTION('',(1.,0.));
#4576 = ( GEOMETRIC_REPRESENTATION_CONTEXT(2) 
PARAMETRIC_REPRESENTATION_CONTEXT() REPRESENTATION_CONTEXT('2D SPACE',''
  ) );
#4577 = SHELL_BASED_SURFACE_MODEL('',(#4578));
#4578 = OPEN_SHELL('',(#4579));
#4579 = ADVANCED_FACE('',(#4580),#4595,.T.);
#4580 = FACE_BOUND('',#4581,.T.);
#4581 = EDGE_LOOP('',(#4582,#4606,#4622,#4639));
#4582 = ORIENTED_EDGE('',*,*,#4583,.F.);
#4583 = EDGE_CURVE('',#4584,#4586,#4588,.T.);
#4584 = VERTEX_POINT('',#4585);
#4585 = CARTESIAN_POINT('',(2.5,-15.25,15.4));
#4586 = VERTEX_POINT('',#4587);
#4587 = CARTESIAN_POINT('',(2.,-15.25,15.4));
#4588 = SURFACE_CURVE('',#4589,(#4594),.PCURVE_S1.);
#4589 = CIRCLE('',#4590,0.25);
#4590 = AXIS2_PLACEMENT_3D('',#4591,#4592,#4593);
#4591 = CARTESIAN_POINT('',(2.25,-15.25,15.4));
#4592 = DIRECTION('',(1.224606353822E-16,-1.11200222819E-16,-1.));
#4593 = DIRECTION('',(-1.,1.107375960236E-32,-1.224606353822E-16));
#4594 = PCURVE('',#4595,#4600);
#4595 = CYLINDRICAL_SURFACE('',#4596,0.25);
#4596 = AXIS2_PLACEMENT_3D('',#4597,#4598,#4599);
#4597 = CARTESIAN_POINT('',(2.25,-15.25,13.192893218813));
#4598 = DIRECTION('',(-1.224606353822E-16,1.11200222819E-16,1.));
#4599 = DIRECTION('',(-1.,1.107375960236E-32,-1.224606353822E-16));
#4600 = DEFINITIONAL_REPRESENTATION('',(#4601),#4605);
#4601 = LINE('',#4602,#4603);
#4602 = CARTESIAN_POINT('',(6.28318530718,2.207106781187));
#4603 = VECTOR('',#4604,1.);
#4604 = DIRECTION('',(-1.,0.));
#4605 = ( GEOMETRIC_REPRESENTATION_CONTEXT(2) 
PARAMETRIC_REPRESENTATION_CONTEXT() REPRESENTATION_CONTEXT('2D SPACE',''
  ) );
#4606 = ORIENTED_EDGE('',*,*,#4607,.T.);
#4607 = EDGE_CURVE('',#4584,#4608,#4610,.T.);
#4608 = VERTEX_POINT('',#4609);
#4609 = CARTESIAN_POINT('',(2.5,-15.25,17.8));
#4610 = SURFACE_CURVE('',#4611,(#4615),.PCURVE_S1.);
#4611 = LINE('',#4612,#4613);
#4612 = CARTESIAN_POINT('',(2.5,-15.25,13.192893218813));
#4613 = VECTOR('',#4614,1.);
#4614 = DIRECTION('',(-1.224606353822E-16,1.11200222819E-16,1.));
#4615 = PCURVE('',#4595,#4616);
#4616 = DEFINITIONAL_REPRESENTATION('',(#4617),#4621);
#4617 = LINE('',#4618,#4619);
#4618 = CARTESIAN_POINT('',(3.14159265359,0.));
#4619 = VECTOR('',#4620,1.);
#4620 = DIRECTION('',(0.,1.));
#4621 = ( GEOMETRIC_REPRESENTATION_CONTEXT(2) 
PARAMETRIC_REPRESENTATION_CONTEXT() REPRESENTATION_CONTEXT('2D SPACE',''
  ) );
#4622 = ORIENTED_EDGE('',*,*,#4623,.T.);
#4623 = EDGE_CURVE('',#4608,#4624,#4626,.T.);
#4624 = VERTEX_POINT('',#4625);
#4625 = CARTESIAN_POINT('',(2.,-15.25,17.8));
#4626 = SURFACE_CURVE('',#4627,(#4632),.PCURVE_S1.);
#4627 = CIRCLE('',#4628,0.25);
#4628 = AXIS2_PLACEMENT_3D('',#4629,#4630,#4631);
#4629 = CARTESIAN_POINT('',(2.25,-15.25,17.8));
#4630 = DIRECTION('',(1.224606353822E-16,-1.11200222819E-16,-1.));
#4631 = DIRECTION('',(-1.,1.107375960236E-32,-1.224606353822E-16));
#4632 = PCURVE('',#4595,#4633);
#4633 = DEFINITIONAL_REPRESENTATION('',(#4634),#4638);
#4634 = LINE('',#4635,#4636);
#4635 = CARTESIAN_POINT('',(6.28318530718,4.607106781187));
#4636 = VECTOR('',#4637,1.);
#4637 = DIRECTION('',(-1.,0.));
#4638 = ( GEOMETRIC_REPRESENTATION_CONTEXT(2) 
PARAMETRIC_REPRESENTATION_CONTEXT() REPRESENTATION_CONTEXT('2D SPACE',''
  ) );
#4639 = ORIENTED_EDGE('',*,*,#4640,.F.);
#4640 = EDGE_CURVE('',#4586,#4624,#4641,.T.);
#4641 = SURFACE_CURVE('',#4642,(#4646),.PCURVE_S1.);
#4642 = LINE('',#4643,#4644);
#4643 = CARTESIAN_POINT('',(2.,-15.25,13.192893218813));
#4644 = VECTOR('',#4645,1.);
#4645 = DIRECTION('',(-1.224606353822E-16,1.11200222819E-16,1.));
#4646 = PCURVE('',#4595,#4647);
#4647 = DEFINITIONAL_REPRESENTATION('',(#4648),#4652);
#4648 = LINE('',#4649,#4650);
#4649 = CARTESIAN_POINT('',(0.,0.));
#4650 = VECTOR('',#4651,1.);
#4651 = DIRECTION('',(0.,1.));
#4652 = ( GEOMETRIC_REPRESENTATION_CONTEXT(2) 
PARAMETRIC_REPRESENTATION_CONTEXT() REPRESENTATION_CONTEXT('2D SPACE',''
  ) );
#4653 = SHELL_BASED_SURFACE_MODEL('',(#4654));
#4654 = OPEN_SHELL('',(#4655));
#4655 = ADVANCED_FACE('',(#4656),#4671,.T.);
#4656 = FACE_BOUND('',#4657,.T.);
#4657 = EDGE_LOOP('',(#4658,#4682,#4698,#4715));
#4658 = ORIENTED_EDGE('',*,*,#4659,.F.);
#4659 = EDGE_CURVE('',#4660,#4662,#4664,.T.);
#4660 = VERTEX_POINT('',#4661);
#4661 = CARTESIAN_POINT('',(-3.5,-15.25,15.4));
#4662 = VERTEX_POINT('',#4663);
#4663 = CARTESIAN_POINT('',(-4.,-15.25,15.4));
#4664 = SURFACE_CURVE('',#4665,(#4670),.PCURVE_S1.);
#4665 = CIRCLE('',#4666,0.25);
#4666 = AXIS2_PLACEMENT_3D('',#4667,#4668,#4669);
#4667 = CARTESIAN_POINT('',(-3.75,-15.25,15.4));
#4668 = DIRECTION('',(1.224606353822E-16,-1.11200222819E-16,-1.));
#4669 = DIRECTION('',(-1.,1.107375960236E-32,-1.224606353822E-16));
#4670 = PCURVE('',#4671,#4676);
#4671 = CYLINDRICAL_SURFACE('',#4672,0.25);
#4672 = AXIS2_PLACEMENT_3D('',#4673,#4674,#4675);
#4673 = CARTESIAN_POINT('',(-3.75,-15.25,13.192893218813));
#4674 = DIRECTION('',(-1.224606353822E-16,1.11200222819E-16,1.));
#4675 = DIRECTION('',(-1.,1.107375960236E-32,-1.224606353822E-16));
#4676 = DEFINITIONAL_REPRESENTATION('',(#4677),#4681);
#4677 = LINE('',#4678,#4679);
#4678 = CARTESIAN_POINT('',(6.28318530718,2.207106781187));
#4679 = VECTOR('',#4680,1.);
#4680 = DIRECTION('',(-1.,0.));
#4681 = ( GEOMETRIC_REPRESENTATION_CONTEXT(2) 
PARAMETRIC_REPRESENTATION_CONTEXT() REPRESENTATION_CONTEXT('2D SPACE',''
  ) );
#4682 = ORIENTED_EDGE('',*,*,#4683,.T.);
#4683 = EDGE_CURVE('',#4660,#4684,#4686,.T.);
#4684 = VERTEX_POINT('',#4685);
#4685 = CARTESIAN_POINT('',(-3.5,-15.25,17.8));
#4686 = SURFACE_CURVE('',#4687,(#4691),.PCURVE_S1.);
#4687 = LINE('',#4688,#4689);
#4688 = CARTESIAN_POINT('',(-3.5,-15.25,13.192893218813));
#4689 = VECTOR('',#4690,1.);
#4690 = DIRECTION('',(-1.224606353822E-16,1.11200222819E-16,1.));
#4691 = PCURVE('',#4671,#4692);
#4692 = DEFINITIONAL_REPRESENTATION('',(#4693),#4697);
#4693 = LINE('',#4694,#4695);
#4694 = CARTESIAN_POINT('',(3.14159265359,0.));
#4695 = VECTOR('',#4696,1.);
#4696 = DIRECTION('',(0.,1.));
#4697 = ( GEOMETRIC_REPRESENTATION_CONTEXT(2) 
PARAMETRIC_REPRESENTATION_CONTEXT() REPRESENTATION_CONTEXT('2D SPACE',''
  ) );
#4698 = ORIENTED_EDGE('',*,*,#4699,.T.);
#4699 = EDGE_CURVE('',#4684,#4700,#4702,.T.);
#4700 = VERTEX_POINT('',#4701);
#4701 = CARTESIAN_POINT('',(-4.,-15.25,17.8));
#4702 = SURFACE_CURVE('',#4703,(#4708),.PCURVE_S1.);
#4703 = CIRCLE('',#4704,0.25);
#4704 = AXIS2_PLACEMENT_3D('',#4705,#4706,#4707);
#4705 = CARTESIAN_POINT('',(-3.75,-15.25,17.8));
#4706 = DIRECTION('',(1.224606353822E-16,-1.11200222819E-16,-1.));
#4707 = DIRECTION('',(-1.,1.107375960236E-32,-1.224606353822E-16));
#4708 = PCURVE('',#4671,#4709);
#4709 = DEFINITIONAL_REPRESENTATION('',(#4710),#4714);
#4710 = LINE('',#4711,#4712);
#4711 = CARTESIAN_POINT('',(6.28318530718,4.607106781187));
#4712 = VECTOR('',#4713,1.);
#4713 = DIRECTION('',(-1.,0.));
#4714 = ( GEOMETRIC_REPRESENTATION_CONTEXT(2) 
PARAMETRIC_REPRESENTATION_CONTEXT() REPRESENTATION_CONTEXT('2D SPACE',''
  ) );
#4715 = ORIENTED_EDGE('',*,*,#4716,.F.);
#4716 = EDGE_CURVE('',#4662,#4700,#4717,.T.);
#4717 = SURFACE_CURVE('',#4718,(#4722),.PCURVE_S1.);
#4718 = LINE('',#4719,#4720);
#4719 = CARTESIAN_POINT('',(-4.,-15.25,13.192893218813));
#4720 = VECTOR('',#4721,1.);
#4721 = DIRECTION('',(-1.224606353822E-16,1.11200222819E-16,1.));
#4722 = PCURVE('',#4671,#4723);
#4723 = DEFINITIONAL_REPRESENTATION('',(#4724),#4728);
#4724 = LINE('',#4725,#4726);
#4725 = CARTESIAN_POINT('',(0.,0.));
#4726 = VECTOR('',#4727,1.);
#4727 = DIRECTION('',(0.,1.));
#4728 = ( GEOMETRIC_REPRESENTATION_CONTEXT(2) 
PARAMETRIC_REPRESENTATION_CONTEXT() REPRESENTATION_CONTEXT('2D SPACE',''
  ) );
#4729 = SHELL_BASED_SURFACE_MODEL('',(#4730));
#4730 = OPEN_SHELL('',(#4731));
#4731 = ADVANCED_FACE('',(#4732),#4747,.T.);
#4732 = FACE_BOUND('',#4733,.T.);
#4733 = EDGE_LOOP('',(#4734,#4758,#4774,#4791));
#4734 = ORIENTED_EDGE('',*,*,#4735,.F.);
#4735 = EDGE_CURVE('',#4736,#4738,#4740,.T.);
#4736 = VERTEX_POINT('',#4737);
#4737 = CARTESIAN_POINT('',(-2.,-15.25,15.4));
#4738 = VERTEX_POINT('',#4739);
#4739 = CARTESIAN_POINT('',(-2.5,-15.25,15.4));
#4740 = SURFACE_CURVE('',#4741,(#4746),.PCURVE_S1.);
#4741 = CIRCLE('',#4742,0.25);
#4742 = AXIS2_PLACEMENT_3D('',#4743,#4744,#4745);
#4743 = CARTESIAN_POINT('',(-2.25,-15.25,15.4));
#4744 = DIRECTION('',(1.224606353822E-16,-1.11200222819E-16,-1.));
#4745 = DIRECTION('',(-1.,1.107375960236E-32,-1.224606353822E-16));
#4746 = PCURVE('',#4747,#4752);
#4747 = CYLINDRICAL_SURFACE('',#4748,0.25);
#4748 = AXIS2_PLACEMENT_3D('',#4749,#4750,#4751);
#4749 = CARTESIAN_POINT('',(-2.25,-15.25,13.192893218813));
#4750 = DIRECTION('',(-1.224606353822E-16,1.11200222819E-16,1.));
#4751 = DIRECTION('',(-1.,1.107375960236E-32,-1.224606353822E-16));
#4752 = DEFINITIONAL_REPRESENTATION('',(#4753),#4757);
#4753 = LINE('',#4754,#4755);
#4754 = CARTESIAN_POINT('',(6.28318530718,2.207106781187));
#4755 = VECTOR('',#4756,1.);
#4756 = DIRECTION('',(-1.,0.));
#4757 = ( GEOMETRIC_REPRESENTATION_CONTEXT(2) 
PARAMETRIC_REPRESENTATION_CONTEXT() REPRESENTATION_CONTEXT('2D SPACE',''
  ) );
#4758 = ORIENTED_EDGE('',*,*,#4759,.T.);
#4759 = EDGE_CURVE('',#4736,#4760,#4762,.T.);
#4760 = VERTEX_POINT('',#4761);
#4761 = CARTESIAN_POINT('',(-2.,-15.25,17.8));
#4762 = SURFACE_CURVE('',#4763,(#4767),.PCURVE_S1.);
#4763 = LINE('',#4764,#4765);
#4764 = CARTESIAN_POINT('',(-2.,-15.25,13.192893218813));
#4765 = VECTOR('',#4766,1.);
#4766 = DIRECTION('',(-1.224606353822E-16,1.11200222819E-16,1.));
#4767 = PCURVE('',#4747,#4768);
#4768 = DEFINITIONAL_REPRESENTATION('',(#4769),#4773);
#4769 = LINE('',#4770,#4771);
#4770 = CARTESIAN_POINT('',(3.14159265359,0.));
#4771 = VECTOR('',#4772,1.);
#4772 = DIRECTION('',(0.,1.));
#4773 = ( GEOMETRIC_REPRESENTATION_CONTEXT(2) 
PARAMETRIC_REPRESENTATION_CONTEXT() REPRESENTATION_CONTEXT('2D SPACE',''
  ) );
#4774 = ORIENTED_EDGE('',*,*,#4775,.T.);
#4775 = EDGE_CURVE('',#4760,#4776,#4778,.T.);
#4776 = VERTEX_POINT('',#4777);
#4777 = CARTESIAN_POINT('',(-2.5,-15.25,17.8));
#4778 = SURFACE_CURVE('',#4779,(#4784),.PCURVE_S1.);
#4779 = CIRCLE('',#4780,0.25);
#4780 = AXIS2_PLACEMENT_3D('',#4781,#4782,#4783);
#4781 = CARTESIAN_POINT('',(-2.25,-15.25,17.8));
#4782 = DIRECTION('',(1.224606353822E-16,-1.11200222819E-16,-1.));
#4783 = DIRECTION('',(-1.,1.107375960236E-32,-1.224606353822E-16));
#4784 = PCURVE('',#4747,#4785);
#4785 = DEFINITIONAL_REPRESENTATION('',(#4786),#4790);
#4786 = LINE('',#4787,#4788);
#4787 = CARTESIAN_POINT('',(6.28318530718,4.607106781187));
#4788 = VECTOR('',#4789,1.);
#4789 = DIRECTION('',(-1.,0.));
#4790 = ( GEOMETRIC_REPRESENTATION_CONTEXT(2) 
PARAMETRIC_REPRESENTATION_CONTEXT() REPRESENTATION_CONTEXT('2D SPACE',''
  ) );
#4791 = ORIENTED_EDGE('',*,*,#4792,.F.);
#4792 = EDGE_CURVE('',#4738,#4776,#4793,.T.);
#4793 = SURFACE_CURVE('',#4794,(#4798),.PCURVE_S1.);
#4794 = LINE('',#4795,#4796);
#4795 = CARTESIAN_POINT('',(-2.5,-15.25,13.192893218813));
#4796 = VECTOR('',#4797,1.);
#4797 = DIRECTION('',(-1.224606353822E-16,1.11200222819E-16,1.));
#4798 = PCURVE('',#4747,#4799);
#4799 = DEFINITIONAL_REPRESENTATION('',(#4800),#4804);
#4800 = LINE('',#4801,#4802);
#4801 = CARTESIAN_POINT('',(0.,0.));
#4802 = VECTOR('',#4803,1.);
#4803 = DIRECTION('',(0.,1.));
#4804 = ( GEOMETRIC_REPRESENTATION_CONTEXT(2) 
PARAMETRIC_REPRESENTATION_CONTEXT() REPRESENTATION_CONTEXT('2D SPACE',''
  ) );
#4805 = SHELL_BASED_SURFACE_MODEL('',(#4806));
#4806 = OPEN_SHELL('',(#4807));
#4807 = ADVANCED_FACE('',(#4808),#4823,.T.);
#4808 = FACE_BOUND('',#4809,.T.);
#4809 = EDGE_LOOP('',(#4810,#4834,#4850,#4867));
#4810 = ORIENTED_EDGE('',*,*,#4811,.F.);
#4811 = EDGE_CURVE('',#4812,#4814,#4816,.T.);
#4812 = VERTEX_POINT('',#4813);
#4813 = CARTESIAN_POINT('',(-0.5,-15.25,15.4));
#4814 = VERTEX_POINT('',#4815);
#4815 = CARTESIAN_POINT('',(-1.,-15.25,15.4));
#4816 = SURFACE_CURVE('',#4817,(#4822),.PCURVE_S1.);
#4817 = CIRCLE('',#4818,0.25);
#4818 = AXIS2_PLACEMENT_3D('',#4819,#4820,#4821);
#4819 = CARTESIAN_POINT('',(-0.75,-15.25,15.4));
#4820 = DIRECTION('',(1.224606353822E-16,-1.11200222819E-16,-1.));
#4821 = DIRECTION('',(-1.,1.107375960236E-32,-1.224606353822E-16));
#4822 = PCURVE('',#4823,#4828);
#4823 = CYLINDRICAL_SURFACE('',#4824,0.25);
#4824 = AXIS2_PLACEMENT_3D('',#4825,#4826,#4827);
#4825 = CARTESIAN_POINT('',(-0.75,-15.25,13.192893218813));
#4826 = DIRECTION('',(-1.224606353822E-16,1.11200222819E-16,1.));
#4827 = DIRECTION('',(-1.,1.107375960236E-32,-1.224606353822E-16));
#4828 = DEFINITIONAL_REPRESENTATION('',(#4829),#4833);
#4829 = LINE('',#4830,#4831);
#4830 = CARTESIAN_POINT('',(6.28318530718,2.207106781187));
#4831 = VECTOR('',#4832,1.);
#4832 = DIRECTION('',(-1.,0.));
#4833 = ( GEOMETRIC_REPRESENTATION_CONTEXT(2) 
PARAMETRIC_REPRESENTATION_CONTEXT() REPRESENTATION_CONTEXT('2D SPACE',''
  ) );
#4834 = ORIENTED_EDGE('',*,*,#4835,.T.);
#4835 = EDGE_CURVE('',#4812,#4836,#4838,.T.);
#4836 = VERTEX_POINT('',#4837);
#4837 = CARTESIAN_POINT('',(-0.5,-15.25,17.8));
#4838 = SURFACE_CURVE('',#4839,(#4843),.PCURVE_S1.);
#4839 = LINE('',#4840,#4841);
#4840 = CARTESIAN_POINT('',(-0.5,-15.25,13.192893218813));
#4841 = VECTOR('',#4842,1.);
#4842 = DIRECTION('',(-1.224606353822E-16,1.11200222819E-16,1.));
#4843 = PCURVE('',#4823,#4844);
#4844 = DEFINITIONAL_REPRESENTATION('',(#4845),#4849);
#4845 = LINE('',#4846,#4847);
#4846 = CARTESIAN_POINT('',(3.14159265359,0.));
#4847 = VECTOR('',#4848,1.);
#4848 = DIRECTION('',(0.,1.));
#4849 = ( GEOMETRIC_REPRESENTATION_CONTEXT(2) 
PARAMETRIC_REPRESENTATION_CONTEXT() REPRESENTATION_CONTEXT('2D SPACE',''
  ) );
#4850 = ORIENTED_EDGE('',*,*,#4851,.T.);
#4851 = EDGE_CURVE('',#4836,#4852,#4854,.T.);
#4852 = VERTEX_POINT('',#4853);
#4853 = CARTESIAN_POINT('',(-1.,-15.25,17.8));
#4854 = SURFACE_CURVE('',#4855,(#4860),.PCURVE_S1.);
#4855 = CIRCLE('',#4856,0.25);
#4856 = AXIS2_PLACEMENT_3D('',#4857,#4858,#4859);
#4857 = CARTESIAN_POINT('',(-0.75,-15.25,17.8));
#4858 = DIRECTION('',(1.224606353822E-16,-1.11200222819E-16,-1.));
#4859 = DIRECTION('',(-1.,1.107375960236E-32,-1.224606353822E-16));
#4860 = PCURVE('',#4823,#4861);
#4861 = DEFINITIONAL_REPRESENTATION('',(#4862),#4866);
#4862 = LINE('',#4863,#4864);
#4863 = CARTESIAN_POINT('',(6.28318530718,4.607106781187));
#4864 = VECTOR('',#4865,1.);
#4865 = DIRECTION('',(-1.,0.));
#4866 = ( GEOMETRIC_REPRESENTATION_CONTEXT(2) 
PARAMETRIC_REPRESENTATION_CONTEXT() REPRESENTATION_CONTEXT('2D SPACE',''
  ) );
#4867 = ORIENTED_EDGE('',*,*,#4868,.F.);
#4868 = EDGE_CURVE('',#4814,#4852,#4869,.T.);
#4869 = SURFACE_CURVE('',#4870,(#4874),.PCURVE_S1.);
#4870 = LINE('',#4871,#4872);
#4871 = CARTESIAN_POINT('',(-1.,-15.25,13.192893218813));
#4872 = VECTOR('',#4873,1.);
#4873 = DIRECTION('',(-1.224606353822E-16,1.11200222819E-16,1.));
#4874 = PCURVE('',#4823,#4875);
#4875 = DEFINITIONAL_REPRESENTATION('',(#4876),#4880);
#4876 = LINE('',#4877,#4878);
#4877 = CARTESIAN_POINT('',(0.,0.));
#4878 = VECTOR('',#4879,1.);
#4879 = DIRECTION('',(0.,1.));
#4880 = ( GEOMETRIC_REPRESENTATION_CONTEXT(2) 
PARAMETRIC_REPRESENTATION_CONTEXT() REPRESENTATION_CONTEXT('2D SPACE',''
  ) );
#4881 = SHELL_BASED_SURFACE_MODEL('',(#4882));
#4882 = OPEN_SHELL('',(#4883));
#4883 = ADVANCED_FACE('',(#4884),#4899,.T.);
#4884 = FACE_BOUND('',#4885,.T.);
#4885 = EDGE_LOOP('',(#4886,#4910,#4926,#4943));
#4886 = ORIENTED_EDGE('',*,*,#4887,.F.);
#4887 = EDGE_CURVE('',#4888,#4890,#4892,.T.);
#4888 = VERTEX_POINT('',#4889);
#4889 = CARTESIAN_POINT('',(1.,-15.25,15.4));
#4890 = VERTEX_POINT('',#4891);
#4891 = CARTESIAN_POINT('',(0.5,-15.25,15.4));
#4892 = SURFACE_CURVE('',#4893,(#4898),.PCURVE_S1.);
#4893 = CIRCLE('',#4894,0.25);
#4894 = AXIS2_PLACEMENT_3D('',#4895,#4896,#4897);
#4895 = CARTESIAN_POINT('',(0.75,-15.25,15.4));
#4896 = DIRECTION('',(1.224606353822E-16,-1.11200222819E-16,-1.));
#4897 = DIRECTION('',(-1.,1.107375960236E-32,-1.224606353822E-16));
#4898 = PCURVE('',#4899,#4904);
#4899 = CYLINDRICAL_SURFACE('',#4900,0.25);
#4900 = AXIS2_PLACEMENT_3D('',#4901,#4902,#4903);
#4901 = CARTESIAN_POINT('',(0.75,-15.25,13.192893218813));
#4902 = DIRECTION('',(-1.224606353822E-16,1.11200222819E-16,1.));
#4903 = DIRECTION('',(-1.,1.107375960236E-32,-1.224606353822E-16));
#4904 = DEFINITIONAL_REPRESENTATION('',(#4905),#4909);
#4905 = LINE('',#4906,#4907);
#4906 = CARTESIAN_POINT('',(6.28318530718,2.207106781187));
#4907 = VECTOR('',#4908,1.);
#4908 = DIRECTION('',(-1.,0.));
#4909 = ( GEOMETRIC_REPRESENTATION_CONTEXT(2) 
PARAMETRIC_REPRESENTATION_CONTEXT() REPRESENTATION_CONTEXT('2D SPACE',''
  ) );
#4910 = ORIENTED_EDGE('',*,*,#4911,.T.);
#4911 = EDGE_CURVE('',#4888,#4912,#4914,.T.);
#4912 = VERTEX_POINT('',#4913);
#4913 = CARTESIAN_POINT('',(1.,-15.25,17.8));
#4914 = SURFACE_CURVE('',#4915,(#4919),.PCURVE_S1.);
#4915 = LINE('',#4916,#4917);
#4916 = CARTESIAN_POINT('',(1.,-15.25,13.192893218813));
#4917 = VECTOR('',#4918,1.);
#4918 = DIRECTION('',(-1.224606353822E-16,1.11200222819E-16,1.));
#4919 = PCURVE('',#4899,#4920);
#4920 = DEFINITIONAL_REPRESENTATION('',(#4921),#4925);
#4921 = LINE('',#4922,#4923);
#4922 = CARTESIAN_POINT('',(3.14159265359,0.));
#4923 = VECTOR('',#4924,1.);
#4924 = DIRECTION('',(0.,1.));
#4925 = ( GEOMETRIC_REPRESENTATION_CONTEXT(2) 
PARAMETRIC_REPRESENTATION_CONTEXT() REPRESENTATION_CONTEXT('2D SPACE',''
  ) );
#4926 = ORIENTED_EDGE('',*,*,#4927,.T.);
#4927 = EDGE_CURVE('',#4912,#4928,#4930,.T.);
#4928 = VERTEX_POINT('',#4929);
#4929 = CARTESIAN_POINT('',(0.5,-15.25,17.8));
#4930 = SURFACE_CURVE('',#4931,(#4936),.PCURVE_S1.);
#4931 = CIRCLE('',#4932,0.25);
#4932 = AXIS2_PLACEMENT_3D('',#4933,#4934,#4935);
#4933 = CARTESIAN_POINT('',(0.75,-15.25,17.8));
#4934 = DIRECTION('',(1.224606353822E-16,-1.11200222819E-16,-1.));
#4935 = DIRECTION('',(-1.,1.107375960236E-32,-1.224606353822E-16));
#4936 = PCURVE('',#4899,#4937);
#4937 = DEFINITIONAL_REPRESENTATION('',(#4938),#4942);
#4938 = LINE('',#4939,#4940);
#4939 = CARTESIAN_POINT('',(6.28318530718,4.607106781187));
#4940 = VECTOR('',#4941,1.);
#4941 = DIRECTION('',(-1.,0.));
#4942 = ( GEOMETRIC_REPRESENTATION_CONTEXT(2) 
PARAMETRIC_REPRESENTATION_CONTEXT() REPRESENTATION_CONTEXT('2D SPACE',''
  ) );
#4943 = ORIENTED_EDGE('',*,*,#4944,.F.);
#4944 = EDGE_CURVE('',#4890,#4928,#4945,.T.);
#4945 = SURFACE_CURVE('',#4946,(#4950),.PCURVE_S1.);
#4946 = LINE('',#4947,#4948);
#4947 = CARTESIAN_POINT('',(0.5,-15.25,13.192893218813));
#4948 = VECTOR('',#4949,1.);
#4949 = DIRECTION('',(-1.224606353822E-16,1.11200222819E-16,1.));
#4950 = PCURVE('',#4899,#4951);
#4951 = DEFINITIONAL_REPRESENTATION('',(#4952),#4956);
#4952 = LINE('',#4953,#4954);
#4953 = CARTESIAN_POINT('',(0.,0.));
#4954 = VECTOR('',#4955,1.);
#4955 = DIRECTION('',(0.,1.));
#4956 = ( GEOMETRIC_REPRESENTATION_CONTEXT(2) 
PARAMETRIC_REPRESENTATION_CONTEXT() REPRESENTATION_CONTEXT('2D SPACE',''
  ) );
#4957 = SHELL_BASED_SURFACE_MODEL('',(#4958));
#4958 = OPEN_SHELL('',(#4959));
#4959 = ADVANCED_FACE('',(#4960),#4975,.T.);
#4960 = FACE_BOUND('',#4961,.T.);
#4961 = EDGE_LOOP('',(#4962,#4986,#5002,#5019));
#4962 = ORIENTED_EDGE('',*,*,#4963,.F.);
#4963 = EDGE_CURVE('',#4964,#4966,#4968,.T.);
#4964 = VERTEX_POINT('',#4965);
#4965 = CARTESIAN_POINT('',(4.,-15.25,15.4));
#4966 = VERTEX_POINT('',#4967);
#4967 = CARTESIAN_POINT('',(3.5,-15.25,15.4));
#4968 = SURFACE_CURVE('',#4969,(#4974),.PCURVE_S1.);
#4969 = CIRCLE('',#4970,0.25);
#4970 = AXIS2_PLACEMENT_3D('',#4971,#4972,#4973);
#4971 = CARTESIAN_POINT('',(3.75,-15.25,15.4));
#4972 = DIRECTION('',(1.224606353822E-16,-1.11200222819E-16,-1.));
#4973 = DIRECTION('',(-1.,1.107375960236E-32,-1.224606353822E-16));
#4974 = PCURVE('',#4975,#4980);
#4975 = CYLINDRICAL_SURFACE('',#4976,0.25);
#4976 = AXIS2_PLACEMENT_3D('',#4977,#4978,#4979);
#4977 = CARTESIAN_POINT('',(3.75,-15.25,13.192893218813));
#4978 = DIRECTION('',(-1.224606353822E-16,1.11200222819E-16,1.));
#4979 = DIRECTION('',(-1.,1.107375960236E-32,-1.224606353822E-16));
#4980 = DEFINITIONAL_REPRESENTATION('',(#4981),#4985);
#4981 = LINE('',#4982,#4983);
#4982 = CARTESIAN_POINT('',(6.28318530718,2.207106781187));
#4983 = VECTOR('',#4984,1.);
#4984 = DIRECTION('',(-1.,0.));
#4985 = ( GEOMETRIC_REPRESENTATION_CONTEXT(2) 
PARAMETRIC_REPRESENTATION_CONTEXT() REPRESENTATION_CONTEXT('2D SPACE',''
  ) );
#4986 = ORIENTED_EDGE('',*,*,#4987,.T.);
#4987 = EDGE_CURVE('',#4964,#4988,#4990,.T.);
#4988 = VERTEX_POINT('',#4989);
#4989 = CARTESIAN_POINT('',(4.,-15.25,17.8));
#4990 = SURFACE_CURVE('',#4991,(#4995),.PCURVE_S1.);
#4991 = LINE('',#4992,#4993);
#4992 = CARTESIAN_POINT('',(4.,-15.25,13.192893218813));
#4993 = VECTOR('',#4994,1.);
#4994 = DIRECTION('',(-1.224606353822E-16,1.11200222819E-16,1.));
#4995 = PCURVE('',#4975,#4996);
#4996 = DEFINITIONAL_REPRESENTATION('',(#4997),#5001);
#4997 = LINE('',#4998,#4999);
#4998 = CARTESIAN_POINT('',(3.14159265359,0.));
#4999 = VECTOR('',#5000,1.);
#5000 = DIRECTION('',(0.,1.));
#5001 = ( GEOMETRIC_REPRESENTATION_CONTEXT(2) 
PARAMETRIC_REPRESENTATION_CONTEXT() REPRESENTATION_CONTEXT('2D SPACE',''
  ) );
#5002 = ORIENTED_EDGE('',*,*,#5003,.T.);
#5003 = EDGE_CURVE('',#4988,#5004,#5006,.T.);
#5004 = VERTEX_POINT('',#5005);
#5005 = CARTESIAN_POINT('',(3.5,-15.25,17.8));
#5006 = SURFACE_CURVE('',#5007,(#5012),.PCURVE_S1.);
#5007 = CIRCLE('',#5008,0.25);
#5008 = AXIS2_PLACEMENT_3D('',#5009,#5010,#5011);
#5009 = CARTESIAN_POINT('',(3.75,-15.25,17.8));
#5010 = DIRECTION('',(1.224606353822E-16,-1.11200222819E-16,-1.));
#5011 = DIRECTION('',(-1.,1.107375960236E-32,-1.224606353822E-16));
#5012 = PCURVE('',#4975,#5013);
#5013 = DEFINITIONAL_REPRESENTATION('',(#5014),#5018);
#5014 = LINE('',#5015,#5016);
#5015 = CARTESIAN_POINT('',(6.28318530718,4.607106781187));
#5016 = VECTOR('',#5017,1.);
#5017 = DIRECTION('',(-1.,0.));
#5018 = ( GEOMETRIC_REPRESENTATION_CONTEXT(2) 
PARAMETRIC_REPRESENTATION_CONTEXT() REPRESENTATION_CONTEXT('2D SPACE',''
  ) );
#5019 = ORIENTED_EDGE('',*,*,#5020,.F.);
#5020 = EDGE_CURVE('',#4966,#5004,#5021,.T.);
#5021 = SURFACE_CURVE('',#5022,(#5026),.PCURVE_S1.);
#5022 = LINE('',#5023,#5024);
#5023 = CARTESIAN_POINT('',(3.5,-15.25,13.192893218813));
#5024 = VECTOR('',#5025,1.);
#5025 = DIRECTION('',(-1.224606353822E-16,1.11200222819E-16,1.));
#5026 = PCURVE('',#4975,#5027);
#5027 = DEFINITIONAL_REPRESENTATION('',(#5028),#5032);
#5028 = LINE('',#5029,#5030);
#5029 = CARTESIAN_POINT('',(0.,0.));
#5030 = VECTOR('',#5031,1.);
#5031 = DIRECTION('',(0.,1.));
#5032 = ( GEOMETRIC_REPRESENTATION_CONTEXT(2) 
PARAMETRIC_REPRESENTATION_CONTEXT() REPRESENTATION_CONTEXT('2D SPACE',''
  ) );
#5033 = SHELL_BASED_SURFACE_MODEL('',(#5034));
#5034 = OPEN_SHELL('',(#5035));
#5035 = ADVANCED_FACE('',(#5036),#5050,.F.);
#5036 = FACE_BOUND('',#5037,.T.);
#5037 = EDGE_LOOP('',(#5038,#5061,#5077,#5093));
#5038 = ORIENTED_EDGE('',*,*,#5039,.F.);
#5039 = EDGE_CURVE('',#5040,#5042,#5044,.T.);
#5040 = VERTEX_POINT('',#5041);
#5041 = CARTESIAN_POINT('',(4.75,-15.6,16.7));
#5042 = VERTEX_POINT('',#5043);
#5043 = CARTESIAN_POINT('',(5.25,-15.6,16.7));
#5044 = SURFACE_CURVE('',#5045,(#5049),.PCURVE_S1.);
#5045 = LINE('',#5046,#5047);
#5046 = CARTESIAN_POINT('',(-5.25,-15.6,16.7));
#5047 = VECTOR('',#5048,1.);
#5048 = DIRECTION('',(1.,-8.69887973666E-31,6.994405055138E-15));
#5049 = PCURVE('',#5050,#5055);
#5050 = PLANE('',#5051);
#5051 = AXIS2_PLACEMENT_3D('',#5052,#5053,#5054);
#5052 = CARTESIAN_POINT('',(-5.25,-15.6,18.5));
#5053 = DIRECTION('',(3.740386730925E-32,-1.,-1.807003620809E-16));
#5054 = DIRECTION('',(-7.105427357601E-15,-1.807003620809E-16,1.));
#5055 = DEFINITIONAL_REPRESENTATION('',(#5056),#5060);
#5056 = LINE('',#5057,#5058);
#5057 = CARTESIAN_POINT('',(-1.8,-9.325873406847E-16));
#5058 = VECTOR('',#5059,1.);
#5059 = DIRECTION('',(-1.110223024625E-16,-1.));
#5060 = ( GEOMETRIC_REPRESENTATION_CONTEXT(2) 
PARAMETRIC_REPRESENTATION_CONTEXT() REPRESENTATION_CONTEXT('2D SPACE',''
  ) );
#5061 = ORIENTED_EDGE('',*,*,#5062,.F.);
#5062 = EDGE_CURVE('',#5063,#5040,#5065,.T.);
#5063 = VERTEX_POINT('',#5064);
#5064 = CARTESIAN_POINT('',(4.75,-15.6,18.5));
#5065 = SURFACE_CURVE('',#5066,(#5070),.PCURVE_S1.);
#5066 = LINE('',#5067,#5068);
#5067 = CARTESIAN_POINT('',(4.75,-15.6,18.5));
#5068 = VECTOR('',#5069,1.);
#5069 = DIRECTION('',(7.105427357601E-15,1.807003620809E-16,-1.));
#5070 = PCURVE('',#5050,#5071);
#5071 = DEFINITIONAL_REPRESENTATION('',(#5072),#5076);
#5072 = LINE('',#5073,#5074);
#5073 = CARTESIAN_POINT('',(4.440892098501E-16,-10.));
#5074 = VECTOR('',#5075,1.);
#5075 = DIRECTION('',(-1.,0.));
#5076 = ( GEOMETRIC_REPRESENTATION_CONTEXT(2) 
PARAMETRIC_REPRESENTATION_CONTEXT() REPRESENTATION_CONTEXT('2D SPACE',''
  ) );
#5077 = ORIENTED_EDGE('',*,*,#5078,.T.);
#5078 = EDGE_CURVE('',#5063,#5079,#5081,.T.);
#5079 = VERTEX_POINT('',#5080);
#5080 = CARTESIAN_POINT('',(5.25,-15.6,18.5));
#5081 = SURFACE_CURVE('',#5082,(#5086),.PCURVE_S1.);
#5082 = LINE('',#5083,#5084);
#5083 = CARTESIAN_POINT('',(5.25,-15.6,18.5));
#5084 = VECTOR('',#5085,1.);
#5085 = DIRECTION('',(1.,-2.484455566064E-29,1.143833291972E-17));
#5086 = PCURVE('',#5050,#5087);
#5087 = DEFINITIONAL_REPRESENTATION('',(#5088),#5092);
#5088 = LINE('',#5089,#5090);
#5089 = CARTESIAN_POINT('',(-7.22755189031E-14,-10.5));
#5090 = VECTOR('',#5091,1.);
#5091 = DIRECTION('',(-7.093989024681E-15,-1.));
#5092 = ( GEOMETRIC_REPRESENTATION_CONTEXT(2) 
PARAMETRIC_REPRESENTATION_CONTEXT() REPRESENTATION_CONTEXT('2D SPACE',''
  ) );
#5093 = ORIENTED_EDGE('',*,*,#5094,.T.);
#5094 = EDGE_CURVE('',#5079,#5042,#5095,.T.);
#5095 = SURFACE_CURVE('',#5096,(#5100),.PCURVE_S1.);
#5096 = LINE('',#5097,#5098);
#5097 = CARTESIAN_POINT('',(5.25,-15.6,18.5));
#5098 = VECTOR('',#5099,1.);
#5099 = DIRECTION('',(1.224606353822E-16,-3.736531122127E-15,-1.));
#5100 = PCURVE('',#5050,#5101);
#5101 = DEFINITIONAL_REPRESENTATION('',(#5102),#5106);
#5102 = LINE('',#5103,#5104);
#5103 = CARTESIAN_POINT('',(-7.58282325819E-14,-10.5));
#5104 = VECTOR('',#5105,1.);
#5105 = DIRECTION('',(-1.,6.982966722219E-15));
#5106 = ( GEOMETRIC_REPRESENTATION_CONTEXT(2) 
PARAMETRIC_REPRESENTATION_CONTEXT() REPRESENTATION_CONTEXT('2D SPACE',''
  ) );
#5107 = SHELL_BASED_SURFACE_MODEL('',(#5108));
#5108 = OPEN_SHELL('',(#5109));
#5109 = ADVANCED_FACE('',(#5110),#5124,.F.);
#5110 = FACE_BOUND('',#5111,.T.);
#5111 = EDGE_LOOP('',(#5112,#5135,#5151,#5167));
#5112 = ORIENTED_EDGE('',*,*,#5113,.F.);
#5113 = EDGE_CURVE('',#5114,#5116,#5118,.T.);
#5114 = VERTEX_POINT('',#5115);
#5115 = CARTESIAN_POINT('',(-4.75,-14.8,16.7));
#5116 = VERTEX_POINT('',#5117);
#5117 = CARTESIAN_POINT('',(-5.25,-14.8,16.7));
#5118 = SURFACE_CURVE('',#5119,(#5123),.PCURVE_S1.);
#5119 = LINE('',#5120,#5121);
#5120 = CARTESIAN_POINT('',(-5.25,-14.8,16.7));
#5121 = VECTOR('',#5122,1.);
#5122 = DIRECTION('',(-1.,4.492797686314E-31,-6.994405055138E-15));
#5123 = PCURVE('',#5124,#5129);
#5124 = PLANE('',#5125);
#5125 = AXIS2_PLACEMENT_3D('',#5126,#5127,#5128);
#5126 = CARTESIAN_POINT('',(-5.25,-14.8,18.5));
#5127 = DIRECTION('',(-3.002764025784E-32,1.,1.204669080539E-16));
#5128 = DIRECTION('',(7.105427357601E-15,1.204669080539E-16,-1.));
#5129 = DEFINITIONAL_REPRESENTATION('',(#5130),#5134);
#5130 = LINE('',#5131,#5132);
#5131 = CARTESIAN_POINT('',(1.8,-9.325873406851E-16));
#5132 = VECTOR('',#5133,1.);
#5133 = DIRECTION('',(-1.110223024625E-16,1.));
#5134 = ( GEOMETRIC_REPRESENTATION_CONTEXT(2) 
PARAMETRIC_REPRESENTATION_CONTEXT() REPRESENTATION_CONTEXT('2D SPACE',''
  ) );
#5135 = ORIENTED_EDGE('',*,*,#5136,.F.);
#5136 = EDGE_CURVE('',#5137,#5114,#5139,.T.);
#5137 = VERTEX_POINT('',#5138);
#5138 = CARTESIAN_POINT('',(-4.75,-14.8,18.5));
#5139 = SURFACE_CURVE('',#5140,(#5144),.PCURVE_S1.);
#5140 = LINE('',#5141,#5142);
#5141 = CARTESIAN_POINT('',(-4.75,-14.8,18.5));
#5142 = VECTOR('',#5143,1.);
#5143 = DIRECTION('',(7.105427357601E-15,1.204669080539E-16,-1.));
#5144 = PCURVE('',#5124,#5145);
#5145 = DEFINITIONAL_REPRESENTATION('',(#5146),#5150);
#5146 = LINE('',#5147,#5148);
#5147 = CARTESIAN_POINT('',(-1.110223024625E-16,-0.5));
#5148 = VECTOR('',#5149,1.);
#5149 = DIRECTION('',(1.,0.));
#5150 = ( GEOMETRIC_REPRESENTATION_CONTEXT(2) 
PARAMETRIC_REPRESENTATION_CONTEXT() REPRESENTATION_CONTEXT('2D SPACE',''
  ) );
#5151 = ORIENTED_EDGE('',*,*,#5152,.F.);
#5152 = EDGE_CURVE('',#5153,#5137,#5155,.T.);
#5153 = VERTEX_POINT('',#5154);
#5154 = CARTESIAN_POINT('',(-5.25,-14.8,18.5));
#5155 = SURFACE_CURVE('',#5156,(#5160),.PCURVE_S1.);
#5156 = LINE('',#5157,#5158);
#5157 = CARTESIAN_POINT('',(-5.25,-14.8,18.5));
#5158 = VECTOR('',#5159,1.);
#5159 = DIRECTION('',(1.,-4.492797686314E-31,6.994405055138E-15));
#5160 = PCURVE('',#5124,#5161);
#5161 = DEFINITIONAL_REPRESENTATION('',(#5162),#5166);
#5162 = LINE('',#5163,#5164);
#5163 = CARTESIAN_POINT('',(0.,0.));
#5164 = VECTOR('',#5165,1.);
#5165 = DIRECTION('',(1.110223024625E-16,-1.));
#5166 = ( GEOMETRIC_REPRESENTATION_CONTEXT(2) 
PARAMETRIC_REPRESENTATION_CONTEXT() REPRESENTATION_CONTEXT('2D SPACE',''
  ) );
#5167 = ORIENTED_EDGE('',*,*,#5168,.F.);
#5168 = EDGE_CURVE('',#5116,#5153,#5169,.T.);
#5169 = SURFACE_CURVE('',#5170,(#5174),.PCURVE_S1.);
#5170 = LINE('',#5171,#5172);
#5171 = CARTESIAN_POINT('',(-5.25,-14.8,18.5));
#5172 = VECTOR('',#5173,1.);
#5173 = DIRECTION('',(-1.224606353822E-16,3.736531122127E-15,1.));
#5174 = PCURVE('',#5124,#5175);
#5175 = DEFINITIONAL_REPRESENTATION('',(#5176),#5180);
#5176 = LINE('',#5177,#5178);
#5177 = CARTESIAN_POINT('',(7.105427357601E-15,4.89093761237E-29));
#5178 = VECTOR('',#5179,1.);
#5179 = DIRECTION('',(-1.,-6.982966722219E-15));
#5180 = ( GEOMETRIC_REPRESENTATION_CONTEXT(2) 
PARAMETRIC_REPRESENTATION_CONTEXT() REPRESENTATION_CONTEXT('2D SPACE',''
  ) );
#5181 = SHELL_BASED_SURFACE_MODEL('',(#5182));
#5182 = OPEN_SHELL('',(#5183));
#5183 = ADVANCED_FACE('',(#5184),#5198,.F.);
#5184 = FACE_BOUND('',#5185,.T.);
#5185 = EDGE_LOOP('',(#5186,#5209,#5225,#5241));
#5186 = ORIENTED_EDGE('',*,*,#5187,.F.);
#5187 = EDGE_CURVE('',#5188,#5190,#5192,.T.);
#5188 = VERTEX_POINT('',#5189);
#5189 = CARTESIAN_POINT('',(-4.75,-15.6,16.7));
#5190 = VERTEX_POINT('',#5191);
#5191 = CARTESIAN_POINT('',(-5.25,-15.6,16.7));
#5192 = SURFACE_CURVE('',#5193,(#5197),.PCURVE_S1.);
#5193 = LINE('',#5194,#5195);
#5194 = CARTESIAN_POINT('',(-5.25,-15.6,16.7));
#5195 = VECTOR('',#5196,1.);
#5196 = DIRECTION('',(-1.,2.484455566064E-29,-1.143833291972E-17));
#5197 = PCURVE('',#5198,#5203);
#5198 = PLANE('',#5199);
#5199 = AXIS2_PLACEMENT_3D('',#5200,#5201,#5202);
#5200 = CARTESIAN_POINT('',(-5.25,-15.6,16.7));
#5201 = DIRECTION('',(1.143833291972E-17,2.758299773102E-45,-1.));
#5202 = DIRECTION('',(1.,-2.484455566064E-29,1.143833291972E-17));
#5203 = DEFINITIONAL_REPRESENTATION('',(#5204),#5208);
#5204 = LINE('',#5205,#5206);
#5205 = CARTESIAN_POINT('',(8.826559273928E-44,3.552713678801E-15));
#5206 = VECTOR('',#5207,1.);
#5207 = DIRECTION('',(-1.,0.));
#5208 = ( GEOMETRIC_REPRESENTATION_CONTEXT(2) 
PARAMETRIC_REPRESENTATION_CONTEXT() REPRESENTATION_CONTEXT('2D SPACE',''
  ) );
#5209 = ORIENTED_EDGE('',*,*,#5210,.F.);
#5210 = EDGE_CURVE('',#5211,#5188,#5213,.T.);
#5211 = VERTEX_POINT('',#5212);
#5212 = CARTESIAN_POINT('',(-4.75,-14.8,16.7));
#5213 = SURFACE_CURVE('',#5214,(#5218),.PCURVE_S1.);
#5214 = LINE('',#5215,#5216);
#5215 = CARTESIAN_POINT('',(-4.75,-15.6,16.7));
#5216 = VECTOR('',#5217,1.);
#5217 = DIRECTION('',(-2.522121711592E-29,-1.,-2.366582715663E-30));
#5218 = PCURVE('',#5198,#5219);
#5219 = DEFINITIONAL_REPRESENTATION('',(#5220),#5224);
#5220 = LINE('',#5221,#5222);
#5221 = CARTESIAN_POINT('',(0.5,-1.242227783032E-29));
#5222 = VECTOR('',#5223,1.);
#5223 = DIRECTION('',(-3.766614552829E-31,1.));
#5224 = ( GEOMETRIC_REPRESENTATION_CONTEXT(2) 
PARAMETRIC_REPRESENTATION_CONTEXT() REPRESENTATION_CONTEXT('2D SPACE',''
  ) );
#5225 = ORIENTED_EDGE('',*,*,#5226,.T.);
#5226 = EDGE_CURVE('',#5211,#5227,#5229,.T.);
#5227 = VERTEX_POINT('',#5228);
#5228 = CARTESIAN_POINT('',(-5.25,-14.8,16.7));
#5229 = SURFACE_CURVE('',#5230,(#5234),.PCURVE_S1.);
#5230 = LINE('',#5231,#5232);
#5231 = CARTESIAN_POINT('',(-5.25,-14.8,16.7));
#5232 = VECTOR('',#5233,1.);
#5233 = DIRECTION('',(-1.,4.492797686314E-31,-6.994405055138E-15));
#5234 = PCURVE('',#5198,#5235);
#5235 = DEFINITIONAL_REPRESENTATION('',(#5236),#5240);
#5236 = LINE('',#5237,#5238);
#5237 = CARTESIAN_POINT('',(1.33226762955E-14,-0.8));
#5238 = VECTOR('',#5239,1.);
#5239 = DIRECTION('',(-1.,2.439527589201E-29));
#5240 = ( GEOMETRIC_REPRESENTATION_CONTEXT(2) 
PARAMETRIC_REPRESENTATION_CONTEXT() REPRESENTATION_CONTEXT('2D SPACE',''
  ) );
#5241 = ORIENTED_EDGE('',*,*,#5242,.F.);
#5242 = EDGE_CURVE('',#5190,#5227,#5243,.T.);
#5243 = SURFACE_CURVE('',#5244,(#5248),.PCURVE_S1.);
#5244 = LINE('',#5245,#5246);
#5245 = CARTESIAN_POINT('',(-5.25,-16.55,16.7));
#5246 = VECTOR('',#5247,1.);
#5247 = DIRECTION('',(4.423027891862E-31,1.,-3.736531122127E-15));
#5248 = PCURVE('',#5198,#5249);
#5249 = DEFINITIONAL_REPRESENTATION('',(#5250),#5254);
#5250 = LINE('',#5251,#5252);
#5251 = CARTESIAN_POINT('',(2.360232787761E-29,0.95));
#5252 = VECTOR('',#5253,1.);
#5253 = DIRECTION('',(-2.444499255839E-29,-1.));
#5254 = ( GEOMETRIC_REPRESENTATION_CONTEXT(2) 
PARAMETRIC_REPRESENTATION_CONTEXT() REPRESENTATION_CONTEXT('2D SPACE',''
  ) );
#5255 = SHELL_BASED_SURFACE_MODEL('',(#5256));
#5256 = OPEN_SHELL('',(#5257));
#5257 = ADVANCED_FACE('',(#5258),#5272,.F.);
#5258 = FACE_BOUND('',#5259,.T.);
#5259 = EDGE_LOOP('',(#5260,#5283,#5299,#5315));
#5260 = ORIENTED_EDGE('',*,*,#5261,.F.);
#5261 = EDGE_CURVE('',#5262,#5264,#5266,.T.);
#5262 = VERTEX_POINT('',#5263);
#5263 = CARTESIAN_POINT('',(-4.75,-15.6,18.5));
#5264 = VERTEX_POINT('',#5265);
#5265 = CARTESIAN_POINT('',(-5.25,-15.6,18.5));
#5266 = SURFACE_CURVE('',#5267,(#5271),.PCURVE_S1.);
#5267 = LINE('',#5268,#5269);
#5268 = CARTESIAN_POINT('',(-5.25,-15.6,18.5));
#5269 = VECTOR('',#5270,1.);
#5270 = DIRECTION('',(-1.,8.69887973666E-31,-6.994405055138E-15));
#5271 = PCURVE('',#5272,#5277);
#5272 = PLANE('',#5273);
#5273 = AXIS2_PLACEMENT_3D('',#5274,#5275,#5276);
#5274 = CARTESIAN_POINT('',(-5.25,-15.6,18.5));
#5275 = DIRECTION('',(3.740386730925E-32,-1.,-1.807003620809E-16));
#5276 = DIRECTION('',(-7.105427357601E-15,-1.807003620809E-16,1.));
#5277 = DEFINITIONAL_REPRESENTATION('',(#5278),#5282);
#5278 = LINE('',#5279,#5280);
#5279 = CARTESIAN_POINT('',(-3.552713678801E-15,2.445468806185E-29));
#5280 = VECTOR('',#5281,1.);
#5281 = DIRECTION('',(1.110223024625E-16,1.));
#5282 = ( GEOMETRIC_REPRESENTATION_CONTEXT(2) 
PARAMETRIC_REPRESENTATION_CONTEXT() REPRESENTATION_CONTEXT('2D SPACE',''
  ) );
#5283 = ORIENTED_EDGE('',*,*,#5284,.F.);
#5284 = EDGE_CURVE('',#5285,#5262,#5287,.T.);
#5285 = VERTEX_POINT('',#5286);
#5286 = CARTESIAN_POINT('',(-4.75,-15.6,16.7));
#5287 = SURFACE_CURVE('',#5288,(#5292),.PCURVE_S1.);
#5288 = LINE('',#5289,#5290);
#5289 = CARTESIAN_POINT('',(-4.75,-15.6,18.5));
#5290 = VECTOR('',#5291,1.);
#5291 = DIRECTION('',(-7.105427357601E-15,-1.807003620809E-16,1.));
#5292 = PCURVE('',#5272,#5293);
#5293 = DEFINITIONAL_REPRESENTATION('',(#5294),#5298);
#5294 = LINE('',#5295,#5296);
#5295 = CARTESIAN_POINT('',(1.110223024626E-16,-0.5));
#5296 = VECTOR('',#5297,1.);
#5297 = DIRECTION('',(1.,0.));
#5298 = ( GEOMETRIC_REPRESENTATION_CONTEXT(2) 
PARAMETRIC_REPRESENTATION_CONTEXT() REPRESENTATION_CONTEXT('2D SPACE',''
  ) );
#5299 = ORIENTED_EDGE('',*,*,#5300,.T.);
#5300 = EDGE_CURVE('',#5285,#5301,#5303,.T.);
#5301 = VERTEX_POINT('',#5302);
#5302 = CARTESIAN_POINT('',(-5.25,-15.6,16.7));
#5303 = SURFACE_CURVE('',#5304,(#5308),.PCURVE_S1.);
#5304 = LINE('',#5305,#5306);
#5305 = CARTESIAN_POINT('',(-5.25,-15.6,16.7));
#5306 = VECTOR('',#5307,1.);
#5307 = DIRECTION('',(-1.,2.484455566064E-29,-1.143833291972E-17));
#5308 = PCURVE('',#5272,#5309);
#5309 = DEFINITIONAL_REPRESENTATION('',(#5310),#5314);
#5310 = LINE('',#5311,#5312);
#5311 = CARTESIAN_POINT('',(-1.8,1.239008895482E-14));
#5312 = VECTOR('',#5313,1.);
#5313 = DIRECTION('',(7.093989024681E-15,1.));
#5314 = ( GEOMETRIC_REPRESENTATION_CONTEXT(2) 
PARAMETRIC_REPRESENTATION_CONTEXT() REPRESENTATION_CONTEXT('2D SPACE',''
  ) );
#5315 = ORIENTED_EDGE('',*,*,#5316,.F.);
#5316 = EDGE_CURVE('',#5264,#5301,#5317,.T.);
#5317 = SURFACE_CURVE('',#5318,(#5322),.PCURVE_S1.);
#5318 = LINE('',#5319,#5320);
#5319 = CARTESIAN_POINT('',(-5.25,-15.6,18.5));
#5320 = VECTOR('',#5321,1.);
#5321 = DIRECTION('',(1.224606353822E-16,-3.736531122127E-15,-1.));
#5322 = PCURVE('',#5272,#5323);
#5323 = DEFINITIONAL_REPRESENTATION('',(#5324),#5328);
#5324 = LINE('',#5325,#5326);
#5325 = CARTESIAN_POINT('',(-3.552713678801E-15,2.445468806185E-29));
#5326 = VECTOR('',#5327,1.);
#5327 = DIRECTION('',(-1.,6.982966722219E-15));
#5328 = ( GEOMETRIC_REPRESENTATION_CONTEXT(2) 
PARAMETRIC_REPRESENTATION_CONTEXT() REPRESENTATION_CONTEXT('2D SPACE',''
  ) );
#5329 = SHELL_BASED_SURFACE_MODEL('',(#5330));
#5330 = OPEN_SHELL('',(#5331));
#5331 = ADVANCED_FACE('',(#5332),#5346,.F.);
#5332 = FACE_BOUND('',#5333,.T.);
#5333 = EDGE_LOOP('',(#5334,#5357,#5373,#5389));
#5334 = ORIENTED_EDGE('',*,*,#5335,.F.);
#5335 = EDGE_CURVE('',#5336,#5338,#5340,.T.);
#5336 = VERTEX_POINT('',#5337);
#5337 = CARTESIAN_POINT('',(-4.05,-16.15,13.5));
#5338 = VERTEX_POINT('',#5339);
#5339 = CARTESIAN_POINT('',(-4.75,-16.15,13.5));
#5340 = SURFACE_CURVE('',#5341,(#5345),.PCURVE_S1.);
#5341 = LINE('',#5342,#5343);
#5342 = CARTESIAN_POINT('',(-4.75,-16.15,13.5));
#5343 = VECTOR('',#5344,1.);
#5344 = DIRECTION('',(-1.,-3.919366414379E-31,-6.994405055138E-15));
#5345 = PCURVE('',#5346,#5351);
#5346 = PLANE('',#5347);
#5347 = AXIS2_PLACEMENT_3D('',#5348,#5349,#5350);
#5348 = CARTESIAN_POINT('',(-4.75,-16.15,16.7));
#5349 = DIRECTION('',(-1.527518615503E-32,1.,-1.085367255984E-46));
#5350 = DIRECTION('',(7.105427357601E-15,-4.045355276304E-63,-1.));
#5351 = DEFINITIONAL_REPRESENTATION('',(#5352),#5356);
#5352 = LINE('',#5353,#5354);
#5353 = CARTESIAN_POINT('',(3.2,-1.7763568394E-16));
#5354 = VECTOR('',#5355,1.);
#5355 = DIRECTION('',(-1.110223024625E-16,1.));
#5356 = ( GEOMETRIC_REPRESENTATION_CONTEXT(2) 
PARAMETRIC_REPRESENTATION_CONTEXT() REPRESENTATION_CONTEXT('2D SPACE',''
  ) );
#5357 = ORIENTED_EDGE('',*,*,#5358,.T.);
#5358 = EDGE_CURVE('',#5336,#5359,#5361,.T.);
#5359 = VERTEX_POINT('',#5360);
#5360 = CARTESIAN_POINT('',(-4.05,-16.15,15.4));
#5361 = SURFACE_CURVE('',#5362,(#5366),.PCURVE_S1.);
#5362 = LINE('',#5363,#5364);
#5363 = CARTESIAN_POINT('',(-4.05,-16.15,13.5));
#5364 = VECTOR('',#5365,1.);
#5365 = DIRECTION('',(-1.224606353822E-16,3.736531122127E-15,1.));
#5366 = PCURVE('',#5346,#5367);
#5367 = DEFINITIONAL_REPRESENTATION('',(#5368),#5372);
#5368 = LINE('',#5369,#5370);
#5369 = CARTESIAN_POINT('',(3.2,-0.7));
#5370 = VECTOR('',#5371,1.);
#5371 = DIRECTION('',(-1.,-6.982966722219E-15));
#5372 = ( GEOMETRIC_REPRESENTATION_CONTEXT(2) 
PARAMETRIC_REPRESENTATION_CONTEXT() REPRESENTATION_CONTEXT('2D SPACE',''
  ) );
#5373 = ORIENTED_EDGE('',*,*,#5374,.F.);
#5374 = EDGE_CURVE('',#5375,#5359,#5377,.T.);
#5375 = VERTEX_POINT('',#5376);
#5376 = CARTESIAN_POINT('',(-4.75,-16.15,15.4));
#5377 = SURFACE_CURVE('',#5378,(#5382),.PCURVE_S1.);
#5378 = LINE('',#5379,#5380);
#5379 = CARTESIAN_POINT('',(-4.75,-16.15,15.4));
#5380 = VECTOR('',#5381,1.);
#5381 = DIRECTION('',(1.,3.919366414379E-31,6.994405055138E-15));
#5382 = PCURVE('',#5346,#5383);
#5383 = DEFINITIONAL_REPRESENTATION('',(#5384),#5388);
#5384 = LINE('',#5385,#5386);
#5385 = CARTESIAN_POINT('',(1.3,-1.709743457923E-15));
#5386 = VECTOR('',#5387,1.);
#5387 = DIRECTION('',(1.110223024625E-16,-1.));
#5388 = ( GEOMETRIC_REPRESENTATION_CONTEXT(2) 
PARAMETRIC_REPRESENTATION_CONTEXT() REPRESENTATION_CONTEXT('2D SPACE',''
  ) );
#5389 = ORIENTED_EDGE('',*,*,#5390,.T.);
#5390 = EDGE_CURVE('',#5375,#5338,#5391,.T.);
#5391 = SURFACE_CURVE('',#5392,(#5396),.PCURVE_S1.);
#5392 = LINE('',#5393,#5394);
#5393 = CARTESIAN_POINT('',(-4.75,-16.15,15.4));
#5394 = VECTOR('',#5395,1.);
#5395 = DIRECTION('',(1.224606353822E-16,-3.736531122127E-15,-1.));
#5396 = PCURVE('',#5346,#5397);
#5397 = DEFINITIONAL_REPRESENTATION('',(#5398),#5402);
#5398 = LINE('',#5399,#5400);
#5399 = CARTESIAN_POINT('',(1.3,8.948397578479E-15));
#5400 = VECTOR('',#5401,1.);
#5401 = DIRECTION('',(1.,6.982966722219E-15));
#5402 = ( GEOMETRIC_REPRESENTATION_CONTEXT(2) 
PARAMETRIC_REPRESENTATION_CONTEXT() REPRESENTATION_CONTEXT('2D SPACE',''
  ) );
#5403 = SHELL_BASED_SURFACE_MODEL('',(#5404));
#5404 = OPEN_SHELL('',(#5405));
#5405 = ADVANCED_FACE('',(#5406),#5420,.F.);
#5406 = FACE_BOUND('',#5407,.T.);
#5407 = EDGE_LOOP('',(#5408,#5431,#5447,#5463,#5479));
#5408 = ORIENTED_EDGE('',*,*,#5409,.F.);
#5409 = EDGE_CURVE('',#5410,#5412,#5414,.T.);
#5410 = VERTEX_POINT('',#5411);
#5411 = CARTESIAN_POINT('',(-4.05,-16.15,15.4));
#5412 = VERTEX_POINT('',#5413);
#5413 = CARTESIAN_POINT('',(-4.05,-16.15,16.7));
#5414 = SURFACE_CURVE('',#5415,(#5419),.PCURVE_S1.);
#5415 = LINE('',#5416,#5417);
#5416 = CARTESIAN_POINT('',(-4.05,-16.15,13.5));
#5417 = VECTOR('',#5418,1.);
#5418 = DIRECTION('',(-1.224606353822E-16,3.736531122127E-15,1.));
#5419 = PCURVE('',#5420,#5425);
#5420 = PLANE('',#5421);
#5421 = AXIS2_PLACEMENT_3D('',#5422,#5423,#5424);
#5422 = CARTESIAN_POINT('',(-4.05,-16.15,13.5));
#5423 = DIRECTION('',(1.,1.198328716958E-16,1.224606353822E-16));
#5424 = DIRECTION('',(-1.224606353822E-16,3.736531122127E-15,1.));
#5425 = DEFINITIONAL_REPRESENTATION('',(#5426),#5430);
#5426 = LINE('',#5427,#5428);
#5427 = CARTESIAN_POINT('',(-2.654965045769E-29,7.105427357601E-15));
#5428 = VECTOR('',#5429,1.);
#5429 = DIRECTION('',(1.,1.193343304518E-32));
#5430 = ( GEOMETRIC_REPRESENTATION_CONTEXT(2) 
PARAMETRIC_REPRESENTATION_CONTEXT() REPRESENTATION_CONTEXT('2D SPACE',''
  ) );
#5431 = ORIENTED_EDGE('',*,*,#5432,.F.);
#5432 = EDGE_CURVE('',#5433,#5410,#5435,.T.);
#5433 = VERTEX_POINT('',#5434);
#5434 = CARTESIAN_POINT('',(-4.05,-16.15,13.5));
#5435 = SURFACE_CURVE('',#5436,(#5440),.PCURVE_S1.);
#5436 = LINE('',#5437,#5438);
#5437 = CARTESIAN_POINT('',(-4.05,-16.15,13.5));
#5438 = VECTOR('',#5439,1.);
#5439 = DIRECTION('',(-1.224606353822E-16,3.736531122127E-15,1.));
#5440 = PCURVE('',#5420,#5441);
#5441 = DEFINITIONAL_REPRESENTATION('',(#5442),#5446);
#5442 = LINE('',#5443,#5444);
#5443 = CARTESIAN_POINT('',(0.,0.));
#5444 = VECTOR('',#5445,1.);
#5445 = DIRECTION('',(1.,1.193343304518E-32));
#5446 = ( GEOMETRIC_REPRESENTATION_CONTEXT(2) 
PARAMETRIC_REPRESENTATION_CONTEXT() REPRESENTATION_CONTEXT('2D SPACE',''
  ) );
#5447 = ORIENTED_EDGE('',*,*,#5448,.F.);
#5448 = EDGE_CURVE('',#5449,#5433,#5451,.T.);
#5449 = VERTEX_POINT('',#5450);
#5450 = CARTESIAN_POINT('',(-4.05,-16.55,13.5));
#5451 = SURFACE_CURVE('',#5452,(#5456),.PCURVE_S1.);
#5452 = LINE('',#5453,#5454);
#5453 = CARTESIAN_POINT('',(-4.05,-16.15,13.5));
#5454 = VECTOR('',#5455,1.);
#5455 = DIRECTION('',(-1.198328716958E-16,1.,-3.736531122127E-15));
#5456 = PCURVE('',#5420,#5457);
#5457 = DEFINITIONAL_REPRESENTATION('',(#5458),#5462);
#5458 = LINE('',#5459,#5460);
#5459 = CARTESIAN_POINT('',(-1.59872115546E-14,-5.97367135298E-29));
#5460 = VECTOR('',#5461,1.);
#5461 = DIRECTION('',(7.769274721758E-31,-1.));
#5462 = ( GEOMETRIC_REPRESENTATION_CONTEXT(2) 
PARAMETRIC_REPRESENTATION_CONTEXT() REPRESENTATION_CONTEXT('2D SPACE',''
  ) );
#5463 = ORIENTED_EDGE('',*,*,#5464,.T.);
#5464 = EDGE_CURVE('',#5449,#5465,#5467,.T.);
#5465 = VERTEX_POINT('',#5466);
#5466 = CARTESIAN_POINT('',(-4.05,-16.55,16.7));
#5467 = SURFACE_CURVE('',#5468,(#5472),.PCURVE_S1.);
#5468 = LINE('',#5469,#5470);
#5469 = CARTESIAN_POINT('',(-4.05,-16.55,13.5));
#5470 = VECTOR('',#5471,1.);
#5471 = DIRECTION('',(-7.105427357601E-15,1.577721810442E-30,1.));
#5472 = PCURVE('',#5420,#5473);
#5473 = DEFINITIONAL_REPRESENTATION('',(#5474),#5478);
#5474 = LINE('',#5475,#5476);
#5475 = CARTESIAN_POINT('',(-6.721981550666E-14,0.4));
#5476 = VECTOR('',#5477,1.);
#5477 = DIRECTION('',(1.,3.736531122127E-15));
#5478 = ( GEOMETRIC_REPRESENTATION_CONTEXT(2) 
PARAMETRIC_REPRESENTATION_CONTEXT() REPRESENTATION_CONTEXT('2D SPACE',''
  ) );
#5479 = ORIENTED_EDGE('',*,*,#5480,.T.);
#5480 = EDGE_CURVE('',#5465,#5412,#5481,.T.);
#5481 = SURFACE_CURVE('',#5482,(#5486),.PCURVE_S1.);
#5482 = LINE('',#5483,#5484);
#5483 = CARTESIAN_POINT('',(-4.05,-16.15,16.7));
#5484 = VECTOR('',#5485,1.);
#5485 = DIRECTION('',(2.522121711592E-29,1.,2.366582715663E-30));
#5486 = PCURVE('',#5420,#5487);
#5487 = DEFINITIONAL_REPRESENTATION('',(#5488),#5492);
#5488 = LINE('',#5489,#5490);
#5489 = CARTESIAN_POINT('',(3.2,1.195689959081E-14));
#5490 = VECTOR('',#5491,1.);
#5491 = DIRECTION('',(3.736531122127E-15,-1.));
#5492 = ( GEOMETRIC_REPRESENTATION_CONTEXT(2) 
PARAMETRIC_REPRESENTATION_CONTEXT() REPRESENTATION_CONTEXT('2D SPACE',''
  ) );
#5493 = SHELL_BASED_SURFACE_MODEL('',(#5494));
#5494 = OPEN_SHELL('',(#5495));
#5495 = ADVANCED_FACE('',(#5496),#5510,.T.);
#5496 = FACE_BOUND('',#5497,.T.);
#5497 = EDGE_LOOP('',(#5498,#5521,#5537,#5553));
#5498 = ORIENTED_EDGE('',*,*,#5499,.T.);
#5499 = EDGE_CURVE('',#5500,#5502,#5504,.T.);
#5500 = VERTEX_POINT('',#5501);
#5501 = CARTESIAN_POINT('',(4.05,-16.15,15.4));
#5502 = VERTEX_POINT('',#5503);
#5503 = CARTESIAN_POINT('',(4.05,-16.15,13.5));
#5504 = SURFACE_CURVE('',#5505,(#5509),.PCURVE_S1.);
#5505 = LINE('',#5506,#5507);
#5506 = CARTESIAN_POINT('',(4.05,-16.15,13.5));
#5507 = VECTOR('',#5508,1.);
#5508 = DIRECTION('',(1.224606353822E-16,-3.736531122127E-15,-1.));
#5509 = PCURVE('',#5510,#5515);
#5510 = PLANE('',#5511);
#5511 = AXIS2_PLACEMENT_3D('',#5512,#5513,#5514);
#5512 = CARTESIAN_POINT('',(4.75,-16.15,16.7));
#5513 = DIRECTION('',(1.527518615503E-32,-1.,1.085367255984E-46));
#5514 = DIRECTION('',(-7.105427357601E-15,4.045355276304E-63,1.));
#5515 = DEFINITIONAL_REPRESENTATION('',(#5516),#5520);
#5516 = LINE('',#5517,#5518);
#5517 = CARTESIAN_POINT('',(-3.2,0.7));
#5518 = VECTOR('',#5519,1.);
#5519 = DIRECTION('',(-1.,6.982966722219E-15));
#5520 = ( GEOMETRIC_REPRESENTATION_CONTEXT(2) 
PARAMETRIC_REPRESENTATION_CONTEXT() REPRESENTATION_CONTEXT('2D SPACE',''
  ) );
#5521 = ORIENTED_EDGE('',*,*,#5522,.T.);
#5522 = EDGE_CURVE('',#5502,#5523,#5525,.T.);
#5523 = VERTEX_POINT('',#5524);
#5524 = CARTESIAN_POINT('',(4.75,-16.15,13.5));
#5525 = SURFACE_CURVE('',#5526,(#5530),.PCURVE_S1.);
#5526 = LINE('',#5527,#5528);
#5527 = CARTESIAN_POINT('',(4.75,-16.15,13.5));
#5528 = VECTOR('',#5529,1.);
#5529 = DIRECTION('',(1.,3.919366414379E-31,6.994405055138E-15));
#5530 = PCURVE('',#5510,#5531);
#5531 = DEFINITIONAL_REPRESENTATION('',(#5532),#5536);
#5532 = LINE('',#5533,#5534);
#5533 = CARTESIAN_POINT('',(-3.2,7.105427357601E-16));
#5534 = VECTOR('',#5535,1.);
#5535 = DIRECTION('',(-1.110223024625E-16,-1.));
#5536 = ( GEOMETRIC_REPRESENTATION_CONTEXT(2) 
PARAMETRIC_REPRESENTATION_CONTEXT() REPRESENTATION_CONTEXT('2D SPACE',''
  ) );
#5537 = ORIENTED_EDGE('',*,*,#5538,.T.);
#5538 = EDGE_CURVE('',#5523,#5539,#5541,.T.);
#5539 = VERTEX_POINT('',#5540);
#5540 = CARTESIAN_POINT('',(4.75,-16.15,15.4));
#5541 = SURFACE_CURVE('',#5542,(#5546),.PCURVE_S1.);
#5542 = LINE('',#5543,#5544);
#5543 = CARTESIAN_POINT('',(4.75,-16.15,15.4));
#5544 = VECTOR('',#5545,1.);
#5545 = DIRECTION('',(-1.224606353822E-16,3.736531122127E-15,1.));
#5546 = PCURVE('',#5510,#5547);
#5547 = DEFINITIONAL_REPRESENTATION('',(#5548),#5552);
#5548 = LINE('',#5549,#5550);
#5549 = CARTESIAN_POINT('',(-1.3,9.836575998179E-15));
#5550 = VECTOR('',#5551,1.);
#5551 = DIRECTION('',(1.,-6.982966722219E-15));
#5552 = ( GEOMETRIC_REPRESENTATION_CONTEXT(2) 
PARAMETRIC_REPRESENTATION_CONTEXT() REPRESENTATION_CONTEXT('2D SPACE',''
  ) );
#5553 = ORIENTED_EDGE('',*,*,#5554,.T.);
#5554 = EDGE_CURVE('',#5539,#5500,#5555,.T.);
#5555 = SURFACE_CURVE('',#5556,(#5560),.PCURVE_S1.);
#5556 = LINE('',#5557,#5558);
#5557 = CARTESIAN_POINT('',(4.75,-16.15,15.4));
#5558 = VECTOR('',#5559,1.);
#5559 = DIRECTION('',(-1.,-3.919366414379E-31,-6.994405055138E-15));
#5560 = PCURVE('',#5510,#5561);
#5561 = DEFINITIONAL_REPRESENTATION('',(#5562),#5566);
#5562 = LINE('',#5563,#5564);
#5563 = CARTESIAN_POINT('',(-1.3,6.661338147751E-17));
#5564 = VECTOR('',#5565,1.);
#5565 = DIRECTION('',(1.110223024625E-16,1.));
#5566 = ( GEOMETRIC_REPRESENTATION_CONTEXT(2) 
PARAMETRIC_REPRESENTATION_CONTEXT() REPRESENTATION_CONTEXT('2D SPACE',''
  ) );
#5567 = SHELL_BASED_SURFACE_MODEL('',(#5568));
#5568 = OPEN_SHELL('',(#5569));
#5569 = ADVANCED_FACE('',(#5570),#5584,.F.);
#5570 = FACE_BOUND('',#5571,.T.);
#5571 = EDGE_LOOP('',(#5572,#5595,#5611,#5627,#5643));
#5572 = ORIENTED_EDGE('',*,*,#5573,.F.);
#5573 = EDGE_CURVE('',#5574,#5576,#5578,.T.);
#5574 = VERTEX_POINT('',#5575);
#5575 = CARTESIAN_POINT('',(4.05,-16.15,15.4));
#5576 = VERTEX_POINT('',#5577);
#5577 = CARTESIAN_POINT('',(4.05,-16.15,13.5));
#5578 = SURFACE_CURVE('',#5579,(#5583),.PCURVE_S1.);
#5579 = LINE('',#5580,#5581);
#5580 = CARTESIAN_POINT('',(4.05,-16.15,13.5));
#5581 = VECTOR('',#5582,1.);
#5582 = DIRECTION('',(1.224606353822E-16,-3.736531122127E-15,-1.));
#5583 = PCURVE('',#5584,#5589);
#5584 = PLANE('',#5585);
#5585 = AXIS2_PLACEMENT_3D('',#5586,#5587,#5588);
#5586 = CARTESIAN_POINT('',(4.05,-16.15,13.5));
#5587 = DIRECTION('',(-1.,-1.198328716958E-16,-1.224606353822E-16));
#5588 = DIRECTION('',(1.224606353822E-16,-3.736531122127E-15,-1.));
#5589 = DEFINITIONAL_REPRESENTATION('',(#5590),#5594);
#5590 = LINE('',#5591,#5592);
#5591 = CARTESIAN_POINT('',(2.654965045769E-29,7.105427357601E-15));
#5592 = VECTOR('',#5593,1.);
#5593 = DIRECTION('',(1.,-1.193343304518E-32));
#5594 = ( GEOMETRIC_REPRESENTATION_CONTEXT(2) 
PARAMETRIC_REPRESENTATION_CONTEXT() REPRESENTATION_CONTEXT('2D SPACE',''
  ) );
#5595 = ORIENTED_EDGE('',*,*,#5596,.F.);
#5596 = EDGE_CURVE('',#5597,#5574,#5599,.T.);
#5597 = VERTEX_POINT('',#5598);
#5598 = CARTESIAN_POINT('',(4.05,-16.15,16.7));
#5599 = SURFACE_CURVE('',#5600,(#5604),.PCURVE_S1.);
#5600 = LINE('',#5601,#5602);
#5601 = CARTESIAN_POINT('',(4.05,-16.15,13.5));
#5602 = VECTOR('',#5603,1.);
#5603 = DIRECTION('',(1.224606353822E-16,-3.736531122127E-15,-1.));
#5604 = PCURVE('',#5584,#5605);
#5605 = DEFINITIONAL_REPRESENTATION('',(#5606),#5610);
#5606 = LINE('',#5607,#5608);
#5607 = CARTESIAN_POINT('',(4.646188830096E-29,1.24344978758E-14));
#5608 = VECTOR('',#5609,1.);
#5609 = DIRECTION('',(1.,-1.193343304518E-32));
#5610 = ( GEOMETRIC_REPRESENTATION_CONTEXT(2) 
PARAMETRIC_REPRESENTATION_CONTEXT() REPRESENTATION_CONTEXT('2D SPACE',''
  ) );
#5611 = ORIENTED_EDGE('',*,*,#5612,.F.);
#5612 = EDGE_CURVE('',#5613,#5597,#5615,.T.);
#5613 = VERTEX_POINT('',#5614);
#5614 = CARTESIAN_POINT('',(4.05,-16.55,16.7));
#5615 = SURFACE_CURVE('',#5616,(#5620),.PCURVE_S1.);
#5616 = LINE('',#5617,#5618);
#5617 = CARTESIAN_POINT('',(4.05,-16.15,16.7));
#5618 = VECTOR('',#5619,1.);
#5619 = DIRECTION('',(-1.198328716958E-16,1.,-3.736531122127E-15));
#5620 = PCURVE('',#5584,#5621);
#5621 = DEFINITIONAL_REPRESENTATION('',(#5622),#5626);
#5622 = LINE('',#5623,#5624);
#5623 = CARTESIAN_POINT('',(-3.2,4.105801347058E-16));
#5624 = VECTOR('',#5625,1.);
#5625 = DIRECTION('',(-7.769274721758E-31,-1.));
#5626 = ( GEOMETRIC_REPRESENTATION_CONTEXT(2) 
PARAMETRIC_REPRESENTATION_CONTEXT() REPRESENTATION_CONTEXT('2D SPACE',''
  ) );
#5627 = ORIENTED_EDGE('',*,*,#5628,.T.);
#5628 = EDGE_CURVE('',#5613,#5629,#5631,.T.);
#5629 = VERTEX_POINT('',#5630);
#5630 = CARTESIAN_POINT('',(4.05,-16.55,13.5));
#5631 = SURFACE_CURVE('',#5632,(#5636),.PCURVE_S1.);
#5632 = LINE('',#5633,#5634);
#5633 = CARTESIAN_POINT('',(4.05,-16.55,13.5));
#5634 = VECTOR('',#5635,1.);
#5635 = DIRECTION('',(7.105427357601E-15,-1.577721810442E-30,-1.));
#5636 = PCURVE('',#5584,#5637);
#5637 = DEFINITIONAL_REPRESENTATION('',(#5638),#5642);
#5638 = LINE('',#5639,#5640);
#5639 = CARTESIAN_POINT('',(1.215275348525E-14,0.4));
#5640 = VECTOR('',#5641,1.);
#5641 = DIRECTION('',(1.,-3.736531122127E-15));
#5642 = ( GEOMETRIC_REPRESENTATION_CONTEXT(2) 
PARAMETRIC_REPRESENTATION_CONTEXT() REPRESENTATION_CONTEXT('2D SPACE',''
  ) );
#5643 = ORIENTED_EDGE('',*,*,#5644,.F.);
#5644 = EDGE_CURVE('',#5576,#5629,#5645,.T.);
#5645 = SURFACE_CURVE('',#5646,(#5650),.PCURVE_S1.);
#5646 = LINE('',#5647,#5648);
#5647 = CARTESIAN_POINT('',(4.05,-16.15,13.5));
#5648 = VECTOR('',#5649,1.);
#5649 = DIRECTION('',(1.198328716958E-16,-1.,3.736531122127E-15));
#5650 = PCURVE('',#5584,#5651);
#5651 = DEFINITIONAL_REPRESENTATION('',(#5652),#5656);
#5652 = LINE('',#5653,#5654);
#5653 = CARTESIAN_POINT('',(0.,0.));
#5654 = VECTOR('',#5655,1.);
#5655 = DIRECTION('',(7.769274721758E-31,1.));
#5656 = ( GEOMETRIC_REPRESENTATION_CONTEXT(2) 
PARAMETRIC_REPRESENTATION_CONTEXT() REPRESENTATION_CONTEXT('2D SPACE',''
  ) );
#5657 = SHELL_BASED_SURFACE_MODEL('',(#5658));
#5658 = OPEN_SHELL('',(#5659));
#5659 = ADVANCED_FACE('',(#5660),#5674,.F.);
#5660 = FACE_BOUND('',#5661,.T.);
#5661 = EDGE_LOOP('',(#5662,#5685,#5701,#5717));
#5662 = ORIENTED_EDGE('',*,*,#5663,.F.);
#5663 = EDGE_CURVE('',#5664,#5666,#5668,.T.);
#5664 = VERTEX_POINT('',#5665);
#5665 = CARTESIAN_POINT('',(4.75,-16.15,16.7));
#5666 = VERTEX_POINT('',#5667);
#5667 = CARTESIAN_POINT('',(4.05,-16.15,16.7));
#5668 = SURFACE_CURVE('',#5669,(#5673),.PCURVE_S1.);
#5669 = LINE('',#5670,#5671);
#5670 = CARTESIAN_POINT('',(4.75,-16.15,16.7));
#5671 = VECTOR('',#5672,1.);
#5672 = DIRECTION('',(-1.,2.484455566064E-29,-1.143833291972E-17));
#5673 = PCURVE('',#5674,#5679);
#5674 = PLANE('',#5675);
#5675 = AXIS2_PLACEMENT_3D('',#5676,#5677,#5678);
#5676 = CARTESIAN_POINT('',(4.75,-16.15,16.7));
#5677 = DIRECTION('',(-1.143833291972E-17,-2.758299773102E-45,1.));
#5678 = DIRECTION('',(-1.,2.484455566064E-29,-1.143833291972E-17));
#5679 = DEFINITIONAL_REPRESENTATION('',(#5680),#5684);
#5680 = LINE('',#5681,#5682);
#5681 = CARTESIAN_POINT('',(-6.619919455446E-44,2.6645352591E-15));
#5682 = VECTOR('',#5683,1.);
#5683 = DIRECTION('',(1.,0.));
#5684 = ( GEOMETRIC_REPRESENTATION_CONTEXT(2) 
PARAMETRIC_REPRESENTATION_CONTEXT() REPRESENTATION_CONTEXT('2D SPACE',''
  ) );
#5685 = ORIENTED_EDGE('',*,*,#5686,.T.);
#5686 = EDGE_CURVE('',#5664,#5687,#5689,.T.);
#5687 = VERTEX_POINT('',#5688);
#5688 = CARTESIAN_POINT('',(4.75,-16.55,16.7));
#5689 = SURFACE_CURVE('',#5690,(#5694),.PCURVE_S1.);
#5690 = LINE('',#5691,#5692);
#5691 = CARTESIAN_POINT('',(4.75,-13.45,16.7));
#5692 = VECTOR('',#5693,1.);
#5693 = DIRECTION('',(-4.423027891862E-31,-1.,3.736531122127E-15));
#5694 = PCURVE('',#5674,#5695);
#5695 = DEFINITIONAL_REPRESENTATION('',(#5696),#5700);
#5696 = LINE('',#5697,#5698);
#5697 = CARTESIAN_POINT('',(8.881784197002E-16,-2.7));
#5698 = VECTOR('',#5699,1.);
#5699 = DIRECTION('',(-2.444499255839E-29,1.));
#5700 = ( GEOMETRIC_REPRESENTATION_CONTEXT(2) 
PARAMETRIC_REPRESENTATION_CONTEXT() REPRESENTATION_CONTEXT('2D SPACE',''
  ) );
#5701 = ORIENTED_EDGE('',*,*,#5702,.T.);
#5702 = EDGE_CURVE('',#5687,#5703,#5705,.T.);
#5703 = VERTEX_POINT('',#5704);
#5704 = CARTESIAN_POINT('',(4.05,-16.55,16.7));
#5705 = SURFACE_CURVE('',#5706,(#5710),.PCURVE_S1.);
#5706 = LINE('',#5707,#5708);
#5707 = CARTESIAN_POINT('',(5.25,-16.55,16.7));
#5708 = VECTOR('',#5709,1.);
#5709 = DIRECTION('',(-1.,-3.919366414379E-31,-6.994405055138E-15));
#5710 = PCURVE('',#5674,#5711);
#5711 = DEFINITIONAL_REPRESENTATION('',(#5712),#5716);
#5712 = LINE('',#5713,#5714);
#5713 = CARTESIAN_POINT('',(-0.5,0.4));
#5714 = VECTOR('',#5715,1.);
#5715 = DIRECTION('',(1.,2.523649230208E-29));
#5716 = ( GEOMETRIC_REPRESENTATION_CONTEXT(2) 
PARAMETRIC_REPRESENTATION_CONTEXT() REPRESENTATION_CONTEXT('2D SPACE',''
  ) );
#5717 = ORIENTED_EDGE('',*,*,#5718,.T.);
#5718 = EDGE_CURVE('',#5703,#5666,#5719,.T.);
#5719 = SURFACE_CURVE('',#5720,(#5724),.PCURVE_S1.);
#5720 = LINE('',#5721,#5722);
#5721 = CARTESIAN_POINT('',(4.05,-16.15,16.7));
#5722 = VECTOR('',#5723,1.);
#5723 = DIRECTION('',(-1.198328716958E-16,1.,-3.736531122127E-15));
#5724 = PCURVE('',#5674,#5725);
#5725 = DEFINITIONAL_REPRESENTATION('',(#5726),#5730);
#5726 = LINE('',#5727,#5728);
#5727 = CARTESIAN_POINT('',(0.7,-1.15463194561E-14));
#5728 = VECTOR('',#5729,1.);
#5729 = DIRECTION('',(1.198328716958E-16,-1.));
#5730 = ( GEOMETRIC_REPRESENTATION_CONTEXT(2) 
PARAMETRIC_REPRESENTATION_CONTEXT() REPRESENTATION_CONTEXT('2D SPACE',''
  ) );
#5731 = SHELL_BASED_SURFACE_MODEL('',(#5732));
#5732 = OPEN_SHELL('',(#5733));
#5733 = ADVANCED_FACE('',(#5734),#5748,.F.);
#5734 = FACE_BOUND('',#5735,.T.);
#5735 = EDGE_LOOP('',(#5736,#5759,#5775,#5791,#5807,#5823,#5839,#5855));
#5736 = ORIENTED_EDGE('',*,*,#5737,.T.);
#5737 = EDGE_CURVE('',#5738,#5740,#5742,.T.);
#5738 = VERTEX_POINT('',#5739);
#5739 = CARTESIAN_POINT('',(-4.75,-16.15,16.7));
#5740 = VERTEX_POINT('',#5741);
#5741 = CARTESIAN_POINT('',(-4.75,-16.15,18.5));
#5742 = SURFACE_CURVE('',#5743,(#5747),.PCURVE_S1.);
#5743 = LINE('',#5744,#5745);
#5744 = CARTESIAN_POINT('',(-4.75,-16.15,15.4));
#5745 = VECTOR('',#5746,1.);
#5746 = DIRECTION('',(-1.224606353822E-16,3.736531122127E-15,1.));
#5747 = PCURVE('',#5748,#5753);
#5748 = PLANE('',#5749);
#5749 = AXIS2_PLACEMENT_3D('',#5750,#5751,#5752);
#5750 = CARTESIAN_POINT('',(-4.75,-16.15,15.4));
#5751 = DIRECTION('',(1.198328716958E-16,-1.,1.640324670108E-30));
#5752 = DIRECTION('',(-7.105427357601E-15,7.88860905221E-31,1.));
#5753 = DEFINITIONAL_REPRESENTATION('',(#5754),#5758);
#5754 = LINE('',#5755,#5756);
#5755 = CARTESIAN_POINT('',(8.881784197001E-15,-6.113672015463E-29));
#5756 = VECTOR('',#5757,1.);
#5757 = DIRECTION('',(1.,-6.982966722219E-15));
#5758 = ( GEOMETRIC_REPRESENTATION_CONTEXT(2) 
PARAMETRIC_REPRESENTATION_CONTEXT() REPRESENTATION_CONTEXT('2D SPACE',''
  ) );
#5759 = ORIENTED_EDGE('',*,*,#5760,.T.);
#5760 = EDGE_CURVE('',#5740,#5761,#5763,.T.);
#5761 = VERTEX_POINT('',#5762);
#5762 = CARTESIAN_POINT('',(4.75,-16.15,18.5));
#5763 = SURFACE_CURVE('',#5764,(#5768),.PCURVE_S1.);
#5764 = LINE('',#5765,#5766);
#5765 = CARTESIAN_POINT('',(5.25,-16.15,18.5));
#5766 = VECTOR('',#5767,1.);
#5767 = DIRECTION('',(1.,-2.484455566064E-29,1.143833291972E-17));
#5768 = PCURVE('',#5748,#5769);
#5769 = DEFINITIONAL_REPRESENTATION('',(#5770),#5774);
#5770 = LINE('',#5771,#5772);
#5771 = CARTESIAN_POINT('',(3.1,-10.));
#5772 = VECTOR('',#5773,1.);
#5773 = DIRECTION('',(-7.093989024681E-15,-1.));
#5774 = ( GEOMETRIC_REPRESENTATION_CONTEXT(2) 
PARAMETRIC_REPRESENTATION_CONTEXT() REPRESENTATION_CONTEXT('2D SPACE',''
  ) );
#5775 = ORIENTED_EDGE('',*,*,#5776,.T.);
#5776 = EDGE_CURVE('',#5761,#5777,#5779,.T.);
#5777 = VERTEX_POINT('',#5778);
#5778 = CARTESIAN_POINT('',(4.75,-16.15,16.7));
#5779 = SURFACE_CURVE('',#5780,(#5784),.PCURVE_S1.);
#5780 = LINE('',#5781,#5782);
#5781 = CARTESIAN_POINT('',(4.75,-16.15,15.4));
#5782 = VECTOR('',#5783,1.);
#5783 = DIRECTION('',(1.224606353822E-16,-3.736531122127E-15,-1.));
#5784 = PCURVE('',#5748,#5785);
#5785 = DEFINITIONAL_REPRESENTATION('',(#5786),#5790);
#5786 = LINE('',#5787,#5788);
#5787 = CARTESIAN_POINT('',(-5.828670879282E-14,-9.5));
#5788 = VECTOR('',#5789,1.);
#5789 = DIRECTION('',(-1.,6.982966722219E-15));
#5790 = ( GEOMETRIC_REPRESENTATION_CONTEXT(2) 
PARAMETRIC_REPRESENTATION_CONTEXT() REPRESENTATION_CONTEXT('2D SPACE',''
  ) );
#5791 = ORIENTED_EDGE('',*,*,#5792,.T.);
#5792 = EDGE_CURVE('',#5777,#5793,#5795,.T.);
#5793 = VERTEX_POINT('',#5794);
#5794 = CARTESIAN_POINT('',(4.05,-16.15,16.7));
#5795 = SURFACE_CURVE('',#5796,(#5800),.PCURVE_S1.);
#5796 = LINE('',#5797,#5798);
#5797 = CARTESIAN_POINT('',(4.75,-16.15,16.7));
#5798 = VECTOR('',#5799,1.);
#5799 = DIRECTION('',(-1.,2.484455566064E-29,-1.143833291972E-17));
#5800 = PCURVE('',#5748,#5801);
#5801 = DEFINITIONAL_REPRESENTATION('',(#5802),#5806);
#5802 = LINE('',#5803,#5804);
#5803 = CARTESIAN_POINT('',(1.3,-9.5));
#5804 = VECTOR('',#5805,1.);
#5805 = DIRECTION('',(7.093989024681E-15,1.));
#5806 = ( GEOMETRIC_REPRESENTATION_CONTEXT(2) 
PARAMETRIC_REPRESENTATION_CONTEXT() REPRESENTATION_CONTEXT('2D SPACE',''
  ) );
#5807 = ORIENTED_EDGE('',*,*,#5808,.T.);
#5808 = EDGE_CURVE('',#5793,#5809,#5811,.T.);
#5809 = VERTEX_POINT('',#5810);
#5810 = CARTESIAN_POINT('',(4.05,-16.15,15.4));
#5811 = SURFACE_CURVE('',#5812,(#5816),.PCURVE_S1.);
#5812 = LINE('',#5813,#5814);
#5813 = CARTESIAN_POINT('',(4.05,-16.15,13.5));
#5814 = VECTOR('',#5815,1.);
#5815 = DIRECTION('',(1.224606353822E-16,-3.736531122127E-15,-1.));
#5816 = PCURVE('',#5748,#5817);
#5817 = DEFINITIONAL_REPRESENTATION('',(#5818),#5822);
#5818 = LINE('',#5819,#5820);
#5819 = CARTESIAN_POINT('',(-1.9,-8.8));
#5820 = VECTOR('',#5821,1.);
#5821 = DIRECTION('',(-1.,6.982966722219E-15));
#5822 = ( GEOMETRIC_REPRESENTATION_CONTEXT(2) 
PARAMETRIC_REPRESENTATION_CONTEXT() REPRESENTATION_CONTEXT('2D SPACE',''
  ) );
#5823 = ORIENTED_EDGE('',*,*,#5824,.F.);
#5824 = EDGE_CURVE('',#5825,#5809,#5827,.T.);
#5825 = VERTEX_POINT('',#5826);
#5826 = CARTESIAN_POINT('',(-4.05,-16.15,15.4));
#5827 = SURFACE_CURVE('',#5828,(#5832),.PCURVE_S1.);
#5828 = LINE('',#5829,#5830);
#5829 = CARTESIAN_POINT('',(-4.75,-16.15,15.4));
#5830 = VECTOR('',#5831,1.);
#5831 = DIRECTION('',(1.,1.198328716958E-16,6.994405055138E-15));
#5832 = PCURVE('',#5748,#5833);
#5833 = DEFINITIONAL_REPRESENTATION('',(#5834),#5838);
#5834 = LINE('',#5835,#5836);
#5835 = CARTESIAN_POINT('',(-3.552713678801E-15,2.445468806185E-29));
#5836 = VECTOR('',#5837,1.);
#5837 = DIRECTION('',(-1.110223024625E-16,-1.));
#5838 = ( GEOMETRIC_REPRESENTATION_CONTEXT(2) 
PARAMETRIC_REPRESENTATION_CONTEXT() REPRESENTATION_CONTEXT('2D SPACE',''
  ) );
#5839 = ORIENTED_EDGE('',*,*,#5840,.T.);
#5840 = EDGE_CURVE('',#5825,#5841,#5843,.T.);
#5841 = VERTEX_POINT('',#5842);
#5842 = CARTESIAN_POINT('',(-4.05,-16.15,16.7));
#5843 = SURFACE_CURVE('',#5844,(#5848),.PCURVE_S1.);
#5844 = LINE('',#5845,#5846);
#5845 = CARTESIAN_POINT('',(-4.05,-16.15,13.5));
#5846 = VECTOR('',#5847,1.);
#5847 = DIRECTION('',(-1.224606353822E-16,3.736531122127E-15,1.));
#5848 = PCURVE('',#5748,#5849);
#5849 = DEFINITIONAL_REPRESENTATION('',(#5850),#5854);
#5850 = LINE('',#5851,#5852);
#5851 = CARTESIAN_POINT('',(-1.9,-0.7));
#5852 = VECTOR('',#5853,1.);
#5853 = DIRECTION('',(1.,-6.982966722219E-15));
#5854 = ( GEOMETRIC_REPRESENTATION_CONTEXT(2) 
PARAMETRIC_REPRESENTATION_CONTEXT() REPRESENTATION_CONTEXT('2D SPACE',''
  ) );
#5855 = ORIENTED_EDGE('',*,*,#5856,.T.);
#5856 = EDGE_CURVE('',#5841,#5738,#5857,.T.);
#5857 = SURFACE_CURVE('',#5858,(#5862),.PCURVE_S1.);
#5858 = LINE('',#5859,#5860);
#5859 = CARTESIAN_POINT('',(-4.75,-16.15,16.7));
#5860 = VECTOR('',#5861,1.);
#5861 = DIRECTION('',(-1.,2.484455566064E-29,-1.143833291972E-17));
#5862 = PCURVE('',#5748,#5863);
#5863 = DEFINITIONAL_REPRESENTATION('',(#5864),#5868);
#5864 = LINE('',#5865,#5866);
#5865 = CARTESIAN_POINT('',(1.3,-8.948397578479E-15));
#5866 = VECTOR('',#5867,1.);
#5867 = DIRECTION('',(7.093989024681E-15,1.));
#5868 = ( GEOMETRIC_REPRESENTATION_CONTEXT(2) 
PARAMETRIC_REPRESENTATION_CONTEXT() REPRESENTATION_CONTEXT('2D SPACE',''
  ) );
#5869 = SHELL_BASED_SURFACE_MODEL('',(#5870));
#5870 = OPEN_SHELL('',(#5871));
#5871 = ADVANCED_FACE('',(#5872),#5886,.F.);
#5872 = FACE_BOUND('',#5873,.T.);
#5873 = EDGE_LOOP('',(#5874,#5897,#5913,#5929));
#5874 = ORIENTED_EDGE('',*,*,#5875,.F.);
#5875 = EDGE_CURVE('',#5876,#5878,#5880,.T.);
#5876 = VERTEX_POINT('',#5877);
#5877 = CARTESIAN_POINT('',(-4.05,-16.15,16.7));
#5878 = VERTEX_POINT('',#5879);
#5879 = CARTESIAN_POINT('',(-4.75,-16.15,16.7));
#5880 = SURFACE_CURVE('',#5881,(#5885),.PCURVE_S1.);
#5881 = LINE('',#5882,#5883);
#5882 = CARTESIAN_POINT('',(-4.75,-16.15,16.7));
#5883 = VECTOR('',#5884,1.);
#5884 = DIRECTION('',(-1.,2.484455566064E-29,-1.143833291972E-17));
#5885 = PCURVE('',#5886,#5891);
#5886 = PLANE('',#5887);
#5887 = AXIS2_PLACEMENT_3D('',#5888,#5889,#5890);
#5888 = CARTESIAN_POINT('',(-4.75,-16.15,16.7));
#5889 = DIRECTION('',(-1.143833291972E-17,-2.758299773102E-45,1.));
#5890 = DIRECTION('',(-1.,2.484455566064E-29,-1.143833291972E-17));
#5891 = DEFINITIONAL_REPRESENTATION('',(#5892),#5896);
#5892 = LINE('',#5893,#5894);
#5893 = CARTESIAN_POINT('',(6.619919455446E-44,-2.6645352591E-15));
#5894 = VECTOR('',#5895,1.);
#5895 = DIRECTION('',(1.,0.));
#5896 = ( GEOMETRIC_REPRESENTATION_CONTEXT(2) 
PARAMETRIC_REPRESENTATION_CONTEXT() REPRESENTATION_CONTEXT('2D SPACE',''
  ) );
#5897 = ORIENTED_EDGE('',*,*,#5898,.F.);
#5898 = EDGE_CURVE('',#5899,#5876,#5901,.T.);
#5899 = VERTEX_POINT('',#5900);
#5900 = CARTESIAN_POINT('',(-4.05,-16.55,16.7));
#5901 = SURFACE_CURVE('',#5902,(#5906),.PCURVE_S1.);
#5902 = LINE('',#5903,#5904);
#5903 = CARTESIAN_POINT('',(-4.05,-16.15,16.7));
#5904 = VECTOR('',#5905,1.);
#5905 = DIRECTION('',(2.522121711592E-29,1.,2.366582715663E-30));
#5906 = PCURVE('',#5886,#5907);
#5907 = DEFINITIONAL_REPRESENTATION('',(#5908),#5912);
#5908 = LINE('',#5909,#5910);
#5909 = CARTESIAN_POINT('',(-0.7,-1.739118896245E-29));
#5910 = VECTOR('',#5911,1.);
#5911 = DIRECTION('',(-3.766614552829E-31,-1.));
#5912 = ( GEOMETRIC_REPRESENTATION_CONTEXT(2) 
PARAMETRIC_REPRESENTATION_CONTEXT() REPRESENTATION_CONTEXT('2D SPACE',''
  ) );
#5913 = ORIENTED_EDGE('',*,*,#5914,.T.);
#5914 = EDGE_CURVE('',#5899,#5915,#5917,.T.);
#5915 = VERTEX_POINT('',#5916);
#5916 = CARTESIAN_POINT('',(-4.75,-16.55,16.7));
#5917 = SURFACE_CURVE('',#5918,(#5922),.PCURVE_S1.);
#5918 = LINE('',#5919,#5920);
#5919 = CARTESIAN_POINT('',(5.25,-16.55,16.7));
#5920 = VECTOR('',#5921,1.);
#5921 = DIRECTION('',(-1.,-3.919366414379E-31,-6.994405055138E-15));
#5922 = PCURVE('',#5886,#5923);
#5923 = DEFINITIONAL_REPRESENTATION('',(#5924),#5928);
#5924 = LINE('',#5925,#5926);
#5925 = CARTESIAN_POINT('',(-10.,0.4));
#5926 = VECTOR('',#5927,1.);
#5927 = DIRECTION('',(1.,2.523649230208E-29));
#5928 = ( GEOMETRIC_REPRESENTATION_CONTEXT(2) 
PARAMETRIC_REPRESENTATION_CONTEXT() REPRESENTATION_CONTEXT('2D SPACE',''
  ) );
#5929 = ORIENTED_EDGE('',*,*,#5930,.T.);
#5930 = EDGE_CURVE('',#5915,#5878,#5931,.T.);
#5931 = SURFACE_CURVE('',#5932,(#5936),.PCURVE_S1.);
#5932 = LINE('',#5933,#5934);
#5933 = CARTESIAN_POINT('',(-4.75,-13.45,16.7));
#5934 = VECTOR('',#5935,1.);
#5935 = DIRECTION('',(4.423027891862E-31,1.,-3.736531122127E-15));
#5936 = PCURVE('',#5886,#5937);
#5937 = DEFINITIONAL_REPRESENTATION('',(#5938),#5942);
#5938 = LINE('',#5939,#5940);
#5939 = CARTESIAN_POINT('',(1.7763568394E-15,-2.7));
#5940 = VECTOR('',#5941,1.);
#5941 = DIRECTION('',(2.444499255839E-29,-1.));
#5942 = ( GEOMETRIC_REPRESENTATION_CONTEXT(2) 
PARAMETRIC_REPRESENTATION_CONTEXT() REPRESENTATION_CONTEXT('2D SPACE',''
  ) );
#5943 = SHELL_BASED_SURFACE_MODEL('',(#5944));
#5944 = OPEN_SHELL('',(#5945));
#5945 = ADVANCED_FACE('',(#5946),#5960,.F.);
#5946 = FACE_BOUND('',#5947,.T.);
#5947 = EDGE_LOOP('',(#5948,#5971,#5987,#6003,#6019,#6035,#6051,#6067,
    #6083,#6099,#6115,#6131));
#5948 = ORIENTED_EDGE('',*,*,#5949,.F.);
#5949 = EDGE_CURVE('',#5950,#5952,#5954,.T.);
#5950 = VERTEX_POINT('',#5951);
#5951 = CARTESIAN_POINT('',(-4.05,-16.55,16.7));
#5952 = VERTEX_POINT('',#5953);
#5953 = CARTESIAN_POINT('',(-4.75,-16.55,16.7));
#5954 = SURFACE_CURVE('',#5955,(#5959),.PCURVE_S1.);
#5955 = LINE('',#5956,#5957);
#5956 = CARTESIAN_POINT('',(5.25,-16.55,16.7));
#5957 = VECTOR('',#5958,1.);
#5958 = DIRECTION('',(-1.,-3.919366414379E-31,-6.994405055138E-15));
#5959 = PCURVE('',#5960,#5965);
#5960 = PLANE('',#5961);
#5961 = AXIS2_PLACEMENT_3D('',#5962,#5963,#5964);
#5962 = CARTESIAN_POINT('',(5.25,-16.55,13.5));
#5963 = DIRECTION('',(-1.527518615503E-32,1.,-1.577721810442E-30));
#5964 = DIRECTION('',(7.105427357601E-15,-1.577721810442E-30,-1.));
#5965 = DEFINITIONAL_REPRESENTATION('',(#5966),#5970);
#5966 = LINE('',#5967,#5968);
#5967 = CARTESIAN_POINT('',(-3.2,-7.105427357606E-16));
#5968 = VECTOR('',#5969,1.);
#5969 = DIRECTION('',(-1.110223024625E-16,1.));
#5970 = ( GEOMETRIC_REPRESENTATION_CONTEXT(2) 
PARAMETRIC_REPRESENTATION_CONTEXT() REPRESENTATION_CONTEXT('2D SPACE',''
  ) );
#5971 = ORIENTED_EDGE('',*,*,#5972,.F.);
#5972 = EDGE_CURVE('',#5973,#5950,#5975,.T.);
#5973 = VERTEX_POINT('',#5974);
#5974 = CARTESIAN_POINT('',(-4.05,-16.55,13.5));
#5975 = SURFACE_CURVE('',#5976,(#5980),.PCURVE_S1.);
#5976 = LINE('',#5977,#5978);
#5977 = CARTESIAN_POINT('',(-4.05,-16.55,13.5));
#5978 = VECTOR('',#5979,1.);
#5979 = DIRECTION('',(-7.105427357601E-15,1.577721810442E-30,1.));
#5980 = PCURVE('',#5960,#5981);
#5981 = DEFINITIONAL_REPRESENTATION('',(#5982),#5986);
#5982 = LINE('',#5983,#5984);
#5983 = CARTESIAN_POINT('',(-1.842970220878E-15,9.3));
#5984 = VECTOR('',#5985,1.);
#5985 = DIRECTION('',(-1.,0.));
#5986 = ( GEOMETRIC_REPRESENTATION_CONTEXT(2) 
PARAMETRIC_REPRESENTATION_CONTEXT() REPRESENTATION_CONTEXT('2D SPACE',''
  ) );
#5987 = ORIENTED_EDGE('',*,*,#5988,.T.);
#5988 = EDGE_CURVE('',#5973,#5989,#5991,.T.);
#5989 = VERTEX_POINT('',#5990);
#5990 = CARTESIAN_POINT('',(4.05,-16.55,13.5));
#5991 = SURFACE_CURVE('',#5992,(#5996),.PCURVE_S1.);
#5992 = LINE('',#5993,#5994);
#5993 = CARTESIAN_POINT('',(5.25,-16.55,13.5));
#5994 = VECTOR('',#5995,1.);
#5995 = DIRECTION('',(1.,-2.484455566064E-29,1.143833291972E-17));
#5996 = PCURVE('',#5960,#5997);
#5997 = DEFINITIONAL_REPRESENTATION('',(#5998),#6002);
#5998 = LINE('',#5999,#6000);
#5999 = CARTESIAN_POINT('',(0.,0.));
#6000 = VECTOR('',#6001,1.);
#6001 = DIRECTION('',(7.093989024681E-15,-1.));
#6002 = ( GEOMETRIC_REPRESENTATION_CONTEXT(2) 
PARAMETRIC_REPRESENTATION_CONTEXT() REPRESENTATION_CONTEXT('2D SPACE',''
  ) );
#6003 = ORIENTED_EDGE('',*,*,#6004,.F.);
#6004 = EDGE_CURVE('',#6005,#5989,#6007,.T.);
#6005 = VERTEX_POINT('',#6006);
#6006 = CARTESIAN_POINT('',(4.05,-16.55,16.7));
#6007 = SURFACE_CURVE('',#6008,(#6012),.PCURVE_S1.);
#6008 = LINE('',#6009,#6010);
#6009 = CARTESIAN_POINT('',(4.05,-16.55,13.5));
#6010 = VECTOR('',#6011,1.);
#6011 = DIRECTION('',(7.105427357601E-15,-1.577721810442E-30,-1.));
#6012 = PCURVE('',#5960,#6013);
#6013 = DEFINITIONAL_REPRESENTATION('',(#6014),#6018);
#6014 = LINE('',#6015,#6016);
#6015 = CARTESIAN_POINT('',(6.217248937902E-16,1.2));
#6016 = VECTOR('',#6017,1.);
#6017 = DIRECTION('',(1.,0.));
#6018 = ( GEOMETRIC_REPRESENTATION_CONTEXT(2) 
PARAMETRIC_REPRESENTATION_CONTEXT() REPRESENTATION_CONTEXT('2D SPACE',''
  ) );
#6019 = ORIENTED_EDGE('',*,*,#6020,.F.);
#6020 = EDGE_CURVE('',#6021,#6005,#6023,.T.);
#6021 = VERTEX_POINT('',#6022);
#6022 = CARTESIAN_POINT('',(4.75,-16.55,16.7));
#6023 = SURFACE_CURVE('',#6024,(#6028),.PCURVE_S1.);
#6024 = LINE('',#6025,#6026);
#6025 = CARTESIAN_POINT('',(5.25,-16.55,16.7));
#6026 = VECTOR('',#6027,1.);
#6027 = DIRECTION('',(-1.,-3.919366414379E-31,-6.994405055138E-15));
#6028 = PCURVE('',#5960,#6029);
#6029 = DEFINITIONAL_REPRESENTATION('',(#6030),#6034);
#6030 = LINE('',#6031,#6032);
#6031 = CARTESIAN_POINT('',(-3.2,-7.105427357601E-16));
#6032 = VECTOR('',#6033,1.);
#6033 = DIRECTION('',(-1.110223024625E-16,1.));
#6034 = ( GEOMETRIC_REPRESENTATION_CONTEXT(2) 
PARAMETRIC_REPRESENTATION_CONTEXT() REPRESENTATION_CONTEXT('2D SPACE',''
  ) );
#6035 = ORIENTED_EDGE('',*,*,#6036,.F.);
#6036 = EDGE_CURVE('',#6037,#6021,#6039,.T.);
#6037 = VERTEX_POINT('',#6038);
#6038 = CARTESIAN_POINT('',(4.75,-16.55,13.5));
#6039 = SURFACE_CURVE('',#6040,(#6044),.PCURVE_S1.);
#6040 = LINE('',#6041,#6042);
#6041 = CARTESIAN_POINT('',(4.75,-16.55,13.5));
#6042 = VECTOR('',#6043,1.);
#6043 = DIRECTION('',(-7.105427357601E-15,1.577721810442E-30,1.));
#6044 = PCURVE('',#5960,#6045);
#6045 = DEFINITIONAL_REPRESENTATION('',(#6046),#6050);
#6046 = LINE('',#6047,#6048);
#6047 = CARTESIAN_POINT('',(1.110223024625E-16,0.5));
#6048 = VECTOR('',#6049,1.);
#6049 = DIRECTION('',(-1.,0.));
#6050 = ( GEOMETRIC_REPRESENTATION_CONTEXT(2) 
PARAMETRIC_REPRESENTATION_CONTEXT() REPRESENTATION_CONTEXT('2D SPACE',''
  ) );
#6051 = ORIENTED_EDGE('',*,*,#6052,.T.);
#6052 = EDGE_CURVE('',#6037,#6053,#6055,.T.);
#6053 = VERTEX_POINT('',#6054);
#6054 = CARTESIAN_POINT('',(5.25,-16.55,13.5));
#6055 = SURFACE_CURVE('',#6056,(#6060),.PCURVE_S1.);
#6056 = LINE('',#6057,#6058);
#6057 = CARTESIAN_POINT('',(5.25,-16.55,13.5));
#6058 = VECTOR('',#6059,1.);
#6059 = DIRECTION('',(1.,-2.484455566064E-29,1.143833291972E-17));
#6060 = PCURVE('',#5960,#6061);
#6061 = DEFINITIONAL_REPRESENTATION('',(#6062),#6066);
#6062 = LINE('',#6063,#6064);
#6063 = CARTESIAN_POINT('',(0.,0.));
#6064 = VECTOR('',#6065,1.);
#6065 = DIRECTION('',(7.093989024681E-15,-1.));
#6066 = ( GEOMETRIC_REPRESENTATION_CONTEXT(2) 
PARAMETRIC_REPRESENTATION_CONTEXT() REPRESENTATION_CONTEXT('2D SPACE',''
  ) );
#6067 = ORIENTED_EDGE('',*,*,#6068,.T.);
#6068 = EDGE_CURVE('',#6053,#6069,#6071,.T.);
#6069 = VERTEX_POINT('',#6070);
#6070 = CARTESIAN_POINT('',(5.25,-16.55,18.5));
#6071 = SURFACE_CURVE('',#6072,(#6076),.PCURVE_S1.);
#6072 = LINE('',#6073,#6074);
#6073 = CARTESIAN_POINT('',(5.25,-16.55,18.5));
#6074 = VECTOR('',#6075,1.);
#6075 = DIRECTION('',(-1.224606353822E-16,3.736531122127E-15,1.));
#6076 = PCURVE('',#5960,#6077);
#6077 = DEFINITIONAL_REPRESENTATION('',(#6078),#6082);
#6078 = LINE('',#6079,#6080);
#6079 = CARTESIAN_POINT('',(-5.,-3.619327060278E-14));
#6080 = VECTOR('',#6081,1.);
#6081 = DIRECTION('',(-1.,-6.982966722219E-15));
#6082 = ( GEOMETRIC_REPRESENTATION_CONTEXT(2) 
PARAMETRIC_REPRESENTATION_CONTEXT() REPRESENTATION_CONTEXT('2D SPACE',''
  ) );
#6083 = ORIENTED_EDGE('',*,*,#6084,.F.);
#6084 = EDGE_CURVE('',#6085,#6069,#6087,.T.);
#6085 = VERTEX_POINT('',#6086);
#6086 = CARTESIAN_POINT('',(-5.25,-16.55,18.5));
#6087 = SURFACE_CURVE('',#6088,(#6092),.PCURVE_S1.);
#6088 = LINE('',#6089,#6090);
#6089 = CARTESIAN_POINT('',(5.25,-16.55,18.5));
#6090 = VECTOR('',#6091,1.);
#6091 = DIRECTION('',(1.,3.919366414379E-31,6.994405055138E-15));
#6092 = PCURVE('',#5960,#6093);
#6093 = DEFINITIONAL_REPRESENTATION('',(#6094),#6098);
#6094 = LINE('',#6095,#6096);
#6095 = CARTESIAN_POINT('',(-5.,2.220446049245E-16));
#6096 = VECTOR('',#6097,1.);
#6097 = DIRECTION('',(1.110223024625E-16,-1.));
#6098 = ( GEOMETRIC_REPRESENTATION_CONTEXT(2) 
PARAMETRIC_REPRESENTATION_CONTEXT() REPRESENTATION_CONTEXT('2D SPACE',''
  ) );
#6099 = ORIENTED_EDGE('',*,*,#6100,.F.);
#6100 = EDGE_CURVE('',#6101,#6085,#6103,.T.);
#6101 = VERTEX_POINT('',#6102);
#6102 = CARTESIAN_POINT('',(-5.25,-16.55,13.5));
#6103 = SURFACE_CURVE('',#6104,(#6108),.PCURVE_S1.);
#6104 = LINE('',#6105,#6106);
#6105 = CARTESIAN_POINT('',(-5.25,-16.55,18.5));
#6106 = VECTOR('',#6107,1.);
#6107 = DIRECTION('',(-1.224606353822E-16,3.736531122127E-15,1.));
#6108 = PCURVE('',#5960,#6109);
#6109 = DEFINITIONAL_REPRESENTATION('',(#6110),#6114);
#6110 = LINE('',#6111,#6112);
#6111 = CARTESIAN_POINT('',(-5.,10.5));
#6112 = VECTOR('',#6113,1.);
#6113 = DIRECTION('',(-1.,-6.982966722219E-15));
#6114 = ( GEOMETRIC_REPRESENTATION_CONTEXT(2) 
PARAMETRIC_REPRESENTATION_CONTEXT() REPRESENTATION_CONTEXT('2D SPACE',''
  ) );
#6115 = ORIENTED_EDGE('',*,*,#6116,.T.);
#6116 = EDGE_CURVE('',#6101,#6117,#6119,.T.);
#6117 = VERTEX_POINT('',#6118);
#6118 = CARTESIAN_POINT('',(-4.75,-16.55,13.5));
#6119 = SURFACE_CURVE('',#6120,(#6124),.PCURVE_S1.);
#6120 = LINE('',#6121,#6122);
#6121 = CARTESIAN_POINT('',(5.25,-16.55,13.5));
#6122 = VECTOR('',#6123,1.);
#6123 = DIRECTION('',(1.,-2.484455566064E-29,1.143833291972E-17));
#6124 = PCURVE('',#5960,#6125);
#6125 = DEFINITIONAL_REPRESENTATION('',(#6126),#6130);
#6126 = LINE('',#6127,#6128);
#6127 = CARTESIAN_POINT('',(0.,0.));
#6128 = VECTOR('',#6129,1.);
#6129 = DIRECTION('',(7.093989024681E-15,-1.));
#6130 = ( GEOMETRIC_REPRESENTATION_CONTEXT(2) 
PARAMETRIC_REPRESENTATION_CONTEXT() REPRESENTATION_CONTEXT('2D SPACE',''
  ) );
#6131 = ORIENTED_EDGE('',*,*,#6132,.F.);
#6132 = EDGE_CURVE('',#5952,#6117,#6133,.T.);
#6133 = SURFACE_CURVE('',#6134,(#6138),.PCURVE_S1.);
#6134 = LINE('',#6135,#6136);
#6135 = CARTESIAN_POINT('',(-4.75,-16.55,13.5));
#6136 = VECTOR('',#6137,1.);
#6137 = DIRECTION('',(7.105427357601E-15,-1.577721810442E-30,-1.));
#6138 = PCURVE('',#5960,#6139);
#6139 = DEFINITIONAL_REPRESENTATION('',(#6140),#6144);
#6140 = LINE('',#6141,#6142);
#6141 = CARTESIAN_POINT('',(-1.33226762955E-15,10.));
#6142 = VECTOR('',#6143,1.);
#6143 = DIRECTION('',(1.,0.));
#6144 = ( GEOMETRIC_REPRESENTATION_CONTEXT(2) 
PARAMETRIC_REPRESENTATION_CONTEXT() REPRESENTATION_CONTEXT('2D SPACE',''
  ) );
#6145 = SHELL_BASED_SURFACE_MODEL('',(#6146));
#6146 = OPEN_SHELL('',(#6147));
#6147 = ADVANCED_FACE('',(#6148),#6162,.T.);
#6148 = FACE_BOUND('',#6149,.T.);
#6149 = EDGE_LOOP('',(#6150,#6173,#6189,#6205,#6221,#6237,#6253,#6269));
#6150 = ORIENTED_EDGE('',*,*,#6151,.T.);
#6151 = EDGE_CURVE('',#6152,#6154,#6156,.T.);
#6152 = VERTEX_POINT('',#6153);
#6153 = CARTESIAN_POINT('',(-5.25,-12.85,18.5));
#6154 = VERTEX_POINT('',#6155);
#6155 = CARTESIAN_POINT('',(-5.25,-12.85,13.5));
#6156 = SURFACE_CURVE('',#6157,(#6161),.PCURVE_S1.);
#6157 = LINE('',#6158,#6159);
#6158 = CARTESIAN_POINT('',(-5.25,-12.85,13.5));
#6159 = VECTOR('',#6160,1.);
#6160 = DIRECTION('',(7.105427357601E-15,-1.577721810442E-30,-1.));
#6161 = PCURVE('',#6162,#6167);
#6162 = PLANE('',#6163);
#6163 = AXIS2_PLACEMENT_3D('',#6164,#6165,#6166);
#6164 = CARTESIAN_POINT('',(-5.25,-16.55,18.5));
#6165 = DIRECTION('',(-1.,-8.067749298393E-31,-1.224606353822E-16));
#6166 = DIRECTION('',(1.224606353822E-16,-3.736531122127E-15,-1.));
#6167 = DEFINITIONAL_REPRESENTATION('',(#6168),#6172);
#6168 = LINE('',#6169,#6170);
#6169 = CARTESIAN_POINT('',(5.,-3.7));
#6170 = VECTOR('',#6171,1.);
#6171 = DIRECTION('',(1.,-3.736531122127E-15));
#6172 = ( GEOMETRIC_REPRESENTATION_CONTEXT(2) 
PARAMETRIC_REPRESENTATION_CONTEXT() REPRESENTATION_CONTEXT('2D SPACE',''
  ) );
#6173 = ORIENTED_EDGE('',*,*,#6174,.T.);
#6174 = EDGE_CURVE('',#6154,#6175,#6177,.T.);
#6175 = VERTEX_POINT('',#6176);
#6176 = CARTESIAN_POINT('',(-5.25,-16.55,13.5));
#6177 = SURFACE_CURVE('',#6178,(#6182),.PCURVE_S1.);
#6178 = LINE('',#6179,#6180);
#6179 = CARTESIAN_POINT('',(-5.25,-16.55,13.5));
#6180 = VECTOR('',#6181,1.);
#6181 = DIRECTION('',(-2.522121711592E-29,-1.,-2.366582715663E-30));
#6182 = PCURVE('',#6162,#6183);
#6183 = DEFINITIONAL_REPRESENTATION('',(#6184),#6188);
#6184 = LINE('',#6185,#6186);
#6185 = CARTESIAN_POINT('',(5.,-1.868265561064E-14));
#6186 = VECTOR('',#6187,1.);
#6187 = DIRECTION('',(3.736531122127E-15,1.));
#6188 = ( GEOMETRIC_REPRESENTATION_CONTEXT(2) 
PARAMETRIC_REPRESENTATION_CONTEXT() REPRESENTATION_CONTEXT('2D SPACE',''
  ) );
#6189 = ORIENTED_EDGE('',*,*,#6190,.T.);
#6190 = EDGE_CURVE('',#6175,#6191,#6193,.T.);
#6191 = VERTEX_POINT('',#6192);
#6192 = CARTESIAN_POINT('',(-5.25,-16.55,18.5));
#6193 = SURFACE_CURVE('',#6194,(#6198),.PCURVE_S1.);
#6194 = LINE('',#6195,#6196);
#6195 = CARTESIAN_POINT('',(-5.25,-16.55,18.5));
#6196 = VECTOR('',#6197,1.);
#6197 = DIRECTION('',(-1.224606353822E-16,3.736531122127E-15,1.));
#6198 = PCURVE('',#6162,#6199);
#6199 = DEFINITIONAL_REPRESENTATION('',(#6200),#6204);
#6200 = LINE('',#6201,#6202);
#6201 = CARTESIAN_POINT('',(-6.969283245144E-29,-1.86517468137E-14));
#6202 = VECTOR('',#6203,1.);
#6203 = DIRECTION('',(-1.,1.173969058359E-46));
#6204 = ( GEOMETRIC_REPRESENTATION_CONTEXT(2) 
PARAMETRIC_REPRESENTATION_CONTEXT() REPRESENTATION_CONTEXT('2D SPACE',''
  ) );
#6205 = ORIENTED_EDGE('',*,*,#6206,.T.);
#6206 = EDGE_CURVE('',#6191,#6207,#6209,.T.);
#6207 = VERTEX_POINT('',#6208);
#6208 = CARTESIAN_POINT('',(-5.25,-15.6,18.5));
#6209 = SURFACE_CURVE('',#6210,(#6214),.PCURVE_S1.);
#6210 = LINE('',#6211,#6212);
#6211 = CARTESIAN_POINT('',(-5.25,-16.55,18.5));
#6212 = VECTOR('',#6213,1.);
#6213 = DIRECTION('',(2.522121711592E-29,1.,2.366582715663E-30));
#6214 = PCURVE('',#6162,#6215);
#6215 = DEFINITIONAL_REPRESENTATION('',(#6216),#6220);
#6216 = LINE('',#6217,#6218);
#6217 = CARTESIAN_POINT('',(-1.7763568394E-15,6.637412614423E-30));
#6218 = VECTOR('',#6219,1.);
#6219 = DIRECTION('',(-3.736531122127E-15,-1.));
#6220 = ( GEOMETRIC_REPRESENTATION_CONTEXT(2) 
PARAMETRIC_REPRESENTATION_CONTEXT() REPRESENTATION_CONTEXT('2D SPACE',''
  ) );
#6221 = ORIENTED_EDGE('',*,*,#6222,.T.);
#6222 = EDGE_CURVE('',#6207,#6223,#6225,.T.);
#6223 = VERTEX_POINT('',#6224);
#6224 = CARTESIAN_POINT('',(-5.25,-15.6,16.7));
#6225 = SURFACE_CURVE('',#6226,(#6230),.PCURVE_S1.);
#6226 = LINE('',#6227,#6228);
#6227 = CARTESIAN_POINT('',(-5.25,-15.6,18.5));
#6228 = VECTOR('',#6229,1.);
#6229 = DIRECTION('',(1.224606353822E-16,-3.736531122127E-15,-1.));
#6230 = PCURVE('',#6162,#6231);
#6231 = DEFINITIONAL_REPRESENTATION('',(#6232),#6236);
#6232 = LINE('',#6233,#6234);
#6233 = CARTESIAN_POINT('',(3.009112779555E-18,-0.95));
#6234 = VECTOR('',#6235,1.);
#6235 = DIRECTION('',(1.,-1.173969058359E-46));
#6236 = ( GEOMETRIC_REPRESENTATION_CONTEXT(2) 
PARAMETRIC_REPRESENTATION_CONTEXT() REPRESENTATION_CONTEXT('2D SPACE',''
  ) );
#6237 = ORIENTED_EDGE('',*,*,#6238,.T.);
#6238 = EDGE_CURVE('',#6223,#6239,#6241,.T.);
#6239 = VERTEX_POINT('',#6240);
#6240 = CARTESIAN_POINT('',(-5.25,-14.8,16.7));
#6241 = SURFACE_CURVE('',#6242,(#6246),.PCURVE_S1.);
#6242 = LINE('',#6243,#6244);
#6243 = CARTESIAN_POINT('',(-5.25,-16.55,16.7));
#6244 = VECTOR('',#6245,1.);
#6245 = DIRECTION('',(4.423027891862E-31,1.,-3.736531122127E-15));
#6246 = PCURVE('',#6162,#6247);
#6247 = DEFINITIONAL_REPRESENTATION('',(#6248),#6252);
#6248 = LINE('',#6249,#6250);
#6249 = CARTESIAN_POINT('',(1.8,3.796713377719E-16));
#6250 = VECTOR('',#6251,1.);
#6251 = DIRECTION('',(-7.88860905221E-31,-1.));
#6252 = ( GEOMETRIC_REPRESENTATION_CONTEXT(2) 
PARAMETRIC_REPRESENTATION_CONTEXT() REPRESENTATION_CONTEXT('2D SPACE',''
  ) );
#6253 = ORIENTED_EDGE('',*,*,#6254,.T.);
#6254 = EDGE_CURVE('',#6239,#6255,#6257,.T.);
#6255 = VERTEX_POINT('',#6256);
#6256 = CARTESIAN_POINT('',(-5.25,-14.8,18.5));
#6257 = SURFACE_CURVE('',#6258,(#6262),.PCURVE_S1.);
#6258 = LINE('',#6259,#6260);
#6259 = CARTESIAN_POINT('',(-5.25,-14.8,18.5));
#6260 = VECTOR('',#6261,1.);
#6261 = DIRECTION('',(-1.224606353822E-16,3.736531122127E-15,1.));
#6262 = PCURVE('',#6162,#6263);
#6263 = DEFINITIONAL_REPRESENTATION('',(#6264),#6268);
#6264 = LINE('',#6265,#6266);
#6265 = CARTESIAN_POINT('',(5.664978938782E-16,-1.75));
#6266 = VECTOR('',#6267,1.);
#6267 = DIRECTION('',(-1.,1.173969058359E-46));
#6268 = ( GEOMETRIC_REPRESENTATION_CONTEXT(2) 
PARAMETRIC_REPRESENTATION_CONTEXT() REPRESENTATION_CONTEXT('2D SPACE',''
  ) );
#6269 = ORIENTED_EDGE('',*,*,#6270,.T.);
#6270 = EDGE_CURVE('',#6255,#6152,#6271,.T.);
#6271 = SURFACE_CURVE('',#6272,(#6276),.PCURVE_S1.);
#6272 = LINE('',#6273,#6274);
#6273 = CARTESIAN_POINT('',(-5.25,-16.55,18.5));
#6274 = VECTOR('',#6275,1.);
#6275 = DIRECTION('',(2.522121711592E-29,1.,2.366582715663E-30));
#6276 = PCURVE('',#6162,#6277);
#6277 = DEFINITIONAL_REPRESENTATION('',(#6278),#6282);
#6278 = LINE('',#6279,#6280);
#6279 = CARTESIAN_POINT('',(-1.7763568394E-15,6.637412614423E-30));
#6280 = VECTOR('',#6281,1.);
#6281 = DIRECTION('',(-3.736531122127E-15,-1.));
#6282 = ( GEOMETRIC_REPRESENTATION_CONTEXT(2) 
PARAMETRIC_REPRESENTATION_CONTEXT() REPRESENTATION_CONTEXT('2D SPACE',''
  ) );
#6283 = SHELL_BASED_SURFACE_MODEL('',(#6284));
#6284 = OPEN_SHELL('',(#6285));
#6285 = ADVANCED_FACE('',(#6286),#6300,.F.);
#6286 = FACE_BOUND('',#6287,.T.);
#6287 = EDGE_LOOP('',(#6288,#6311,#6327,#6343,#6359,#6375,#6391,#6407,
    #6423,#6439,#6455,#6471));
#6288 = ORIENTED_EDGE('',*,*,#6289,.F.);
#6289 = EDGE_CURVE('',#6290,#6292,#6294,.T.);
#6290 = VERTEX_POINT('',#6291);
#6291 = CARTESIAN_POINT('',(-5.25,-12.85,13.5));
#6292 = VERTEX_POINT('',#6293);
#6293 = CARTESIAN_POINT('',(-5.25,-16.55,13.5));
#6294 = SURFACE_CURVE('',#6295,(#6299),.PCURVE_S1.);
#6295 = LINE('',#6296,#6297);
#6296 = CARTESIAN_POINT('',(-5.25,-16.55,13.5));
#6297 = VECTOR('',#6298,1.);
#6298 = DIRECTION('',(-2.522121711592E-29,-1.,-2.366582715663E-30));
#6299 = PCURVE('',#6300,#6305);
#6300 = PLANE('',#6301);
#6301 = AXIS2_PLACEMENT_3D('',#6302,#6303,#6304);
#6302 = CARTESIAN_POINT('',(5.25,-16.55,13.5));
#6303 = DIRECTION('',(-1.143833291972E-17,-2.758299773102E-45,1.));
#6304 = DIRECTION('',(-1.,2.484455566064E-29,-1.143833291972E-17));
#6305 = DEFINITIONAL_REPRESENTATION('',(#6306),#6310);
#6306 = LINE('',#6307,#6308);
#6307 = CARTESIAN_POINT('',(10.5,2.608678344367E-28));
#6308 = VECTOR('',#6309,1.);
#6309 = DIRECTION('',(3.766614552829E-31,1.));
#6310 = ( GEOMETRIC_REPRESENTATION_CONTEXT(2) 
PARAMETRIC_REPRESENTATION_CONTEXT() REPRESENTATION_CONTEXT('2D SPACE',''
  ) );
#6311 = ORIENTED_EDGE('',*,*,#6312,.T.);
#6312 = EDGE_CURVE('',#6290,#6313,#6315,.T.);
#6313 = VERTEX_POINT('',#6314);
#6314 = CARTESIAN_POINT('',(5.25,-12.85,13.5));
#6315 = SURFACE_CURVE('',#6316,(#6320),.PCURVE_S1.);
#6316 = LINE('',#6317,#6318);
#6317 = CARTESIAN_POINT('',(5.25,-12.85,13.5));
#6318 = VECTOR('',#6319,1.);
#6319 = DIRECTION('',(1.,3.919366414379E-31,6.994405055138E-15));
#6320 = PCURVE('',#6300,#6321);
#6321 = DEFINITIONAL_REPRESENTATION('',(#6322),#6326);
#6322 = LINE('',#6323,#6324);
#6323 = CARTESIAN_POINT('',(9.192485594437E-29,-3.7));
#6324 = VECTOR('',#6325,1.);
#6325 = DIRECTION('',(-1.,-2.523649230208E-29));
#6326 = ( GEOMETRIC_REPRESENTATION_CONTEXT(2) 
PARAMETRIC_REPRESENTATION_CONTEXT() REPRESENTATION_CONTEXT('2D SPACE',''
  ) );
#6327 = ORIENTED_EDGE('',*,*,#6328,.T.);
#6328 = EDGE_CURVE('',#6313,#6329,#6331,.T.);
#6329 = VERTEX_POINT('',#6330);
#6330 = CARTESIAN_POINT('',(5.25,-16.55,13.5));
#6331 = SURFACE_CURVE('',#6332,(#6336),.PCURVE_S1.);
#6332 = LINE('',#6333,#6334);
#6333 = CARTESIAN_POINT('',(5.25,-16.55,13.5));
#6334 = VECTOR('',#6335,1.);
#6335 = DIRECTION('',(-4.423027891862E-31,-1.,3.736531122127E-15));
#6336 = PCURVE('',#6300,#6337);
#6337 = DEFINITIONAL_REPRESENTATION('',(#6338),#6342);
#6338 = LINE('',#6339,#6340);
#6339 = CARTESIAN_POINT('',(-1.7763568394E-15,1.86517468137E-14));
#6340 = VECTOR('',#6341,1.);
#6341 = DIRECTION('',(-2.444499255839E-29,1.));
#6342 = ( GEOMETRIC_REPRESENTATION_CONTEXT(2) 
PARAMETRIC_REPRESENTATION_CONTEXT() REPRESENTATION_CONTEXT('2D SPACE',''
  ) );
#6343 = ORIENTED_EDGE('',*,*,#6344,.F.);
#6344 = EDGE_CURVE('',#6345,#6329,#6347,.T.);
#6345 = VERTEX_POINT('',#6346);
#6346 = CARTESIAN_POINT('',(4.75,-16.55,13.5));
#6347 = SURFACE_CURVE('',#6348,(#6352),.PCURVE_S1.);
#6348 = LINE('',#6349,#6350);
#6349 = CARTESIAN_POINT('',(5.25,-16.55,13.5));
#6350 = VECTOR('',#6351,1.);
#6351 = DIRECTION('',(1.,-2.484455566064E-29,1.143833291972E-17));
#6352 = PCURVE('',#6300,#6353);
#6353 = DEFINITIONAL_REPRESENTATION('',(#6354),#6358);
#6354 = LINE('',#6355,#6356);
#6355 = CARTESIAN_POINT('',(-1.544647872937E-43,6.217248937901E-15));
#6356 = VECTOR('',#6357,1.);
#6357 = DIRECTION('',(-1.,0.));
#6358 = ( GEOMETRIC_REPRESENTATION_CONTEXT(2) 
PARAMETRIC_REPRESENTATION_CONTEXT() REPRESENTATION_CONTEXT('2D SPACE',''
  ) );
#6359 = ORIENTED_EDGE('',*,*,#6360,.T.);
#6360 = EDGE_CURVE('',#6345,#6361,#6363,.T.);
#6361 = VERTEX_POINT('',#6362);
#6362 = CARTESIAN_POINT('',(4.75,-16.15,13.5));
#6363 = SURFACE_CURVE('',#6364,(#6368),.PCURVE_S1.);
#6364 = LINE('',#6365,#6366);
#6365 = CARTESIAN_POINT('',(4.75,-13.45,13.5));
#6366 = VECTOR('',#6367,1.);
#6367 = DIRECTION('',(4.423027891862E-31,1.,-3.736531122127E-15));
#6368 = PCURVE('',#6300,#6369);
#6369 = DEFINITIONAL_REPRESENTATION('',(#6370),#6374);
#6370 = LINE('',#6371,#6372);
#6371 = CARTESIAN_POINT('',(0.5,-3.1));
#6372 = VECTOR('',#6373,1.);
#6373 = DIRECTION('',(2.444499255839E-29,-1.));
#6374 = ( GEOMETRIC_REPRESENTATION_CONTEXT(2) 
PARAMETRIC_REPRESENTATION_CONTEXT() REPRESENTATION_CONTEXT('2D SPACE',''
  ) );
#6375 = ORIENTED_EDGE('',*,*,#6376,.F.);
#6376 = EDGE_CURVE('',#6377,#6361,#6379,.T.);
#6377 = VERTEX_POINT('',#6378);
#6378 = CARTESIAN_POINT('',(4.05,-16.15,13.5));
#6379 = SURFACE_CURVE('',#6380,(#6384),.PCURVE_S1.);
#6380 = LINE('',#6381,#6382);
#6381 = CARTESIAN_POINT('',(4.75,-16.15,13.5));
#6382 = VECTOR('',#6383,1.);
#6383 = DIRECTION('',(1.,3.919366414379E-31,6.994405055138E-15));
#6384 = PCURVE('',#6300,#6385);
#6385 = DEFINITIONAL_REPRESENTATION('',(#6386),#6390);
#6386 = LINE('',#6387,#6388);
#6387 = CARTESIAN_POINT('',(0.5,-0.4));
#6388 = VECTOR('',#6389,1.);
#6389 = DIRECTION('',(-1.,-2.523649230208E-29));
#6390 = ( GEOMETRIC_REPRESENTATION_CONTEXT(2) 
PARAMETRIC_REPRESENTATION_CONTEXT() REPRESENTATION_CONTEXT('2D SPACE',''
  ) );
#6391 = ORIENTED_EDGE('',*,*,#6392,.T.);
#6392 = EDGE_CURVE('',#6377,#6393,#6395,.T.);
#6393 = VERTEX_POINT('',#6394);
#6394 = CARTESIAN_POINT('',(4.05,-16.55,13.5));
#6395 = SURFACE_CURVE('',#6396,(#6400),.PCURVE_S1.);
#6396 = LINE('',#6397,#6398);
#6397 = CARTESIAN_POINT('',(4.05,-16.15,13.5));
#6398 = VECTOR('',#6399,1.);
#6399 = DIRECTION('',(1.198328716958E-16,-1.,3.736531122127E-15));
#6400 = PCURVE('',#6300,#6401);
#6401 = DEFINITIONAL_REPRESENTATION('',(#6402),#6406);
#6402 = LINE('',#6403,#6404);
#6403 = CARTESIAN_POINT('',(1.2,-0.4));
#6404 = VECTOR('',#6405,1.);
#6405 = DIRECTION('',(-1.198328716958E-16,1.));
#6406 = ( GEOMETRIC_REPRESENTATION_CONTEXT(2) 
PARAMETRIC_REPRESENTATION_CONTEXT() REPRESENTATION_CONTEXT('2D SPACE',''
  ) );
#6407 = ORIENTED_EDGE('',*,*,#6408,.F.);
#6408 = EDGE_CURVE('',#6409,#6393,#6411,.T.);
#6409 = VERTEX_POINT('',#6410);
#6410 = CARTESIAN_POINT('',(-4.05,-16.55,13.5));
#6411 = SURFACE_CURVE('',#6412,(#6416),.PCURVE_S1.);
#6412 = LINE('',#6413,#6414);
#6413 = CARTESIAN_POINT('',(5.25,-16.55,13.5));
#6414 = VECTOR('',#6415,1.);
#6415 = DIRECTION('',(1.,-2.484455566064E-29,1.143833291972E-17));
#6416 = PCURVE('',#6300,#6417);
#6417 = DEFINITIONAL_REPRESENTATION('',(#6418),#6422);
#6418 = LINE('',#6419,#6420);
#6419 = CARTESIAN_POINT('',(-1.544647872937E-43,6.217248937901E-15));
#6420 = VECTOR('',#6421,1.);
#6421 = DIRECTION('',(-1.,0.));
#6422 = ( GEOMETRIC_REPRESENTATION_CONTEXT(2) 
PARAMETRIC_REPRESENTATION_CONTEXT() REPRESENTATION_CONTEXT('2D SPACE',''
  ) );
#6423 = ORIENTED_EDGE('',*,*,#6424,.T.);
#6424 = EDGE_CURVE('',#6409,#6425,#6427,.T.);
#6425 = VERTEX_POINT('',#6426);
#6426 = CARTESIAN_POINT('',(-4.05,-16.15,13.5));
#6427 = SURFACE_CURVE('',#6428,(#6432),.PCURVE_S1.);
#6428 = LINE('',#6429,#6430);
#6429 = CARTESIAN_POINT('',(-4.05,-16.15,13.5));
#6430 = VECTOR('',#6431,1.);
#6431 = DIRECTION('',(-1.198328716958E-16,1.,-3.736531122127E-15));
#6432 = PCURVE('',#6300,#6433);
#6433 = DEFINITIONAL_REPRESENTATION('',(#6434),#6438);
#6434 = LINE('',#6435,#6436);
#6435 = CARTESIAN_POINT('',(9.3,-0.4));
#6436 = VECTOR('',#6437,1.);
#6437 = DIRECTION('',(1.198328716958E-16,-1.));
#6438 = ( GEOMETRIC_REPRESENTATION_CONTEXT(2) 
PARAMETRIC_REPRESENTATION_CONTEXT() REPRESENTATION_CONTEXT('2D SPACE',''
  ) );
#6439 = ORIENTED_EDGE('',*,*,#6440,.T.);
#6440 = EDGE_CURVE('',#6425,#6441,#6443,.T.);
#6441 = VERTEX_POINT('',#6442);
#6442 = CARTESIAN_POINT('',(-4.75,-16.15,13.5));
#6443 = SURFACE_CURVE('',#6444,(#6448),.PCURVE_S1.);
#6444 = LINE('',#6445,#6446);
#6445 = CARTESIAN_POINT('',(-4.75,-16.15,13.5));
#6446 = VECTOR('',#6447,1.);
#6447 = DIRECTION('',(-1.,-3.919366414379E-31,-6.994405055138E-15));
#6448 = PCURVE('',#6300,#6449);
#6449 = DEFINITIONAL_REPRESENTATION('',(#6450),#6454);
#6450 = LINE('',#6451,#6452);
#6451 = CARTESIAN_POINT('',(10.,-0.4));
#6452 = VECTOR('',#6453,1.);
#6453 = DIRECTION('',(1.,2.523649230208E-29));
#6454 = ( GEOMETRIC_REPRESENTATION_CONTEXT(2) 
PARAMETRIC_REPRESENTATION_CONTEXT() REPRESENTATION_CONTEXT('2D SPACE',''
  ) );
#6455 = ORIENTED_EDGE('',*,*,#6456,.T.);
#6456 = EDGE_CURVE('',#6441,#6457,#6459,.T.);
#6457 = VERTEX_POINT('',#6458);
#6458 = CARTESIAN_POINT('',(-4.75,-16.55,13.5));
#6459 = SURFACE_CURVE('',#6460,(#6464),.PCURVE_S1.);
#6460 = LINE('',#6461,#6462);
#6461 = CARTESIAN_POINT('',(-4.75,-13.45,13.5));
#6462 = VECTOR('',#6463,1.);
#6463 = DIRECTION('',(-4.423027891862E-31,-1.,3.736531122127E-15));
#6464 = PCURVE('',#6300,#6465);
#6465 = DEFINITIONAL_REPRESENTATION('',(#6466),#6470);
#6466 = LINE('',#6467,#6468);
#6467 = CARTESIAN_POINT('',(10.,-3.1));
#6468 = VECTOR('',#6469,1.);
#6469 = DIRECTION('',(-2.444499255839E-29,1.));
#6470 = ( GEOMETRIC_REPRESENTATION_CONTEXT(2) 
PARAMETRIC_REPRESENTATION_CONTEXT() REPRESENTATION_CONTEXT('2D SPACE',''
  ) );
#6471 = ORIENTED_EDGE('',*,*,#6472,.F.);
#6472 = EDGE_CURVE('',#6292,#6457,#6473,.T.);
#6473 = SURFACE_CURVE('',#6474,(#6478),.PCURVE_S1.);
#6474 = LINE('',#6475,#6476);
#6475 = CARTESIAN_POINT('',(5.25,-16.55,13.5));
#6476 = VECTOR('',#6477,1.);
#6477 = DIRECTION('',(1.,-2.484455566064E-29,1.143833291972E-17));
#6478 = PCURVE('',#6300,#6479);
#6479 = DEFINITIONAL_REPRESENTATION('',(#6480),#6484);
#6480 = LINE('',#6481,#6482);
#6481 = CARTESIAN_POINT('',(0.,-0.));
#6482 = VECTOR('',#6483,1.);
#6483 = DIRECTION('',(-1.,0.));
#6484 = ( GEOMETRIC_REPRESENTATION_CONTEXT(2) 
PARAMETRIC_REPRESENTATION_CONTEXT() REPRESENTATION_CONTEXT('2D SPACE',''
  ) );
#6485 = SHELL_BASED_SURFACE_MODEL('',(#6486));
#6486 = OPEN_SHELL('',(#6487));
#6487 = ADVANCED_FACE('',(#6488),#6502,.F.);
#6488 = FACE_BOUND('',#6489,.T.);
#6489 = EDGE_LOOP('',(#6490,#6513,#6529,#6545,#6561,#6577,#6593,#6609));
#6490 = ORIENTED_EDGE('',*,*,#6491,.F.);
#6491 = EDGE_CURVE('',#6492,#6494,#6496,.T.);
#6492 = VERTEX_POINT('',#6493);
#6493 = CARTESIAN_POINT('',(5.25,-12.85,13.5));
#6494 = VERTEX_POINT('',#6495);
#6495 = CARTESIAN_POINT('',(5.25,-16.55,13.5));
#6496 = SURFACE_CURVE('',#6497,(#6501),.PCURVE_S1.);
#6497 = LINE('',#6498,#6499);
#6498 = CARTESIAN_POINT('',(5.25,-16.55,13.5));
#6499 = VECTOR('',#6500,1.);
#6500 = DIRECTION('',(-4.423027891862E-31,-1.,3.736531122127E-15));
#6501 = PCURVE('',#6502,#6507);
#6502 = PLANE('',#6503);
#6503 = AXIS2_PLACEMENT_3D('',#6504,#6505,#6506);
#6504 = CARTESIAN_POINT('',(5.25,-16.55,18.5));
#6505 = DIRECTION('',(-1.,-8.067749298393E-31,-1.224606353822E-16));
#6506 = DIRECTION('',(1.224606353822E-16,-3.736531122127E-15,-1.));
#6507 = DEFINITIONAL_REPRESENTATION('',(#6508),#6512);
#6508 = LINE('',#6509,#6510);
#6509 = CARTESIAN_POINT('',(5.,-3.090879693392E-17));
#6510 = VECTOR('',#6511,1.);
#6511 = DIRECTION('',(7.88860905221E-31,1.));
#6512 = ( GEOMETRIC_REPRESENTATION_CONTEXT(2) 
PARAMETRIC_REPRESENTATION_CONTEXT() REPRESENTATION_CONTEXT('2D SPACE',''
  ) );
#6513 = ORIENTED_EDGE('',*,*,#6514,.T.);
#6514 = EDGE_CURVE('',#6492,#6515,#6517,.T.);
#6515 = VERTEX_POINT('',#6516);
#6516 = CARTESIAN_POINT('',(5.25,-12.85,18.5));
#6517 = SURFACE_CURVE('',#6518,(#6522),.PCURVE_S1.);
#6518 = LINE('',#6519,#6520);
#6519 = CARTESIAN_POINT('',(5.25,-12.85,13.5));
#6520 = VECTOR('',#6521,1.);
#6521 = DIRECTION('',(-7.105427357601E-15,1.577721810442E-30,1.));
#6522 = PCURVE('',#6502,#6523);
#6523 = DEFINITIONAL_REPRESENTATION('',(#6524),#6528);
#6524 = LINE('',#6525,#6526);
#6525 = CARTESIAN_POINT('',(5.,-3.7));
#6526 = VECTOR('',#6527,1.);
#6527 = DIRECTION('',(-1.,3.736531122127E-15));
#6528 = ( GEOMETRIC_REPRESENTATION_CONTEXT(2) 
PARAMETRIC_REPRESENTATION_CONTEXT() REPRESENTATION_CONTEXT('2D SPACE',''
  ) );
#6529 = ORIENTED_EDGE('',*,*,#6530,.T.);
#6530 = EDGE_CURVE('',#6515,#6531,#6533,.T.);
#6531 = VERTEX_POINT('',#6532);
#6532 = CARTESIAN_POINT('',(5.25,-14.8,18.5));
#6533 = SURFACE_CURVE('',#6534,(#6538),.PCURVE_S1.);
#6534 = LINE('',#6535,#6536);
#6535 = CARTESIAN_POINT('',(5.25,-16.55,18.5));
#6536 = VECTOR('',#6537,1.);
#6537 = DIRECTION('',(-2.522121711592E-29,-1.,-2.366582715663E-30));
#6538 = PCURVE('',#6502,#6539);
#6539 = DEFINITIONAL_REPRESENTATION('',(#6540),#6544);
#6540 = LINE('',#6541,#6542);
#6541 = CARTESIAN_POINT('',(0.,0.));
#6542 = VECTOR('',#6543,1.);
#6543 = DIRECTION('',(3.736531122127E-15,1.));
#6544 = ( GEOMETRIC_REPRESENTATION_CONTEXT(2) 
PARAMETRIC_REPRESENTATION_CONTEXT() REPRESENTATION_CONTEXT('2D SPACE',''
  ) );
#6545 = ORIENTED_EDGE('',*,*,#6546,.F.);
#6546 = EDGE_CURVE('',#6547,#6531,#6549,.T.);
#6547 = VERTEX_POINT('',#6548);
#6548 = CARTESIAN_POINT('',(5.25,-14.8,16.7));
#6549 = SURFACE_CURVE('',#6550,(#6554),.PCURVE_S1.);
#6550 = LINE('',#6551,#6552);
#6551 = CARTESIAN_POINT('',(5.25,-14.8,18.5));
#6552 = VECTOR('',#6553,1.);
#6553 = DIRECTION('',(-1.224606353822E-16,3.736531122127E-15,1.));
#6554 = PCURVE('',#6502,#6555);
#6555 = DEFINITIONAL_REPRESENTATION('',(#6556),#6560);
#6556 = LINE('',#6557,#6558);
#6557 = CARTESIAN_POINT('',(5.664978938782E-16,-1.75));
#6558 = VECTOR('',#6559,1.);
#6559 = DIRECTION('',(-1.,1.173969058359E-46));
#6560 = ( GEOMETRIC_REPRESENTATION_CONTEXT(2) 
PARAMETRIC_REPRESENTATION_CONTEXT() REPRESENTATION_CONTEXT('2D SPACE',''
  ) );
#6561 = ORIENTED_EDGE('',*,*,#6562,.F.);
#6562 = EDGE_CURVE('',#6563,#6547,#6565,.T.);
#6563 = VERTEX_POINT('',#6564);
#6564 = CARTESIAN_POINT('',(5.25,-15.6,16.7));
#6565 = SURFACE_CURVE('',#6566,(#6570),.PCURVE_S1.);
#6566 = LINE('',#6567,#6568);
#6567 = CARTESIAN_POINT('',(5.25,-16.55,16.7));
#6568 = VECTOR('',#6569,1.);
#6569 = DIRECTION('',(4.423027891862E-31,1.,-3.736531122127E-15));
#6570 = PCURVE('',#6502,#6571);
#6571 = DEFINITIONAL_REPRESENTATION('',(#6572),#6576);
#6572 = LINE('',#6573,#6574);
#6573 = CARTESIAN_POINT('',(1.8,3.796713377719E-16));
#6574 = VECTOR('',#6575,1.);
#6575 = DIRECTION('',(-7.88860905221E-31,-1.));
#6576 = ( GEOMETRIC_REPRESENTATION_CONTEXT(2) 
PARAMETRIC_REPRESENTATION_CONTEXT() REPRESENTATION_CONTEXT('2D SPACE',''
  ) );
#6577 = ORIENTED_EDGE('',*,*,#6578,.F.);
#6578 = EDGE_CURVE('',#6579,#6563,#6581,.T.);
#6579 = VERTEX_POINT('',#6580);
#6580 = CARTESIAN_POINT('',(5.25,-15.6,18.5));
#6581 = SURFACE_CURVE('',#6582,(#6586),.PCURVE_S1.);
#6582 = LINE('',#6583,#6584);
#6583 = CARTESIAN_POINT('',(5.25,-15.6,18.5));
#6584 = VECTOR('',#6585,1.);
#6585 = DIRECTION('',(1.224606353822E-16,-3.736531122127E-15,-1.));
#6586 = PCURVE('',#6502,#6587);
#6587 = DEFINITIONAL_REPRESENTATION('',(#6588),#6592);
#6588 = LINE('',#6589,#6590);
#6589 = CARTESIAN_POINT('',(3.009112779555E-18,-0.95));
#6590 = VECTOR('',#6591,1.);
#6591 = DIRECTION('',(1.,-1.173969058359E-46));
#6592 = ( GEOMETRIC_REPRESENTATION_CONTEXT(2) 
PARAMETRIC_REPRESENTATION_CONTEXT() REPRESENTATION_CONTEXT('2D SPACE',''
  ) );
#6593 = ORIENTED_EDGE('',*,*,#6594,.T.);
#6594 = EDGE_CURVE('',#6579,#6595,#6597,.T.);
#6595 = VERTEX_POINT('',#6596);
#6596 = CARTESIAN_POINT('',(5.25,-16.55,18.5));
#6597 = SURFACE_CURVE('',#6598,(#6602),.PCURVE_S1.);
#6598 = LINE('',#6599,#6600);
#6599 = CARTESIAN_POINT('',(5.25,-16.55,18.5));
#6600 = VECTOR('',#6601,1.);
#6601 = DIRECTION('',(-2.522121711592E-29,-1.,-2.366582715663E-30));
#6602 = PCURVE('',#6502,#6603);
#6603 = DEFINITIONAL_REPRESENTATION('',(#6604),#6608);
#6604 = LINE('',#6605,#6606);
#6605 = CARTESIAN_POINT('',(0.,0.));
#6606 = VECTOR('',#6607,1.);
#6607 = DIRECTION('',(3.736531122127E-15,1.));
#6608 = ( GEOMETRIC_REPRESENTATION_CONTEXT(2) 
PARAMETRIC_REPRESENTATION_CONTEXT() REPRESENTATION_CONTEXT('2D SPACE',''
  ) );
#6609 = ORIENTED_EDGE('',*,*,#6610,.F.);
#6610 = EDGE_CURVE('',#6494,#6595,#6611,.T.);
#6611 = SURFACE_CURVE('',#6612,(#6616),.PCURVE_S1.);
#6612 = LINE('',#6613,#6614);
#6613 = CARTESIAN_POINT('',(5.25,-16.55,18.5));
#6614 = VECTOR('',#6615,1.);
#6615 = DIRECTION('',(-1.224606353822E-16,3.736531122127E-15,1.));
#6616 = PCURVE('',#6502,#6617);
#6617 = DEFINITIONAL_REPRESENTATION('',(#6618),#6622);
#6618 = LINE('',#6619,#6620);
#6619 = CARTESIAN_POINT('',(-6.969283245144E-29,-1.86517468137E-14));
#6620 = VECTOR('',#6621,1.);
#6621 = DIRECTION('',(-1.,1.173969058359E-46));
#6622 = ( GEOMETRIC_REPRESENTATION_CONTEXT(2) 
PARAMETRIC_REPRESENTATION_CONTEXT() REPRESENTATION_CONTEXT('2D SPACE',''
  ) );
#6623 = SHELL_BASED_SURFACE_MODEL('',(#6624));
#6624 = OPEN_SHELL('',(#6625));
#6625 = ADVANCED_FACE('',(#6626),#6640,.F.);
#6626 = FACE_BOUND('',#6627,.T.);
#6627 = EDGE_LOOP('',(#6628,#6651,#6667,#6683));
#6628 = ORIENTED_EDGE('',*,*,#6629,.F.);
#6629 = EDGE_CURVE('',#6630,#6632,#6634,.T.);
#6630 = VERTEX_POINT('',#6631);
#6631 = CARTESIAN_POINT('',(4.75,-13.45,15.1));
#6632 = VERTEX_POINT('',#6633);
#6633 = CARTESIAN_POINT('',(-4.75,-13.45,15.1));
#6634 = SURFACE_CURVE('',#6635,(#6639),.PCURVE_S1.);
#6635 = LINE('',#6636,#6637);
#6636 = CARTESIAN_POINT('',(-4.75,-13.45,15.1));
#6637 = VECTOR('',#6638,1.);
#6638 = DIRECTION('',(-1.,-9.130123557773E-17,-6.994405055138E-15));
#6639 = PCURVE('',#6640,#6645);
#6640 = PLANE('',#6641);
#6641 = AXIS2_PLACEMENT_3D('',#6642,#6643,#6644);
#6642 = CARTESIAN_POINT('',(-4.75,-13.45,15.4));
#6643 = DIRECTION('',(-9.130123557773E-17,1.,-1.437595202278E-30));
#6644 = DIRECTION('',(7.105427357601E-15,-7.88860905221E-31,-1.));
#6645 = DEFINITIONAL_REPRESENTATION('',(#6646),#6650);
#6646 = LINE('',#6647,#6648);
#6647 = CARTESIAN_POINT('',(0.3,2.88657986403E-16));
#6648 = VECTOR('',#6649,1.);
#6649 = DIRECTION('',(-1.110223024625E-16,1.));
#6650 = ( GEOMETRIC_REPRESENTATION_CONTEXT(2) 
PARAMETRIC_REPRESENTATION_CONTEXT() REPRESENTATION_CONTEXT('2D SPACE',''
  ) );
#6651 = ORIENTED_EDGE('',*,*,#6652,.F.);
#6652 = EDGE_CURVE('',#6653,#6630,#6655,.T.);
#6653 = VERTEX_POINT('',#6654);
#6654 = CARTESIAN_POINT('',(4.75,-13.45,18.5));
#6655 = SURFACE_CURVE('',#6656,(#6660),.PCURVE_S1.);
#6656 = LINE('',#6657,#6658);
#6657 = CARTESIAN_POINT('',(4.75,-13.45,15.4));
#6658 = VECTOR('',#6659,1.);
#6659 = DIRECTION('',(7.105427357601E-15,-7.88860905221E-31,-1.));
#6660 = PCURVE('',#6640,#6661);
#6661 = DEFINITIONAL_REPRESENTATION('',(#6662),#6666);
#6662 = LINE('',#6663,#6664);
#6663 = CARTESIAN_POINT('',(1.443289932013E-15,-9.5));
#6664 = VECTOR('',#6665,1.);
#6665 = DIRECTION('',(1.,0.));
#6666 = ( GEOMETRIC_REPRESENTATION_CONTEXT(2) 
PARAMETRIC_REPRESENTATION_CONTEXT() REPRESENTATION_CONTEXT('2D SPACE',''
  ) );
#6667 = ORIENTED_EDGE('',*,*,#6668,.T.);
#6668 = EDGE_CURVE('',#6653,#6669,#6671,.T.);
#6669 = VERTEX_POINT('',#6670);
#6670 = CARTESIAN_POINT('',(-4.75,-13.45,18.5));
#6671 = SURFACE_CURVE('',#6672,(#6676),.PCURVE_S1.);
#6672 = LINE('',#6673,#6674);
#6673 = CARTESIAN_POINT('',(5.25,-13.45,18.5));
#6674 = VECTOR('',#6675,1.);
#6675 = DIRECTION('',(-1.,2.484455566064E-29,-1.143833291972E-17));
#6676 = PCURVE('',#6640,#6677);
#6677 = DEFINITIONAL_REPRESENTATION('',(#6678),#6682);
#6678 = LINE('',#6679,#6680);
#6679 = CARTESIAN_POINT('',(-3.1,-10.));
#6680 = VECTOR('',#6681,1.);
#6681 = DIRECTION('',(-7.093989024681E-15,1.));
#6682 = ( GEOMETRIC_REPRESENTATION_CONTEXT(2) 
PARAMETRIC_REPRESENTATION_CONTEXT() REPRESENTATION_CONTEXT('2D SPACE',''
  ) );
#6683 = ORIENTED_EDGE('',*,*,#6684,.F.);
#6684 = EDGE_CURVE('',#6632,#6669,#6685,.T.);
#6685 = SURFACE_CURVE('',#6686,(#6690),.PCURVE_S1.);
#6686 = LINE('',#6687,#6688);
#6687 = CARTESIAN_POINT('',(-4.75,-13.45,15.4));
#6688 = VECTOR('',#6689,1.);
#6689 = DIRECTION('',(-7.105427357601E-15,7.88860905221E-31,1.));
#6690 = PCURVE('',#6640,#6691);
#6691 = DEFINITIONAL_REPRESENTATION('',(#6692),#6696);
#6692 = LINE('',#6693,#6694);
#6693 = CARTESIAN_POINT('',(0.,0.));
#6694 = VECTOR('',#6695,1.);
#6695 = DIRECTION('',(-1.,0.));
#6696 = ( GEOMETRIC_REPRESENTATION_CONTEXT(2) 
PARAMETRIC_REPRESENTATION_CONTEXT() REPRESENTATION_CONTEXT('2D SPACE',''
  ) );
#6697 = SHELL_BASED_SURFACE_MODEL('',(#6698));
#6698 = OPEN_SHELL('',(#6699));
#6699 = ADVANCED_FACE('',(#6700),#6714,.F.);
#6700 = FACE_BOUND('',#6701,.T.);
#6701 = EDGE_LOOP('',(#6702,#6725,#6741,#6757,#6773,#6789,#6805,#6821));
#6702 = ORIENTED_EDGE('',*,*,#6703,.T.);
#6703 = EDGE_CURVE('',#6704,#6706,#6708,.T.);
#6704 = VERTEX_POINT('',#6705);
#6705 = CARTESIAN_POINT('',(-4.75,-14.8,18.5));
#6706 = VERTEX_POINT('',#6707);
#6707 = CARTESIAN_POINT('',(-4.75,-13.45,18.5));
#6708 = SURFACE_CURVE('',#6709,(#6713),.PCURVE_S1.);
#6709 = LINE('',#6710,#6711);
#6710 = CARTESIAN_POINT('',(-4.75,-13.45,18.5));
#6711 = VECTOR('',#6712,1.);
#6712 = DIRECTION('',(4.423027891862E-31,1.,-3.736531122127E-15));
#6713 = PCURVE('',#6714,#6719);
#6714 = PLANE('',#6715);
#6715 = AXIS2_PLACEMENT_3D('',#6716,#6717,#6718);
#6716 = CARTESIAN_POINT('',(5.25,-16.55,18.5));
#6717 = DIRECTION('',(1.143833291972E-17,2.758299773102E-45,-1.));
#6718 = DIRECTION('',(1.,-2.484455566064E-29,1.143833291972E-17));
#6719 = DEFINITIONAL_REPRESENTATION('',(#6720),#6724);
#6720 = LINE('',#6721,#6722);
#6721 = CARTESIAN_POINT('',(-10.,-3.1));
#6722 = VECTOR('',#6723,1.);
#6723 = DIRECTION('',(-2.444499255839E-29,-1.));
#6724 = ( GEOMETRIC_REPRESENTATION_CONTEXT(2) 
PARAMETRIC_REPRESENTATION_CONTEXT() REPRESENTATION_CONTEXT('2D SPACE',''
  ) );
#6725 = ORIENTED_EDGE('',*,*,#6726,.F.);
#6726 = EDGE_CURVE('',#6727,#6706,#6729,.T.);
#6727 = VERTEX_POINT('',#6728);
#6728 = CARTESIAN_POINT('',(4.75,-13.45,18.5));
#6729 = SURFACE_CURVE('',#6730,(#6734),.PCURVE_S1.);
#6730 = LINE('',#6731,#6732);
#6731 = CARTESIAN_POINT('',(5.25,-13.45,18.5));
#6732 = VECTOR('',#6733,1.);
#6733 = DIRECTION('',(-1.,2.484455566064E-29,-1.143833291972E-17));
#6734 = PCURVE('',#6714,#6735);
#6735 = DEFINITIONAL_REPRESENTATION('',(#6736),#6740);
#6736 = LINE('',#6737,#6738);
#6737 = CARTESIAN_POINT('',(-7.701812254799E-29,-3.1));
#6738 = VECTOR('',#6739,1.);
#6739 = DIRECTION('',(-1.,0.));
#6740 = ( GEOMETRIC_REPRESENTATION_CONTEXT(2) 
PARAMETRIC_REPRESENTATION_CONTEXT() REPRESENTATION_CONTEXT('2D SPACE',''
  ) );
#6741 = ORIENTED_EDGE('',*,*,#6742,.T.);
#6742 = EDGE_CURVE('',#6727,#6743,#6745,.T.);
#6743 = VERTEX_POINT('',#6744);
#6744 = CARTESIAN_POINT('',(4.75,-14.8,18.5));
#6745 = SURFACE_CURVE('',#6746,(#6750),.PCURVE_S1.);
#6746 = LINE('',#6747,#6748);
#6747 = CARTESIAN_POINT('',(4.75,-13.45,18.5));
#6748 = VECTOR('',#6749,1.);
#6749 = DIRECTION('',(-4.423027891862E-31,-1.,3.736531122127E-15));
#6750 = PCURVE('',#6714,#6751);
#6751 = DEFINITIONAL_REPRESENTATION('',(#6752),#6756);
#6752 = LINE('',#6753,#6754);
#6753 = CARTESIAN_POINT('',(-0.5,-3.1));
#6754 = VECTOR('',#6755,1.);
#6755 = DIRECTION('',(2.444499255839E-29,1.));
#6756 = ( GEOMETRIC_REPRESENTATION_CONTEXT(2) 
PARAMETRIC_REPRESENTATION_CONTEXT() REPRESENTATION_CONTEXT('2D SPACE',''
  ) );
#6757 = ORIENTED_EDGE('',*,*,#6758,.T.);
#6758 = EDGE_CURVE('',#6743,#6759,#6761,.T.);
#6759 = VERTEX_POINT('',#6760);
#6760 = CARTESIAN_POINT('',(5.25,-14.8,18.5));
#6761 = SURFACE_CURVE('',#6762,(#6766),.PCURVE_S1.);
#6762 = LINE('',#6763,#6764);
#6763 = CARTESIAN_POINT('',(-5.25,-14.8,18.5));
#6764 = VECTOR('',#6765,1.);
#6765 = DIRECTION('',(1.,-4.492797686314E-31,6.994405055138E-15));
#6766 = PCURVE('',#6714,#6767);
#6767 = DEFINITIONAL_REPRESENTATION('',(#6768),#6772);
#6768 = LINE('',#6769,#6770);
#6769 = CARTESIAN_POINT('',(-10.5,-1.75));
#6770 = VECTOR('',#6771,1.);
#6771 = DIRECTION('',(1.,-2.439527589201E-29));
#6772 = ( GEOMETRIC_REPRESENTATION_CONTEXT(2) 
PARAMETRIC_REPRESENTATION_CONTEXT() REPRESENTATION_CONTEXT('2D SPACE',''
  ) );
#6773 = ORIENTED_EDGE('',*,*,#6774,.F.);
#6774 = EDGE_CURVE('',#6775,#6759,#6777,.T.);
#6775 = VERTEX_POINT('',#6776);
#6776 = CARTESIAN_POINT('',(5.25,-12.85,18.5));
#6777 = SURFACE_CURVE('',#6778,(#6782),.PCURVE_S1.);
#6778 = LINE('',#6779,#6780);
#6779 = CARTESIAN_POINT('',(5.25,-16.55,18.5));
#6780 = VECTOR('',#6781,1.);
#6781 = DIRECTION('',(-2.522121711592E-29,-1.,-2.366582715663E-30));
#6782 = PCURVE('',#6714,#6783);
#6783 = DEFINITIONAL_REPRESENTATION('',(#6784),#6788);
#6784 = LINE('',#6785,#6786);
#6785 = CARTESIAN_POINT('',(-9.769962616701E-15,2.42730380033E-43));
#6786 = VECTOR('',#6787,1.);
#6787 = DIRECTION('',(-3.766614552829E-31,1.));
#6788 = ( GEOMETRIC_REPRESENTATION_CONTEXT(2) 
PARAMETRIC_REPRESENTATION_CONTEXT() REPRESENTATION_CONTEXT('2D SPACE',''
  ) );
#6789 = ORIENTED_EDGE('',*,*,#6790,.T.);
#6790 = EDGE_CURVE('',#6775,#6791,#6793,.T.);
#6791 = VERTEX_POINT('',#6792);
#6792 = CARTESIAN_POINT('',(-5.25,-12.85,18.5));
#6793 = SURFACE_CURVE('',#6794,(#6798),.PCURVE_S1.);
#6794 = LINE('',#6795,#6796);
#6795 = CARTESIAN_POINT('',(5.25,-12.85,18.5));
#6796 = VECTOR('',#6797,1.);
#6797 = DIRECTION('',(-1.,-3.919366414379E-31,-6.994405055138E-15));
#6798 = PCURVE('',#6714,#6799);
#6799 = DEFINITIONAL_REPRESENTATION('',(#6800),#6804);
#6800 = LINE('',#6801,#6802);
#6801 = CARTESIAN_POINT('',(-3.641531520771E-14,-3.7));
#6802 = VECTOR('',#6803,1.);
#6803 = DIRECTION('',(-1.,2.523649230208E-29));
#6804 = ( GEOMETRIC_REPRESENTATION_CONTEXT(2) 
PARAMETRIC_REPRESENTATION_CONTEXT() REPRESENTATION_CONTEXT('2D SPACE',''
  ) );
#6805 = ORIENTED_EDGE('',*,*,#6806,.F.);
#6806 = EDGE_CURVE('',#6807,#6791,#6809,.T.);
#6807 = VERTEX_POINT('',#6808);
#6808 = CARTESIAN_POINT('',(-5.25,-14.8,18.5));
#6809 = SURFACE_CURVE('',#6810,(#6814),.PCURVE_S1.);
#6810 = LINE('',#6811,#6812);
#6811 = CARTESIAN_POINT('',(-5.25,-16.55,18.5));
#6812 = VECTOR('',#6813,1.);
#6813 = DIRECTION('',(2.522121711592E-29,1.,2.366582715663E-30));
#6814 = PCURVE('',#6714,#6815);
#6815 = DEFINITIONAL_REPRESENTATION('',(#6816),#6820);
#6816 = LINE('',#6817,#6818);
#6817 = CARTESIAN_POINT('',(-10.5,2.608678344367E-28));
#6818 = VECTOR('',#6819,1.);
#6819 = DIRECTION('',(3.766614552829E-31,-1.));
#6820 = ( GEOMETRIC_REPRESENTATION_CONTEXT(2) 
PARAMETRIC_REPRESENTATION_CONTEXT() REPRESENTATION_CONTEXT('2D SPACE',''
  ) );
#6821 = ORIENTED_EDGE('',*,*,#6822,.T.);
#6822 = EDGE_CURVE('',#6807,#6704,#6823,.T.);
#6823 = SURFACE_CURVE('',#6824,(#6828),.PCURVE_S1.);
#6824 = LINE('',#6825,#6826);
#6825 = CARTESIAN_POINT('',(-5.25,-14.8,18.5));
#6826 = VECTOR('',#6827,1.);
#6827 = DIRECTION('',(1.,-4.492797686314E-31,6.994405055138E-15));
#6828 = PCURVE('',#6714,#6829);
#6829 = DEFINITIONAL_REPRESENTATION('',(#6830),#6834);
#6830 = LINE('',#6831,#6832);
#6831 = CARTESIAN_POINT('',(-10.5,-1.75));
#6832 = VECTOR('',#6833,1.);
#6833 = DIRECTION('',(1.,-2.439527589201E-29));
#6834 = ( GEOMETRIC_REPRESENTATION_CONTEXT(2) 
PARAMETRIC_REPRESENTATION_CONTEXT() REPRESENTATION_CONTEXT('2D SPACE',''
  ) );
#6835 = SHELL_BASED_SURFACE_MODEL('',(#6836));
#6836 = OPEN_SHELL('',(#6837));
#6837 = ADVANCED_FACE('',(#6838),#6852,.F.);
#6838 = FACE_BOUND('',#6839,.T.);
#6839 = EDGE_LOOP('',(#6840,#6863,#6879,#6895));
#6840 = ORIENTED_EDGE('',*,*,#6841,.F.);
#6841 = EDGE_CURVE('',#6842,#6844,#6846,.T.);
#6842 = VERTEX_POINT('',#6843);
#6843 = CARTESIAN_POINT('',(4.75,-14.8,18.5));
#6844 = VERTEX_POINT('',#6845);
#6845 = CARTESIAN_POINT('',(5.25,-14.8,18.5));
#6846 = SURFACE_CURVE('',#6847,(#6851),.PCURVE_S1.);
#6847 = LINE('',#6848,#6849);
#6848 = CARTESIAN_POINT('',(-5.25,-14.8,18.5));
#6849 = VECTOR('',#6850,1.);
#6850 = DIRECTION('',(1.,-4.492797686314E-31,6.994405055138E-15));
#6851 = PCURVE('',#6852,#6857);
#6852 = PLANE('',#6853);
#6853 = AXIS2_PLACEMENT_3D('',#6854,#6855,#6856);
#6854 = CARTESIAN_POINT('',(-5.25,-14.8,18.5));
#6855 = DIRECTION('',(-3.002764025784E-32,1.,1.204669080539E-16));
#6856 = DIRECTION('',(7.105427357601E-15,1.204669080539E-16,-1.));
#6857 = DEFINITIONAL_REPRESENTATION('',(#6858),#6862);
#6858 = LINE('',#6859,#6860);
#6859 = CARTESIAN_POINT('',(6.572520305781E-14,4.524117291443E-28));
#6860 = VECTOR('',#6861,1.);
#6861 = DIRECTION('',(1.110223024625E-16,-1.));
#6862 = ( GEOMETRIC_REPRESENTATION_CONTEXT(2) 
PARAMETRIC_REPRESENTATION_CONTEXT() REPRESENTATION_CONTEXT('2D SPACE',''
  ) );
#6863 = ORIENTED_EDGE('',*,*,#6864,.F.);
#6864 = EDGE_CURVE('',#6865,#6842,#6867,.T.);
#6865 = VERTEX_POINT('',#6866);
#6866 = CARTESIAN_POINT('',(4.75,-14.8,16.7));
#6867 = SURFACE_CURVE('',#6868,(#6872),.PCURVE_S1.);
#6868 = LINE('',#6869,#6870);
#6869 = CARTESIAN_POINT('',(4.75,-14.8,18.5));
#6870 = VECTOR('',#6871,1.);
#6871 = DIRECTION('',(-7.105427357601E-15,-1.204669080539E-16,1.));
#6872 = PCURVE('',#6852,#6873);
#6873 = DEFINITIONAL_REPRESENTATION('',(#6874),#6878);
#6874 = LINE('',#6875,#6876);
#6875 = CARTESIAN_POINT('',(-4.440892098502E-16,-10.));
#6876 = VECTOR('',#6877,1.);
#6877 = DIRECTION('',(-1.,0.));
#6878 = ( GEOMETRIC_REPRESENTATION_CONTEXT(2) 
PARAMETRIC_REPRESENTATION_CONTEXT() REPRESENTATION_CONTEXT('2D SPACE',''
  ) );
#6879 = ORIENTED_EDGE('',*,*,#6880,.F.);
#6880 = EDGE_CURVE('',#6881,#6865,#6883,.T.);
#6881 = VERTEX_POINT('',#6882);
#6882 = CARTESIAN_POINT('',(5.25,-14.8,16.7));
#6883 = SURFACE_CURVE('',#6884,(#6888),.PCURVE_S1.);
#6884 = LINE('',#6885,#6886);
#6885 = CARTESIAN_POINT('',(-5.25,-14.8,16.7));
#6886 = VECTOR('',#6887,1.);
#6887 = DIRECTION('',(-1.,4.492797686314E-31,-6.994405055138E-15));
#6888 = PCURVE('',#6852,#6889);
#6889 = DEFINITIONAL_REPRESENTATION('',(#6890),#6894);
#6890 = LINE('',#6891,#6892);
#6891 = CARTESIAN_POINT('',(1.8,-9.325873406846E-16));
#6892 = VECTOR('',#6893,1.);
#6893 = DIRECTION('',(-1.110223024625E-16,1.));
#6894 = ( GEOMETRIC_REPRESENTATION_CONTEXT(2) 
PARAMETRIC_REPRESENTATION_CONTEXT() REPRESENTATION_CONTEXT('2D SPACE',''
  ) );
#6895 = ORIENTED_EDGE('',*,*,#6896,.T.);
#6896 = EDGE_CURVE('',#6881,#6844,#6897,.T.);
#6897 = SURFACE_CURVE('',#6898,(#6902),.PCURVE_S1.);
#6898 = LINE('',#6899,#6900);
#6899 = CARTESIAN_POINT('',(5.25,-14.8,18.5));
#6900 = VECTOR('',#6901,1.);
#6901 = DIRECTION('',(-1.224606353822E-16,3.736531122127E-15,1.));
#6902 = PCURVE('',#6852,#6903);
#6903 = DEFINITIONAL_REPRESENTATION('',(#6904),#6908);
#6904 = LINE('',#6905,#6906);
#6905 = CARTESIAN_POINT('',(7.93809462607E-14,-10.5));
#6906 = VECTOR('',#6907,1.);
#6907 = DIRECTION('',(-1.,-6.982966722219E-15));
#6908 = ( GEOMETRIC_REPRESENTATION_CONTEXT(2) 
PARAMETRIC_REPRESENTATION_CONTEXT() REPRESENTATION_CONTEXT('2D SPACE',''
  ) );
#6909 = SHELL_BASED_SURFACE_MODEL('',(#6910));
#6910 = OPEN_SHELL('',(#6911));
#6911 = ADVANCED_FACE('',(#6912),#6926,.F.);
#6912 = FACE_BOUND('',#6913,.T.);
#6913 = EDGE_LOOP('',(#6914,#6937,#6953,#6969));
#6914 = ORIENTED_EDGE('',*,*,#6915,.T.);
#6915 = EDGE_CURVE('',#6916,#6918,#6920,.T.);
#6916 = VERTEX_POINT('',#6917);
#6917 = CARTESIAN_POINT('',(5.25,-14.8,16.7));
#6918 = VERTEX_POINT('',#6919);
#6919 = CARTESIAN_POINT('',(4.75,-14.8,16.7));
#6920 = SURFACE_CURVE('',#6921,(#6925),.PCURVE_S1.);
#6921 = LINE('',#6922,#6923);
#6922 = CARTESIAN_POINT('',(-5.25,-14.8,16.7));
#6923 = VECTOR('',#6924,1.);
#6924 = DIRECTION('',(-1.,4.492797686314E-31,-6.994405055138E-15));
#6925 = PCURVE('',#6926,#6931);
#6926 = PLANE('',#6927);
#6927 = AXIS2_PLACEMENT_3D('',#6928,#6929,#6930);
#6928 = CARTESIAN_POINT('',(-5.25,-15.6,16.7));
#6929 = DIRECTION('',(1.143833291972E-17,2.758299773102E-45,-1.));
#6930 = DIRECTION('',(1.,-2.484455566064E-29,1.143833291972E-17));
#6931 = DEFINITIONAL_REPRESENTATION('',(#6932),#6936);
#6932 = LINE('',#6933,#6934);
#6933 = CARTESIAN_POINT('',(1.33226762955E-14,-0.8));
#6934 = VECTOR('',#6935,1.);
#6935 = DIRECTION('',(-1.,2.439527589201E-29));
#6936 = ( GEOMETRIC_REPRESENTATION_CONTEXT(2) 
PARAMETRIC_REPRESENTATION_CONTEXT() REPRESENTATION_CONTEXT('2D SPACE',''
  ) );
#6937 = ORIENTED_EDGE('',*,*,#6938,.F.);
#6938 = EDGE_CURVE('',#6939,#6918,#6941,.T.);
#6939 = VERTEX_POINT('',#6940);
#6940 = CARTESIAN_POINT('',(4.75,-15.6,16.7));
#6941 = SURFACE_CURVE('',#6942,(#6946),.PCURVE_S1.);
#6942 = LINE('',#6943,#6944);
#6943 = CARTESIAN_POINT('',(4.75,-15.6,16.7));
#6944 = VECTOR('',#6945,1.);
#6945 = DIRECTION('',(2.522121711592E-29,1.,2.366582715663E-30));
#6946 = PCURVE('',#6926,#6947);
#6947 = DEFINITIONAL_REPRESENTATION('',(#6948),#6952);
#6948 = LINE('',#6949,#6950);
#6949 = CARTESIAN_POINT('',(10.,-2.484455566064E-28));
#6950 = VECTOR('',#6951,1.);
#6951 = DIRECTION('',(3.766614552829E-31,-1.));
#6952 = ( GEOMETRIC_REPRESENTATION_CONTEXT(2) 
PARAMETRIC_REPRESENTATION_CONTEXT() REPRESENTATION_CONTEXT('2D SPACE',''
  ) );
#6953 = ORIENTED_EDGE('',*,*,#6954,.T.);
#6954 = EDGE_CURVE('',#6939,#6955,#6957,.T.);
#6955 = VERTEX_POINT('',#6956);
#6956 = CARTESIAN_POINT('',(5.25,-15.6,16.7));
#6957 = SURFACE_CURVE('',#6958,(#6962),.PCURVE_S1.);
#6958 = LINE('',#6959,#6960);
#6959 = CARTESIAN_POINT('',(-5.25,-15.6,16.7));
#6960 = VECTOR('',#6961,1.);
#6961 = DIRECTION('',(1.,-8.69887973666E-31,6.994405055138E-15));
#6962 = PCURVE('',#6926,#6963);
#6963 = DEFINITIONAL_REPRESENTATION('',(#6964),#6968);
#6964 = LINE('',#6965,#6966);
#6965 = CARTESIAN_POINT('',(1.33226762955E-14,-3.309959727723E-43));
#6966 = VECTOR('',#6967,1.);
#6967 = DIRECTION('',(1.,-2.397466768697E-29));
#6968 = ( GEOMETRIC_REPRESENTATION_CONTEXT(2) 
PARAMETRIC_REPRESENTATION_CONTEXT() REPRESENTATION_CONTEXT('2D SPACE',''
  ) );
#6969 = ORIENTED_EDGE('',*,*,#6970,.T.);
#6970 = EDGE_CURVE('',#6955,#6916,#6971,.T.);
#6971 = SURFACE_CURVE('',#6972,(#6976),.PCURVE_S1.);
#6972 = LINE('',#6973,#6974);
#6973 = CARTESIAN_POINT('',(5.25,-16.55,16.7));
#6974 = VECTOR('',#6975,1.);
#6975 = DIRECTION('',(4.423027891862E-31,1.,-3.736531122127E-15));
#6976 = PCURVE('',#6926,#6977);
#6977 = DEFINITIONAL_REPRESENTATION('',(#6978),#6982);
#6978 = LINE('',#6979,#6980);
#6979 = CARTESIAN_POINT('',(10.5,0.95));
#6980 = VECTOR('',#6981,1.);
#6981 = DIRECTION('',(-2.444499255839E-29,-1.));
#6982 = ( GEOMETRIC_REPRESENTATION_CONTEXT(2) 
PARAMETRIC_REPRESENTATION_CONTEXT() REPRESENTATION_CONTEXT('2D SPACE',''
  ) );
#6983 = SHELL_BASED_SURFACE_MODEL('',(#6984));
#6984 = OPEN_SHELL('',(#6985));
#6985 = ADVANCED_FACE('',(#6986),#7000,.F.);
#6986 = FACE_BOUND('',#6987,.T.);
#6987 = EDGE_LOOP('',(#6988,#7011,#7027,#7043,#7059,#7075,#7091,#7107,
    #7123,#7139,#7155,#7171,#7187,#7203));
#6988 = ORIENTED_EDGE('',*,*,#6989,.T.);
#6989 = EDGE_CURVE('',#6990,#6992,#6994,.T.);
#6990 = VERTEX_POINT('',#6991);
#6991 = CARTESIAN_POINT('',(4.75,-15.6,16.7));
#6992 = VERTEX_POINT('',#6993);
#6993 = CARTESIAN_POINT('',(4.75,-14.8,16.7));
#6994 = SURFACE_CURVE('',#6995,(#6999),.PCURVE_S1.);
#6995 = LINE('',#6996,#6997);
#6996 = CARTESIAN_POINT('',(4.75,-15.6,16.7));
#6997 = VECTOR('',#6998,1.);
#6998 = DIRECTION('',(2.522121711592E-29,1.,2.366582715663E-30));
#6999 = PCURVE('',#7000,#7005);
#7000 = PLANE('',#7001);
#7001 = AXIS2_PLACEMENT_3D('',#7002,#7003,#7004);
#7002 = CARTESIAN_POINT('',(4.75,-13.45,15.4));
#7003 = DIRECTION('',(1.,8.067749298393E-31,1.224606353822E-16));
#7004 = DIRECTION('',(-1.224606353822E-16,3.736531122127E-15,1.));
#7005 = DEFINITIONAL_REPRESENTATION('',(#7006),#7010);
#7006 = LINE('',#7007,#7008);
#7007 = CARTESIAN_POINT('',(1.3,2.15));
#7008 = VECTOR('',#7009,1.);
#7009 = DIRECTION('',(3.736531122127E-15,-1.));
#7010 = ( GEOMETRIC_REPRESENTATION_CONTEXT(2) 
PARAMETRIC_REPRESENTATION_CONTEXT() REPRESENTATION_CONTEXT('2D SPACE',''
  ) );
#7011 = ORIENTED_EDGE('',*,*,#7012,.T.);
#7012 = EDGE_CURVE('',#6992,#7013,#7015,.T.);
#7013 = VERTEX_POINT('',#7014);
#7014 = CARTESIAN_POINT('',(4.75,-14.8,18.5));
#7015 = SURFACE_CURVE('',#7016,(#7020),.PCURVE_S1.);
#7016 = LINE('',#7017,#7018);
#7017 = CARTESIAN_POINT('',(4.75,-14.8,18.5));
#7018 = VECTOR('',#7019,1.);
#7019 = DIRECTION('',(-7.105427357601E-15,-1.204669080539E-16,1.));
#7020 = PCURVE('',#7000,#7021);
#7021 = DEFINITIONAL_REPRESENTATION('',(#7022),#7026);
#7022 = LINE('',#7023,#7024);
#7023 = CARTESIAN_POINT('',(3.1,1.35));
#7024 = VECTOR('',#7025,1.);
#7025 = DIRECTION('',(1.,3.856998030181E-15));
#7026 = ( GEOMETRIC_REPRESENTATION_CONTEXT(2) 
PARAMETRIC_REPRESENTATION_CONTEXT() REPRESENTATION_CONTEXT('2D SPACE',''
  ) );
#7027 = ORIENTED_EDGE('',*,*,#7028,.F.);
#7028 = EDGE_CURVE('',#7029,#7013,#7031,.T.);
#7029 = VERTEX_POINT('',#7030);
#7030 = CARTESIAN_POINT('',(4.75,-13.45,18.5));
#7031 = SURFACE_CURVE('',#7032,(#7036),.PCURVE_S1.);
#7032 = LINE('',#7033,#7034);
#7033 = CARTESIAN_POINT('',(4.75,-13.45,18.5));
#7034 = VECTOR('',#7035,1.);
#7035 = DIRECTION('',(-4.423027891862E-31,-1.,3.736531122127E-15));
#7036 = PCURVE('',#7000,#7037);
#7037 = DEFINITIONAL_REPRESENTATION('',(#7038),#7042);
#7038 = LINE('',#7039,#7040);
#7039 = CARTESIAN_POINT('',(3.1,2.589716274181E-16));
#7040 = VECTOR('',#7041,1.);
#7041 = DIRECTION('',(-7.88860905221E-31,1.));
#7042 = ( GEOMETRIC_REPRESENTATION_CONTEXT(2) 
PARAMETRIC_REPRESENTATION_CONTEXT() REPRESENTATION_CONTEXT('2D SPACE',''
  ) );
#7043 = ORIENTED_EDGE('',*,*,#7044,.T.);
#7044 = EDGE_CURVE('',#7029,#7045,#7047,.T.);
#7045 = VERTEX_POINT('',#7046);
#7046 = CARTESIAN_POINT('',(4.75,-13.45,15.1));
#7047 = SURFACE_CURVE('',#7048,(#7052),.PCURVE_S1.);
#7048 = LINE('',#7049,#7050);
#7049 = CARTESIAN_POINT('',(4.75,-13.45,15.4));
#7050 = VECTOR('',#7051,1.);
#7051 = DIRECTION('',(7.105427357601E-15,-7.88860905221E-31,-1.));
#7052 = PCURVE('',#7000,#7053);
#7053 = DEFINITIONAL_REPRESENTATION('',(#7054),#7058);
#7054 = LINE('',#7055,#7056);
#7055 = CARTESIAN_POINT('',(6.750155989721E-14,2.522216793481E-28));
#7056 = VECTOR('',#7057,1.);
#7057 = DIRECTION('',(-1.,-3.736531122127E-15));
#7058 = ( GEOMETRIC_REPRESENTATION_CONTEXT(2) 
PARAMETRIC_REPRESENTATION_CONTEXT() REPRESENTATION_CONTEXT('2D SPACE',''
  ) );
#7059 = ORIENTED_EDGE('',*,*,#7060,.F.);
#7060 = EDGE_CURVE('',#7061,#7045,#7063,.T.);
#7061 = VERTEX_POINT('',#7062);
#7062 = CARTESIAN_POINT('',(4.75,-14.5,15.1));
#7063 = SURFACE_CURVE('',#7064,(#7068),.PCURVE_S1.);
#7064 = LINE('',#7065,#7066);
#7065 = CARTESIAN_POINT('',(4.75,-13.45,15.1));
#7066 = VECTOR('',#7067,1.);
#7067 = DIRECTION('',(2.51959271946E-29,1.,2.065146995211E-16));
#7068 = PCURVE('',#7000,#7069);
#7069 = DEFINITIONAL_REPRESENTATION('',(#7070),#7074);
#7070 = LINE('',#7071,#7072);
#7071 = CARTESIAN_POINT('',(-0.3,-6.768701267881E-16));
#7072 = VECTOR('',#7073,1.);
#7073 = DIRECTION('',(3.943045821648E-15,-1.));
#7074 = ( GEOMETRIC_REPRESENTATION_CONTEXT(2) 
PARAMETRIC_REPRESENTATION_CONTEXT() REPRESENTATION_CONTEXT('2D SPACE',''
  ) );
#7075 = ORIENTED_EDGE('',*,*,#7076,.F.);
#7076 = EDGE_CURVE('',#7077,#7061,#7079,.T.);
#7077 = VERTEX_POINT('',#7078);
#7078 = CARTESIAN_POINT('',(4.75,-14.8,15.4));
#7079 = SURFACE_CURVE('',#7080,(#7084),.PCURVE_S1.);
#7080 = LINE('',#7081,#7082);
#7081 = CARTESIAN_POINT('',(4.75,-14.8,15.4));
#7082 = VECTOR('',#7083,1.);
#7083 = DIRECTION('',(9.355134232992E-16,0.707106781187,-0.707106781187)
  );
#7084 = PCURVE('',#7000,#7085);
#7085 = DEFINITIONAL_REPRESENTATION('',(#7086),#7090);
#7086 = LINE('',#7087,#7088);
#7087 = CARTESIAN_POINT('',(2.061110342729E-15,1.35));
#7088 = VECTOR('',#7089,1.);
#7089 = DIRECTION('',(-0.707106781187,-0.707106781187));
#7090 = ( GEOMETRIC_REPRESENTATION_CONTEXT(2) 
PARAMETRIC_REPRESENTATION_CONTEXT() REPRESENTATION_CONTEXT('2D SPACE',''
  ) );
#7091 = ORIENTED_EDGE('',*,*,#7092,.F.);
#7092 = EDGE_CURVE('',#7093,#7077,#7095,.T.);
#7093 = VERTEX_POINT('',#7094);
#7094 = CARTESIAN_POINT('',(4.75,-16.15,15.4));
#7095 = SURFACE_CURVE('',#7096,(#7100),.PCURVE_S1.);
#7096 = LINE('',#7097,#7098);
#7097 = CARTESIAN_POINT('',(4.75,-13.45,15.4));
#7098 = VECTOR('',#7099,1.);
#7099 = DIRECTION('',(2.522121711592E-29,1.,2.366582715663E-30));
#7100 = PCURVE('',#7000,#7101);
#7101 = DEFINITIONAL_REPRESENTATION('',(#7102),#7106);
#7102 = LINE('',#7103,#7104);
#7103 = CARTESIAN_POINT('',(-3.318706307211E-30,8.881784197001E-16));
#7104 = VECTOR('',#7105,1.);
#7105 = DIRECTION('',(3.736531122127E-15,-1.));
#7106 = ( GEOMETRIC_REPRESENTATION_CONTEXT(2) 
PARAMETRIC_REPRESENTATION_CONTEXT() REPRESENTATION_CONTEXT('2D SPACE',''
  ) );
#7107 = ORIENTED_EDGE('',*,*,#7108,.F.);
#7108 = EDGE_CURVE('',#7109,#7093,#7111,.T.);
#7109 = VERTEX_POINT('',#7110);
#7110 = CARTESIAN_POINT('',(4.75,-16.15,13.5));
#7111 = SURFACE_CURVE('',#7112,(#7116),.PCURVE_S1.);
#7112 = LINE('',#7113,#7114);
#7113 = CARTESIAN_POINT('',(4.75,-16.15,15.4));
#7114 = VECTOR('',#7115,1.);
#7115 = DIRECTION('',(-1.224606353822E-16,3.736531122127E-15,1.));
#7116 = PCURVE('',#7000,#7117);
#7117 = DEFINITIONAL_REPRESENTATION('',(#7118),#7122);
#7118 = LINE('',#7119,#7120);
#7119 = CARTESIAN_POINT('',(5.695070066578E-16,2.7));
#7120 = VECTOR('',#7121,1.);
#7121 = DIRECTION('',(1.,1.173969058359E-46));
#7122 = ( GEOMETRIC_REPRESENTATION_CONTEXT(2) 
PARAMETRIC_REPRESENTATION_CONTEXT() REPRESENTATION_CONTEXT('2D SPACE',''
  ) );
#7123 = ORIENTED_EDGE('',*,*,#7124,.F.);
#7124 = EDGE_CURVE('',#7125,#7109,#7127,.T.);
#7125 = VERTEX_POINT('',#7126);
#7126 = CARTESIAN_POINT('',(4.75,-16.55,13.5));
#7127 = SURFACE_CURVE('',#7128,(#7132),.PCURVE_S1.);
#7128 = LINE('',#7129,#7130);
#7129 = CARTESIAN_POINT('',(4.75,-13.45,13.5));
#7130 = VECTOR('',#7131,1.);
#7131 = DIRECTION('',(4.423027891862E-31,1.,-3.736531122127E-15));
#7132 = PCURVE('',#7000,#7133);
#7133 = DEFINITIONAL_REPRESENTATION('',(#7134),#7138);
#7134 = LINE('',#7135,#7136);
#7135 = CARTESIAN_POINT('',(-1.9,2.280628304841E-16));
#7136 = VECTOR('',#7137,1.);
#7137 = DIRECTION('',(7.88860905221E-31,-1.));
#7138 = ( GEOMETRIC_REPRESENTATION_CONTEXT(2) 
PARAMETRIC_REPRESENTATION_CONTEXT() REPRESENTATION_CONTEXT('2D SPACE',''
  ) );
#7139 = ORIENTED_EDGE('',*,*,#7140,.T.);
#7140 = EDGE_CURVE('',#7125,#7141,#7143,.T.);
#7141 = VERTEX_POINT('',#7142);
#7142 = CARTESIAN_POINT('',(4.75,-16.55,16.7));
#7143 = SURFACE_CURVE('',#7144,(#7148),.PCURVE_S1.);
#7144 = LINE('',#7145,#7146);
#7145 = CARTESIAN_POINT('',(4.75,-16.55,13.5));
#7146 = VECTOR('',#7147,1.);
#7147 = DIRECTION('',(-7.105427357601E-15,1.577721810442E-30,1.));
#7148 = PCURVE('',#7000,#7149);
#7149 = DEFINITIONAL_REPRESENTATION('',(#7150),#7154);
#7150 = LINE('',#7151,#7152);
#7151 = CARTESIAN_POINT('',(-1.9,3.1));
#7152 = VECTOR('',#7153,1.);
#7153 = DIRECTION('',(1.,3.736531122127E-15));
#7154 = ( GEOMETRIC_REPRESENTATION_CONTEXT(2) 
PARAMETRIC_REPRESENTATION_CONTEXT() REPRESENTATION_CONTEXT('2D SPACE',''
  ) );
#7155 = ORIENTED_EDGE('',*,*,#7156,.F.);
#7156 = EDGE_CURVE('',#7157,#7141,#7159,.T.);
#7157 = VERTEX_POINT('',#7158);
#7158 = CARTESIAN_POINT('',(4.75,-16.15,16.7));
#7159 = SURFACE_CURVE('',#7160,(#7164),.PCURVE_S1.);
#7160 = LINE('',#7161,#7162);
#7161 = CARTESIAN_POINT('',(4.75,-13.45,16.7));
#7162 = VECTOR('',#7163,1.);
#7163 = DIRECTION('',(-4.423027891862E-31,-1.,3.736531122127E-15));
#7164 = PCURVE('',#7000,#7165);
#7165 = DEFINITIONAL_REPRESENTATION('',(#7166),#7170);
#7166 = LINE('',#7167,#7168);
#7167 = CARTESIAN_POINT('',(1.3,1.945537553398E-16));
#7168 = VECTOR('',#7169,1.);
#7169 = DIRECTION('',(-7.88860905221E-31,1.));
#7170 = ( GEOMETRIC_REPRESENTATION_CONTEXT(2) 
PARAMETRIC_REPRESENTATION_CONTEXT() REPRESENTATION_CONTEXT('2D SPACE',''
  ) );
#7171 = ORIENTED_EDGE('',*,*,#7172,.F.);
#7172 = EDGE_CURVE('',#7173,#7157,#7175,.T.);
#7173 = VERTEX_POINT('',#7174);
#7174 = CARTESIAN_POINT('',(4.75,-16.15,18.5));
#7175 = SURFACE_CURVE('',#7176,(#7180),.PCURVE_S1.);
#7176 = LINE('',#7177,#7178);
#7177 = CARTESIAN_POINT('',(4.75,-16.15,15.4));
#7178 = VECTOR('',#7179,1.);
#7179 = DIRECTION('',(1.224606353822E-16,-3.736531122127E-15,-1.));
#7180 = PCURVE('',#7000,#7181);
#7181 = DEFINITIONAL_REPRESENTATION('',(#7182),#7186);
#7182 = LINE('',#7183,#7184);
#7183 = CARTESIAN_POINT('',(5.695070066577E-16,2.7));
#7184 = VECTOR('',#7185,1.);
#7185 = DIRECTION('',(-1.,-1.173969058359E-46));
#7186 = ( GEOMETRIC_REPRESENTATION_CONTEXT(2) 
PARAMETRIC_REPRESENTATION_CONTEXT() REPRESENTATION_CONTEXT('2D SPACE',''
  ) );
#7187 = ORIENTED_EDGE('',*,*,#7188,.F.);
#7188 = EDGE_CURVE('',#7189,#7173,#7191,.T.);
#7189 = VERTEX_POINT('',#7190);
#7190 = CARTESIAN_POINT('',(4.75,-15.6,18.5));
#7191 = SURFACE_CURVE('',#7192,(#7196),.PCURVE_S1.);
#7192 = LINE('',#7193,#7194);
#7193 = CARTESIAN_POINT('',(4.75,-13.45,18.5));
#7194 = VECTOR('',#7195,1.);
#7195 = DIRECTION('',(-4.423027891862E-31,-1.,3.736531122127E-15));
#7196 = PCURVE('',#7000,#7197);
#7197 = DEFINITIONAL_REPRESENTATION('',(#7198),#7202);
#7198 = LINE('',#7199,#7200);
#7199 = CARTESIAN_POINT('',(3.1,2.58971627418E-16));
#7200 = VECTOR('',#7201,1.);
#7201 = DIRECTION('',(-7.88860905221E-31,1.));
#7202 = ( GEOMETRIC_REPRESENTATION_CONTEXT(2) 
PARAMETRIC_REPRESENTATION_CONTEXT() REPRESENTATION_CONTEXT('2D SPACE',''
  ) );
#7203 = ORIENTED_EDGE('',*,*,#7204,.T.);
#7204 = EDGE_CURVE('',#7189,#6990,#7205,.T.);
#7205 = SURFACE_CURVE('',#7206,(#7210),.PCURVE_S1.);
#7206 = LINE('',#7207,#7208);
#7207 = CARTESIAN_POINT('',(4.75,-15.6,18.5));
#7208 = VECTOR('',#7209,1.);
#7209 = DIRECTION('',(7.105427357601E-15,1.807003620809E-16,-1.));
#7210 = PCURVE('',#7000,#7211);
#7211 = DEFINITIONAL_REPRESENTATION('',(#7212),#7216);
#7212 = LINE('',#7213,#7214);
#7213 = CARTESIAN_POINT('',(3.1,2.15));
#7214 = VECTOR('',#7215,1.);
#7215 = DIRECTION('',(-1.,-3.917231484208E-15));
#7216 = ( GEOMETRIC_REPRESENTATION_CONTEXT(2) 
PARAMETRIC_REPRESENTATION_CONTEXT() REPRESENTATION_CONTEXT('2D SPACE',''
  ) );
#7217 = SHELL_BASED_SURFACE_MODEL('',(#7218));
#7218 = OPEN_SHELL('',(#7219));
#7219 = ADVANCED_FACE('',(#7220),#7234,.F.);
#7220 = FACE_BOUND('',#7221,.T.);
#7221 = EDGE_LOOP('',(#7222,#7245,#7261,#7277,#7293,#7309,#7325,#7341));
#7222 = ORIENTED_EDGE('',*,*,#7223,.T.);
#7223 = EDGE_CURVE('',#7224,#7226,#7228,.T.);
#7224 = VERTEX_POINT('',#7225);
#7225 = CARTESIAN_POINT('',(4.75,-15.6,18.5));
#7226 = VERTEX_POINT('',#7227);
#7227 = CARTESIAN_POINT('',(4.75,-16.15,18.5));
#7228 = SURFACE_CURVE('',#7229,(#7233),.PCURVE_S1.);
#7229 = LINE('',#7230,#7231);
#7230 = CARTESIAN_POINT('',(4.75,-13.45,18.5));
#7231 = VECTOR('',#7232,1.);
#7232 = DIRECTION('',(-4.423027891862E-31,-1.,3.736531122127E-15));
#7233 = PCURVE('',#7234,#7239);
#7234 = PLANE('',#7235);
#7235 = AXIS2_PLACEMENT_3D('',#7236,#7237,#7238);
#7236 = CARTESIAN_POINT('',(5.25,-16.55,18.5));
#7237 = DIRECTION('',(1.143833291972E-17,2.758299773102E-45,-1.));
#7238 = DIRECTION('',(1.,-2.484455566064E-29,1.143833291972E-17));
#7239 = DEFINITIONAL_REPRESENTATION('',(#7240),#7244);
#7240 = LINE('',#7241,#7242);
#7241 = CARTESIAN_POINT('',(-0.5,-3.1));
#7242 = VECTOR('',#7243,1.);
#7243 = DIRECTION('',(2.444499255839E-29,1.));
#7244 = ( GEOMETRIC_REPRESENTATION_CONTEXT(2) 
PARAMETRIC_REPRESENTATION_CONTEXT() REPRESENTATION_CONTEXT('2D SPACE',''
  ) );
#7245 = ORIENTED_EDGE('',*,*,#7246,.F.);
#7246 = EDGE_CURVE('',#7247,#7226,#7249,.T.);
#7247 = VERTEX_POINT('',#7248);
#7248 = CARTESIAN_POINT('',(-4.75,-16.15,18.5));
#7249 = SURFACE_CURVE('',#7250,(#7254),.PCURVE_S1.);
#7250 = LINE('',#7251,#7252);
#7251 = CARTESIAN_POINT('',(5.25,-16.15,18.5));
#7252 = VECTOR('',#7253,1.);
#7253 = DIRECTION('',(1.,-2.484455566064E-29,1.143833291972E-17));
#7254 = PCURVE('',#7234,#7255);
#7255 = DEFINITIONAL_REPRESENTATION('',(#7256),#7260);
#7256 = LINE('',#7257,#7258);
#7257 = CARTESIAN_POINT('',(-9.937822264256E-30,-0.4));
#7258 = VECTOR('',#7259,1.);
#7259 = DIRECTION('',(1.,0.));
#7260 = ( GEOMETRIC_REPRESENTATION_CONTEXT(2) 
PARAMETRIC_REPRESENTATION_CONTEXT() REPRESENTATION_CONTEXT('2D SPACE',''
  ) );
#7261 = ORIENTED_EDGE('',*,*,#7262,.T.);
#7262 = EDGE_CURVE('',#7247,#7263,#7265,.T.);
#7263 = VERTEX_POINT('',#7264);
#7264 = CARTESIAN_POINT('',(-4.75,-15.6,18.5));
#7265 = SURFACE_CURVE('',#7266,(#7270),.PCURVE_S1.);
#7266 = LINE('',#7267,#7268);
#7267 = CARTESIAN_POINT('',(-4.75,-13.45,18.5));
#7268 = VECTOR('',#7269,1.);
#7269 = DIRECTION('',(4.423027891862E-31,1.,-3.736531122127E-15));
#7270 = PCURVE('',#7234,#7271);
#7271 = DEFINITIONAL_REPRESENTATION('',(#7272),#7276);
#7272 = LINE('',#7273,#7274);
#7273 = CARTESIAN_POINT('',(-10.,-3.1));
#7274 = VECTOR('',#7275,1.);
#7275 = DIRECTION('',(-2.444499255839E-29,-1.));
#7276 = ( GEOMETRIC_REPRESENTATION_CONTEXT(2) 
PARAMETRIC_REPRESENTATION_CONTEXT() REPRESENTATION_CONTEXT('2D SPACE',''
  ) );
#7277 = ORIENTED_EDGE('',*,*,#7278,.T.);
#7278 = EDGE_CURVE('',#7263,#7279,#7281,.T.);
#7279 = VERTEX_POINT('',#7280);
#7280 = CARTESIAN_POINT('',(-5.25,-15.6,18.5));
#7281 = SURFACE_CURVE('',#7282,(#7286),.PCURVE_S1.);
#7282 = LINE('',#7283,#7284);
#7283 = CARTESIAN_POINT('',(-5.25,-15.6,18.5));
#7284 = VECTOR('',#7285,1.);
#7285 = DIRECTION('',(-1.,8.69887973666E-31,-6.994405055138E-15));
#7286 = PCURVE('',#7234,#7287);
#7287 = DEFINITIONAL_REPRESENTATION('',(#7288),#7292);
#7288 = LINE('',#7289,#7290);
#7289 = CARTESIAN_POINT('',(-10.5,-0.95));
#7290 = VECTOR('',#7291,1.);
#7291 = DIRECTION('',(-1.,2.397466768697E-29));
#7292 = ( GEOMETRIC_REPRESENTATION_CONTEXT(2) 
PARAMETRIC_REPRESENTATION_CONTEXT() REPRESENTATION_CONTEXT('2D SPACE',''
  ) );
#7293 = ORIENTED_EDGE('',*,*,#7294,.F.);
#7294 = EDGE_CURVE('',#7295,#7279,#7297,.T.);
#7295 = VERTEX_POINT('',#7296);
#7296 = CARTESIAN_POINT('',(-5.25,-16.55,18.5));
#7297 = SURFACE_CURVE('',#7298,(#7302),.PCURVE_S1.);
#7298 = LINE('',#7299,#7300);
#7299 = CARTESIAN_POINT('',(-5.25,-16.55,18.5));
#7300 = VECTOR('',#7301,1.);
#7301 = DIRECTION('',(2.522121711592E-29,1.,2.366582715663E-30));
#7302 = PCURVE('',#7234,#7303);
#7303 = DEFINITIONAL_REPRESENTATION('',(#7304),#7308);
#7304 = LINE('',#7305,#7306);
#7305 = CARTESIAN_POINT('',(-10.5,2.608678344367E-28));
#7306 = VECTOR('',#7307,1.);
#7307 = DIRECTION('',(3.766614552829E-31,-1.));
#7308 = ( GEOMETRIC_REPRESENTATION_CONTEXT(2) 
PARAMETRIC_REPRESENTATION_CONTEXT() REPRESENTATION_CONTEXT('2D SPACE',''
  ) );
#7309 = ORIENTED_EDGE('',*,*,#7310,.T.);
#7310 = EDGE_CURVE('',#7295,#7311,#7313,.T.);
#7311 = VERTEX_POINT('',#7312);
#7312 = CARTESIAN_POINT('',(5.25,-16.55,18.5));
#7313 = SURFACE_CURVE('',#7314,(#7318),.PCURVE_S1.);
#7314 = LINE('',#7315,#7316);
#7315 = CARTESIAN_POINT('',(5.25,-16.55,18.5));
#7316 = VECTOR('',#7317,1.);
#7317 = DIRECTION('',(1.,3.919366414379E-31,6.994405055138E-15));
#7318 = PCURVE('',#7234,#7319);
#7319 = DEFINITIONAL_REPRESENTATION('',(#7320),#7324);
#7320 = LINE('',#7321,#7322);
#7321 = CARTESIAN_POINT('',(-3.641531520771E-14,9.047223255776E-43));
#7322 = VECTOR('',#7323,1.);
#7323 = DIRECTION('',(1.,-2.523649230208E-29));
#7324 = ( GEOMETRIC_REPRESENTATION_CONTEXT(2) 
PARAMETRIC_REPRESENTATION_CONTEXT() REPRESENTATION_CONTEXT('2D SPACE',''
  ) );
#7325 = ORIENTED_EDGE('',*,*,#7326,.F.);
#7326 = EDGE_CURVE('',#7327,#7311,#7329,.T.);
#7327 = VERTEX_POINT('',#7328);
#7328 = CARTESIAN_POINT('',(5.25,-15.6,18.5));
#7329 = SURFACE_CURVE('',#7330,(#7334),.PCURVE_S1.);
#7330 = LINE('',#7331,#7332);
#7331 = CARTESIAN_POINT('',(5.25,-16.55,18.5));
#7332 = VECTOR('',#7333,1.);
#7333 = DIRECTION('',(-2.522121711592E-29,-1.,-2.366582715663E-30));
#7334 = PCURVE('',#7234,#7335);
#7335 = DEFINITIONAL_REPRESENTATION('',(#7336),#7340);
#7336 = LINE('',#7337,#7338);
#7337 = CARTESIAN_POINT('',(-2.6645352591E-15,6.619919455446E-44));
#7338 = VECTOR('',#7339,1.);
#7339 = DIRECTION('',(-3.766614552829E-31,1.));
#7340 = ( GEOMETRIC_REPRESENTATION_CONTEXT(2) 
PARAMETRIC_REPRESENTATION_CONTEXT() REPRESENTATION_CONTEXT('2D SPACE',''
  ) );
#7341 = ORIENTED_EDGE('',*,*,#7342,.F.);
#7342 = EDGE_CURVE('',#7224,#7327,#7343,.T.);
#7343 = SURFACE_CURVE('',#7344,(#7348),.PCURVE_S1.);
#7344 = LINE('',#7345,#7346);
#7345 = CARTESIAN_POINT('',(5.25,-15.6,18.5));
#7346 = VECTOR('',#7347,1.);
#7347 = DIRECTION('',(1.,-2.484455566064E-29,1.143833291972E-17));
#7348 = PCURVE('',#7234,#7349);
#7349 = DEFINITIONAL_REPRESENTATION('',(#7350),#7354);
#7350 = LINE('',#7351,#7352);
#7351 = CARTESIAN_POINT('',(-2.360232787761E-29,-0.95));
#7352 = VECTOR('',#7353,1.);
#7353 = DIRECTION('',(1.,0.));
#7354 = ( GEOMETRIC_REPRESENTATION_CONTEXT(2) 
PARAMETRIC_REPRESENTATION_CONTEXT() REPRESENTATION_CONTEXT('2D SPACE',''
  ) );
#7355 = SHELL_BASED_SURFACE_MODEL('',(#7356));
#7356 = OPEN_SHELL('',(#7357));
#7357 = ADVANCED_FACE('',(#7358),#7372,.F.);
#7358 = FACE_BOUND('',#7359,.T.);
#7359 = EDGE_LOOP('',(#7360,#7383,#7399,#7415,#7431,#7447,#7463,#7479,
    #7495,#7511,#7527,#7543,#7559,#7575));
#7360 = ORIENTED_EDGE('',*,*,#7361,.F.);
#7361 = EDGE_CURVE('',#7362,#7364,#7366,.T.);
#7362 = VERTEX_POINT('',#7363);
#7363 = CARTESIAN_POINT('',(-4.75,-16.15,18.5));
#7364 = VERTEX_POINT('',#7365);
#7365 = CARTESIAN_POINT('',(-4.75,-15.6,18.5));
#7366 = SURFACE_CURVE('',#7367,(#7371),.PCURVE_S1.);
#7367 = LINE('',#7368,#7369);
#7368 = CARTESIAN_POINT('',(-4.75,-13.45,18.5));
#7369 = VECTOR('',#7370,1.);
#7370 = DIRECTION('',(4.423027891862E-31,1.,-3.736531122127E-15));
#7371 = PCURVE('',#7372,#7377);
#7372 = PLANE('',#7373);
#7373 = AXIS2_PLACEMENT_3D('',#7374,#7375,#7376);
#7374 = CARTESIAN_POINT('',(-4.75,-13.45,15.4));
#7375 = DIRECTION('',(-1.,-8.067749298393E-31,-1.224606353822E-16));
#7376 = DIRECTION('',(1.224606353822E-16,-3.736531122127E-15,-1.));
#7377 = DEFINITIONAL_REPRESENTATION('',(#7378),#7382);
#7378 = LINE('',#7379,#7380);
#7379 = CARTESIAN_POINT('',(-3.1,2.589716274179E-16));
#7380 = VECTOR('',#7381,1.);
#7381 = DIRECTION('',(-7.88860905221E-31,-1.));
#7382 = ( GEOMETRIC_REPRESENTATION_CONTEXT(2) 
PARAMETRIC_REPRESENTATION_CONTEXT() REPRESENTATION_CONTEXT('2D SPACE',''
  ) );
#7383 = ORIENTED_EDGE('',*,*,#7384,.F.);
#7384 = EDGE_CURVE('',#7385,#7362,#7387,.T.);
#7385 = VERTEX_POINT('',#7386);
#7386 = CARTESIAN_POINT('',(-4.75,-16.15,16.7));
#7387 = SURFACE_CURVE('',#7388,(#7392),.PCURVE_S1.);
#7388 = LINE('',#7389,#7390);
#7389 = CARTESIAN_POINT('',(-4.75,-16.15,15.4));
#7390 = VECTOR('',#7391,1.);
#7391 = DIRECTION('',(-1.224606353822E-16,3.736531122127E-15,1.));
#7392 = PCURVE('',#7372,#7393);
#7393 = DEFINITIONAL_REPRESENTATION('',(#7394),#7398);
#7394 = LINE('',#7395,#7396);
#7395 = CARTESIAN_POINT('',(1.206849832743E-15,2.7));
#7396 = VECTOR('',#7397,1.);
#7397 = DIRECTION('',(-1.,1.173969058359E-46));
#7398 = ( GEOMETRIC_REPRESENTATION_CONTEXT(2) 
PARAMETRIC_REPRESENTATION_CONTEXT() REPRESENTATION_CONTEXT('2D SPACE',''
  ) );
#7399 = ORIENTED_EDGE('',*,*,#7400,.F.);
#7400 = EDGE_CURVE('',#7401,#7385,#7403,.T.);
#7401 = VERTEX_POINT('',#7402);
#7402 = CARTESIAN_POINT('',(-4.75,-16.55,16.7));
#7403 = SURFACE_CURVE('',#7404,(#7408),.PCURVE_S1.);
#7404 = LINE('',#7405,#7406);
#7405 = CARTESIAN_POINT('',(-4.75,-13.45,16.7));
#7406 = VECTOR('',#7407,1.);
#7407 = DIRECTION('',(4.423027891862E-31,1.,-3.736531122127E-15));
#7408 = PCURVE('',#7372,#7409);
#7409 = DEFINITIONAL_REPRESENTATION('',(#7410),#7414);
#7410 = LINE('',#7411,#7412);
#7411 = CARTESIAN_POINT('',(-1.3,-2.749084958523E-17));
#7412 = VECTOR('',#7413,1.);
#7413 = DIRECTION('',(-7.88860905221E-31,-1.));
#7414 = ( GEOMETRIC_REPRESENTATION_CONTEXT(2) 
PARAMETRIC_REPRESENTATION_CONTEXT() REPRESENTATION_CONTEXT('2D SPACE',''
  ) );
#7415 = ORIENTED_EDGE('',*,*,#7416,.T.);
#7416 = EDGE_CURVE('',#7401,#7417,#7419,.T.);
#7417 = VERTEX_POINT('',#7418);
#7418 = CARTESIAN_POINT('',(-4.75,-16.55,13.5));
#7419 = SURFACE_CURVE('',#7420,(#7424),.PCURVE_S1.);
#7420 = LINE('',#7421,#7422);
#7421 = CARTESIAN_POINT('',(-4.75,-16.55,13.5));
#7422 = VECTOR('',#7423,1.);
#7423 = DIRECTION('',(7.105427357601E-15,-1.577721810442E-30,-1.));
#7424 = PCURVE('',#7372,#7425);
#7425 = DEFINITIONAL_REPRESENTATION('',(#7426),#7430);
#7426 = LINE('',#7427,#7428);
#7427 = CARTESIAN_POINT('',(1.9,3.1));
#7428 = VECTOR('',#7429,1.);
#7429 = DIRECTION('',(1.,-3.736531122127E-15));
#7430 = ( GEOMETRIC_REPRESENTATION_CONTEXT(2) 
PARAMETRIC_REPRESENTATION_CONTEXT() REPRESENTATION_CONTEXT('2D SPACE',''
  ) );
#7431 = ORIENTED_EDGE('',*,*,#7432,.F.);
#7432 = EDGE_CURVE('',#7433,#7417,#7435,.T.);
#7433 = VERTEX_POINT('',#7434);
#7434 = CARTESIAN_POINT('',(-4.75,-16.15,13.5));
#7435 = SURFACE_CURVE('',#7436,(#7440),.PCURVE_S1.);
#7436 = LINE('',#7437,#7438);
#7437 = CARTESIAN_POINT('',(-4.75,-13.45,13.5));
#7438 = VECTOR('',#7439,1.);
#7439 = DIRECTION('',(-4.423027891862E-31,-1.,3.736531122127E-15));
#7440 = PCURVE('',#7372,#7441);
#7441 = DEFINITIONAL_REPRESENTATION('',(#7442),#7446);
#7442 = LINE('',#7443,#7444);
#7443 = CARTESIAN_POINT('',(1.9,2.280628304841E-16));
#7444 = VECTOR('',#7445,1.);
#7445 = DIRECTION('',(7.88860905221E-31,1.));
#7446 = ( GEOMETRIC_REPRESENTATION_CONTEXT(2) 
PARAMETRIC_REPRESENTATION_CONTEXT() REPRESENTATION_CONTEXT('2D SPACE',''
  ) );
#7447 = ORIENTED_EDGE('',*,*,#7448,.F.);
#7448 = EDGE_CURVE('',#7449,#7433,#7451,.T.);
#7449 = VERTEX_POINT('',#7450);
#7450 = CARTESIAN_POINT('',(-4.75,-16.15,15.4));
#7451 = SURFACE_CURVE('',#7452,(#7456),.PCURVE_S1.);
#7452 = LINE('',#7453,#7454);
#7453 = CARTESIAN_POINT('',(-4.75,-16.15,15.4));
#7454 = VECTOR('',#7455,1.);
#7455 = DIRECTION('',(1.224606353822E-16,-3.736531122127E-15,-1.));
#7456 = PCURVE('',#7372,#7457);
#7457 = DEFINITIONAL_REPRESENTATION('',(#7458),#7462);
#7458 = LINE('',#7459,#7460);
#7459 = CARTESIAN_POINT('',(1.206849832742E-15,2.7));
#7460 = VECTOR('',#7461,1.);
#7461 = DIRECTION('',(1.,-1.173969058359E-46));
#7462 = ( GEOMETRIC_REPRESENTATION_CONTEXT(2) 
PARAMETRIC_REPRESENTATION_CONTEXT() REPRESENTATION_CONTEXT('2D SPACE',''
  ) );
#7463 = ORIENTED_EDGE('',*,*,#7464,.F.);
#7464 = EDGE_CURVE('',#7465,#7449,#7467,.T.);
#7465 = VERTEX_POINT('',#7466);
#7466 = CARTESIAN_POINT('',(-4.75,-14.8,15.4));
#7467 = SURFACE_CURVE('',#7468,(#7472),.PCURVE_S1.);
#7468 = LINE('',#7469,#7470);
#7469 = CARTESIAN_POINT('',(-4.75,-13.45,15.4));
#7470 = VECTOR('',#7471,1.);
#7471 = DIRECTION('',(-2.522121711592E-29,-1.,-2.366582715663E-30));
#7472 = PCURVE('',#7372,#7473);
#7473 = DEFINITIONAL_REPRESENTATION('',(#7474),#7478);
#7474 = LINE('',#7475,#7476);
#7475 = CARTESIAN_POINT('',(0.,0.));
#7476 = VECTOR('',#7477,1.);
#7477 = DIRECTION('',(3.736531122127E-15,1.));
#7478 = ( GEOMETRIC_REPRESENTATION_CONTEXT(2) 
PARAMETRIC_REPRESENTATION_CONTEXT() REPRESENTATION_CONTEXT('2D SPACE',''
  ) );
#7479 = ORIENTED_EDGE('',*,*,#7480,.F.);
#7480 = EDGE_CURVE('',#7481,#7465,#7483,.T.);
#7481 = VERTEX_POINT('',#7482);
#7482 = CARTESIAN_POINT('',(-4.75,-14.5,15.1));
#7483 = SURFACE_CURVE('',#7484,(#7488),.PCURVE_S1.);
#7484 = LINE('',#7485,#7486);
#7485 = CARTESIAN_POINT('',(-4.75,-14.5,15.1));
#7486 = VECTOR('',#7487,1.);
#7487 = DIRECTION('',(-5.024295867788E-15,-0.707106781187,0.707106781187
    ));
#7488 = PCURVE('',#7372,#7489);
#7489 = DEFINITIONAL_REPRESENTATION('',(#7490),#7494);
#7490 = LINE('',#7491,#7492);
#7491 = CARTESIAN_POINT('',(0.3,1.05));
#7492 = VECTOR('',#7493,1.);
#7493 = DIRECTION('',(-0.707106781187,0.707106781187));
#7494 = ( GEOMETRIC_REPRESENTATION_CONTEXT(2) 
PARAMETRIC_REPRESENTATION_CONTEXT() REPRESENTATION_CONTEXT('2D SPACE',''
  ) );
#7495 = ORIENTED_EDGE('',*,*,#7496,.F.);
#7496 = EDGE_CURVE('',#7497,#7481,#7499,.T.);
#7497 = VERTEX_POINT('',#7498);
#7498 = CARTESIAN_POINT('',(-4.75,-13.45,15.1));
#7499 = SURFACE_CURVE('',#7500,(#7504),.PCURVE_S1.);
#7500 = LINE('',#7501,#7502);
#7501 = CARTESIAN_POINT('',(-4.75,-13.45,15.1));
#7502 = VECTOR('',#7503,1.);
#7503 = DIRECTION('',(-4.423027891862E-31,-1.,3.736531122127E-15));
#7504 = PCURVE('',#7372,#7505);
#7505 = DEFINITIONAL_REPRESENTATION('',(#7506),#7510);
#7506 = LINE('',#7507,#7508);
#7507 = CARTESIAN_POINT('',(0.3,2.113082929119E-16));
#7508 = VECTOR('',#7509,1.);
#7509 = DIRECTION('',(7.88860905221E-31,1.));
#7510 = ( GEOMETRIC_REPRESENTATION_CONTEXT(2) 
PARAMETRIC_REPRESENTATION_CONTEXT() REPRESENTATION_CONTEXT('2D SPACE',''
  ) );
#7511 = ORIENTED_EDGE('',*,*,#7512,.T.);
#7512 = EDGE_CURVE('',#7497,#7513,#7515,.T.);
#7513 = VERTEX_POINT('',#7514);
#7514 = CARTESIAN_POINT('',(-4.75,-13.45,18.5));
#7515 = SURFACE_CURVE('',#7516,(#7520),.PCURVE_S1.);
#7516 = LINE('',#7517,#7518);
#7517 = CARTESIAN_POINT('',(-4.75,-13.45,15.4));
#7518 = VECTOR('',#7519,1.);
#7519 = DIRECTION('',(-7.105427357601E-15,7.88860905221E-31,1.));
#7520 = PCURVE('',#7372,#7521);
#7521 = DEFINITIONAL_REPRESENTATION('',(#7522),#7526);
#7522 = LINE('',#7523,#7524);
#7523 = CARTESIAN_POINT('',(0.,0.));
#7524 = VECTOR('',#7525,1.);
#7525 = DIRECTION('',(-1.,3.736531122127E-15));
#7526 = ( GEOMETRIC_REPRESENTATION_CONTEXT(2) 
PARAMETRIC_REPRESENTATION_CONTEXT() REPRESENTATION_CONTEXT('2D SPACE',''
  ) );
#7527 = ORIENTED_EDGE('',*,*,#7528,.F.);
#7528 = EDGE_CURVE('',#7529,#7513,#7531,.T.);
#7529 = VERTEX_POINT('',#7530);
#7530 = CARTESIAN_POINT('',(-4.75,-14.8,18.5));
#7531 = SURFACE_CURVE('',#7532,(#7536),.PCURVE_S1.);
#7532 = LINE('',#7533,#7534);
#7533 = CARTESIAN_POINT('',(-4.75,-13.45,18.5));
#7534 = VECTOR('',#7535,1.);
#7535 = DIRECTION('',(4.423027891862E-31,1.,-3.736531122127E-15));
#7536 = PCURVE('',#7372,#7537);
#7537 = DEFINITIONAL_REPRESENTATION('',(#7538),#7542);
#7538 = LINE('',#7539,#7540);
#7539 = CARTESIAN_POINT('',(-3.1,2.589716274181E-16));
#7540 = VECTOR('',#7541,1.);
#7541 = DIRECTION('',(-7.88860905221E-31,-1.));
#7542 = ( GEOMETRIC_REPRESENTATION_CONTEXT(2) 
PARAMETRIC_REPRESENTATION_CONTEXT() REPRESENTATION_CONTEXT('2D SPACE',''
  ) );
#7543 = ORIENTED_EDGE('',*,*,#7544,.T.);
#7544 = EDGE_CURVE('',#7529,#7545,#7547,.T.);
#7545 = VERTEX_POINT('',#7546);
#7546 = CARTESIAN_POINT('',(-4.75,-14.8,16.7));
#7547 = SURFACE_CURVE('',#7548,(#7552),.PCURVE_S1.);
#7548 = LINE('',#7549,#7550);
#7549 = CARTESIAN_POINT('',(-4.75,-14.8,18.5));
#7550 = VECTOR('',#7551,1.);
#7551 = DIRECTION('',(7.105427357601E-15,1.204669080539E-16,-1.));
#7552 = PCURVE('',#7372,#7553);
#7553 = DEFINITIONAL_REPRESENTATION('',(#7554),#7558);
#7554 = LINE('',#7555,#7556);
#7555 = CARTESIAN_POINT('',(-3.1,1.35));
#7556 = VECTOR('',#7557,1.);
#7557 = DIRECTION('',(1.,-3.856998030181E-15));
#7558 = ( GEOMETRIC_REPRESENTATION_CONTEXT(2) 
PARAMETRIC_REPRESENTATION_CONTEXT() REPRESENTATION_CONTEXT('2D SPACE',''
  ) );
#7559 = ORIENTED_EDGE('',*,*,#7560,.T.);
#7560 = EDGE_CURVE('',#7545,#7561,#7563,.T.);
#7561 = VERTEX_POINT('',#7562);
#7562 = CARTESIAN_POINT('',(-4.75,-15.6,16.7));
#7563 = SURFACE_CURVE('',#7564,(#7568),.PCURVE_S1.);
#7564 = LINE('',#7565,#7566);
#7565 = CARTESIAN_POINT('',(-4.75,-15.6,16.7));
#7566 = VECTOR('',#7567,1.);
#7567 = DIRECTION('',(-2.522121711592E-29,-1.,-2.366582715663E-30));
#7568 = PCURVE('',#7372,#7569);
#7569 = DEFINITIONAL_REPRESENTATION('',(#7570),#7574);
#7570 = LINE('',#7571,#7572);
#7571 = CARTESIAN_POINT('',(-1.3,2.15));
#7572 = VECTOR('',#7573,1.);
#7573 = DIRECTION('',(3.736531122127E-15,1.));
#7574 = ( GEOMETRIC_REPRESENTATION_CONTEXT(2) 
PARAMETRIC_REPRESENTATION_CONTEXT() REPRESENTATION_CONTEXT('2D SPACE',''
  ) );
#7575 = ORIENTED_EDGE('',*,*,#7576,.T.);
#7576 = EDGE_CURVE('',#7561,#7364,#7577,.T.);
#7577 = SURFACE_CURVE('',#7578,(#7582),.PCURVE_S1.);
#7578 = LINE('',#7579,#7580);
#7579 = CARTESIAN_POINT('',(-4.75,-15.6,18.5));
#7580 = VECTOR('',#7581,1.);
#7581 = DIRECTION('',(-7.105427357601E-15,-1.807003620809E-16,1.));
#7582 = PCURVE('',#7372,#7583);
#7583 = DEFINITIONAL_REPRESENTATION('',(#7584),#7588);
#7584 = LINE('',#7585,#7586);
#7585 = CARTESIAN_POINT('',(-3.1,2.15));
#7586 = VECTOR('',#7587,1.);
#7587 = DIRECTION('',(-1.,3.917231484208E-15));
#7588 = ( GEOMETRIC_REPRESENTATION_CONTEXT(2) 
PARAMETRIC_REPRESENTATION_CONTEXT() REPRESENTATION_CONTEXT('2D SPACE',''
  ) );
#7589 = SHELL_BASED_SURFACE_MODEL('',(#7590));
#7590 = OPEN_SHELL('',(#7591));
#7591 = ADVANCED_FACE('',(#7592),#7607,.T.);
#7592 = FACE_BOUND('',#7593,.T.);
#7593 = EDGE_LOOP('',(#7594,#7622));
#7594 = ORIENTED_EDGE('',*,*,#7595,.F.);
#7595 = EDGE_CURVE('',#7596,#7598,#7600,.T.);
#7596 = VERTEX_POINT('',#7597);
#7597 = CARTESIAN_POINT('',(3.5,-15.25,17.8));
#7598 = VERTEX_POINT('',#7599);
#7599 = CARTESIAN_POINT('',(4.,-15.25,17.8));
#7600 = SURFACE_CURVE('',#7601,(#7606),.PCURVE_S1.);
#7601 = CIRCLE('',#7602,0.25);
#7602 = AXIS2_PLACEMENT_3D('',#7603,#7604,#7605);
#7603 = CARTESIAN_POINT('',(3.75,-15.25,17.8));
#7604 = DIRECTION('',(1.224606353822E-16,-1.11200222819E-16,-1.));
#7605 = DIRECTION('',(-1.,1.107375960236E-32,-1.224606353822E-16));
#7606 = PCURVE('',#7607,#7612);
#7607 = PLANE('',#7608);
#7608 = AXIS2_PLACEMENT_3D('',#7609,#7610,#7611);
#7609 = CARTESIAN_POINT('',(3.75,-15.25,17.8));
#7610 = DIRECTION('',(-1.143833291972E-17,-2.758299773102E-45,1.));
#7611 = DIRECTION('',(-1.,2.484455566064E-29,-1.143833291972E-17));
#7612 = DEFINITIONAL_REPRESENTATION('',(#7613),#7621);
#7613 = ( BOUNDED_CURVE() B_SPLINE_CURVE(2,(#7614,#7615,#7616,#7617,
#7618,#7619,#7620),.UNSPECIFIED.,.T.,.F.) B_SPLINE_CURVE_WITH_KNOTS((1,2
    ,2,2,2,1),(-2.094395102393,0.,2.094395102393,4.188790204786,
6.28318530718,8.377580409573),.UNSPECIFIED.) CURVE() 
GEOMETRIC_REPRESENTATION_ITEM() RATIONAL_B_SPLINE_CURVE((1.,0.5,1.,0.5,
1.,0.5,1.)) REPRESENTATION_ITEM('') );
#7614 = CARTESIAN_POINT('',(0.25,6.20837047526E-30));
#7615 = CARTESIAN_POINT('',(0.25,-0.433012701892));
#7616 = CARTESIAN_POINT('',(-0.125,-0.216506350946));
#7617 = CARTESIAN_POINT('',(-0.5,-6.123233995738E-17));
#7618 = CARTESIAN_POINT('',(-0.125,0.216506350946));
#7619 = CARTESIAN_POINT('',(0.25,0.433012701892));
#7620 = CARTESIAN_POINT('',(0.25,6.20837047526E-30));
#7621 = ( GEOMETRIC_REPRESENTATION_CONTEXT(2) 
PARAMETRIC_REPRESENTATION_CONTEXT() REPRESENTATION_CONTEXT('2D SPACE',''
  ) );
#7622 = ORIENTED_EDGE('',*,*,#7623,.F.);
#7623 = EDGE_CURVE('',#7598,#7596,#7624,.T.);
#7624 = SURFACE_CURVE('',#7625,(#7630),.PCURVE_S1.);
#7625 = CIRCLE('',#7626,0.25);
#7626 = AXIS2_PLACEMENT_3D('',#7627,#7628,#7629);
#7627 = CARTESIAN_POINT('',(3.75,-15.25,17.8));
#7628 = DIRECTION('',(1.224606353822E-16,-1.11200222819E-16,-1.));
#7629 = DIRECTION('',(-1.,1.107375960236E-32,-1.224606353822E-16));
#7630 = PCURVE('',#7607,#7631);
#7631 = DEFINITIONAL_REPRESENTATION('',(#7632),#7640);
#7632 = ( BOUNDED_CURVE() B_SPLINE_CURVE(2,(#7633,#7634,#7635,#7636,
#7637,#7638,#7639),.UNSPECIFIED.,.T.,.F.) B_SPLINE_CURVE_WITH_KNOTS((1,2
    ,2,2,2,1),(-2.094395102393,0.,2.094395102393,4.188790204786,
6.28318530718,8.377580409573),.UNSPECIFIED.) CURVE() 
GEOMETRIC_REPRESENTATION_ITEM() RATIONAL_B_SPLINE_CURVE((1.,0.5,1.,0.5,
1.,0.5,1.)) REPRESENTATION_ITEM('') );
#7633 = CARTESIAN_POINT('',(0.25,6.20837047526E-30));
#7634 = CARTESIAN_POINT('',(0.25,-0.433012701892));
#7635 = CARTESIAN_POINT('',(-0.125,-0.216506350946));
#7636 = CARTESIAN_POINT('',(-0.5,-6.123233995738E-17));
#7637 = CARTESIAN_POINT('',(-0.125,0.216506350946));
#7638 = CARTESIAN_POINT('',(0.25,0.433012701892));
#7639 = CARTESIAN_POINT('',(0.25,6.20837047526E-30));
#7640 = ( GEOMETRIC_REPRESENTATION_CONTEXT(2) 
PARAMETRIC_REPRESENTATION_CONTEXT() REPRESENTATION_CONTEXT('2D SPACE',''
  ) );
#7641 = SHELL_BASED_SURFACE_MODEL('',(#7642));
#7642 = OPEN_SHELL('',(#7643));
#7643 = ADVANCED_FACE('',(#7644),#7658,.T.);
#7644 = FACE_BOUND('',#7645,.T.);
#7645 = EDGE_LOOP('',(#7646,#7669,#7686,#7702));
#7646 = ORIENTED_EDGE('',*,*,#7647,.F.);
#7647 = EDGE_CURVE('',#7648,#7650,#7652,.T.);
#7648 = VERTEX_POINT('',#7649);
#7649 = CARTESIAN_POINT('',(4.,-15.25,15.4));
#7650 = VERTEX_POINT('',#7651);
#7651 = CARTESIAN_POINT('',(4.,-15.25,17.8));
#7652 = SURFACE_CURVE('',#7653,(#7657),.PCURVE_S1.);
#7653 = LINE('',#7654,#7655);
#7654 = CARTESIAN_POINT('',(4.,-15.25,13.192893218813));
#7655 = VECTOR('',#7656,1.);
#7656 = DIRECTION('',(-1.224606353822E-16,1.11200222819E-16,1.));
#7657 = PCURVE('',#7658,#7663);
#7658 = CYLINDRICAL_SURFACE('',#7659,0.25);
#7659 = AXIS2_PLACEMENT_3D('',#7660,#7661,#7662);
#7660 = CARTESIAN_POINT('',(3.75,-15.25,13.192893218813));
#7661 = DIRECTION('',(-1.224606353822E-16,1.11200222819E-16,1.));
#7662 = DIRECTION('',(-1.,1.107375960236E-32,-1.224606353822E-16));
#7663 = DEFINITIONAL_REPRESENTATION('',(#7664),#7668);
#7664 = LINE('',#7665,#7666);
#7665 = CARTESIAN_POINT('',(3.14159265359,0.));
#7666 = VECTOR('',#7667,1.);
#7667 = DIRECTION('',(0.,1.));
#7668 = ( GEOMETRIC_REPRESENTATION_CONTEXT(2) 
PARAMETRIC_REPRESENTATION_CONTEXT() REPRESENTATION_CONTEXT('2D SPACE',''
  ) );
#7669 = ORIENTED_EDGE('',*,*,#7670,.F.);
#7670 = EDGE_CURVE('',#7671,#7648,#7673,.T.);
#7671 = VERTEX_POINT('',#7672);
#7672 = CARTESIAN_POINT('',(3.5,-15.25,15.4));
#7673 = SURFACE_CURVE('',#7674,(#7679),.PCURVE_S1.);
#7674 = CIRCLE('',#7675,0.25);
#7675 = AXIS2_PLACEMENT_3D('',#7676,#7677,#7678);
#7676 = CARTESIAN_POINT('',(3.75,-15.25,15.4));
#7677 = DIRECTION('',(1.224606353822E-16,-1.11200222819E-16,-1.));
#7678 = DIRECTION('',(-1.,1.107375960236E-32,-1.224606353822E-16));
#7679 = PCURVE('',#7658,#7680);
#7680 = DEFINITIONAL_REPRESENTATION('',(#7681),#7685);
#7681 = LINE('',#7682,#7683);
#7682 = CARTESIAN_POINT('',(6.28318530718,2.207106781187));
#7683 = VECTOR('',#7684,1.);
#7684 = DIRECTION('',(-1.,0.));
#7685 = ( GEOMETRIC_REPRESENTATION_CONTEXT(2) 
PARAMETRIC_REPRESENTATION_CONTEXT() REPRESENTATION_CONTEXT('2D SPACE',''
  ) );
#7686 = ORIENTED_EDGE('',*,*,#7687,.T.);
#7687 = EDGE_CURVE('',#7671,#7688,#7690,.T.);
#7688 = VERTEX_POINT('',#7689);
#7689 = CARTESIAN_POINT('',(3.5,-15.25,17.8));
#7690 = SURFACE_CURVE('',#7691,(#7695),.PCURVE_S1.);
#7691 = LINE('',#7692,#7693);
#7692 = CARTESIAN_POINT('',(3.5,-15.25,13.192893218813));
#7693 = VECTOR('',#7694,1.);
#7694 = DIRECTION('',(-1.224606353822E-16,1.11200222819E-16,1.));
#7695 = PCURVE('',#7658,#7696);
#7696 = DEFINITIONAL_REPRESENTATION('',(#7697),#7701);
#7697 = LINE('',#7698,#7699);
#7698 = CARTESIAN_POINT('',(6.28318530718,0.));
#7699 = VECTOR('',#7700,1.);
#7700 = DIRECTION('',(0.,1.));
#7701 = ( GEOMETRIC_REPRESENTATION_CONTEXT(2) 
PARAMETRIC_REPRESENTATION_CONTEXT() REPRESENTATION_CONTEXT('2D SPACE',''
  ) );
#7702 = ORIENTED_EDGE('',*,*,#7703,.T.);
#7703 = EDGE_CURVE('',#7688,#7650,#7704,.T.);
#7704 = SURFACE_CURVE('',#7705,(#7710),.PCURVE_S1.);
#7705 = CIRCLE('',#7706,0.25);
#7706 = AXIS2_PLACEMENT_3D('',#7707,#7708,#7709);
#7707 = CARTESIAN_POINT('',(3.75,-15.25,17.8));
#7708 = DIRECTION('',(1.224606353822E-16,-1.11200222819E-16,-1.));
#7709 = DIRECTION('',(-1.,1.107375960236E-32,-1.224606353822E-16));
#7710 = PCURVE('',#7658,#7711);
#7711 = DEFINITIONAL_REPRESENTATION('',(#7712),#7716);
#7712 = LINE('',#7713,#7714);
#7713 = CARTESIAN_POINT('',(6.28318530718,4.607106781187));
#7714 = VECTOR('',#7715,1.);
#7715 = DIRECTION('',(-1.,0.));
#7716 = ( GEOMETRIC_REPRESENTATION_CONTEXT(2) 
PARAMETRIC_REPRESENTATION_CONTEXT() REPRESENTATION_CONTEXT('2D SPACE',''
  ) );
#7717 = SHELL_BASED_SURFACE_MODEL('',(#7718));
#7718 = OPEN_SHELL('',(#7719));
#7719 = ADVANCED_FACE('',(#7720),#7735,.T.);
#7720 = FACE_BOUND('',#7721,.T.);
#7721 = EDGE_LOOP('',(#7722,#7750));
#7722 = ORIENTED_EDGE('',*,*,#7723,.F.);
#7723 = EDGE_CURVE('',#7724,#7726,#7728,.T.);
#7724 = VERTEX_POINT('',#7725);
#7725 = CARTESIAN_POINT('',(0.5,-15.25,17.8));
#7726 = VERTEX_POINT('',#7727);
#7727 = CARTESIAN_POINT('',(1.,-15.25,17.8));
#7728 = SURFACE_CURVE('',#7729,(#7734),.PCURVE_S1.);
#7729 = CIRCLE('',#7730,0.25);
#7730 = AXIS2_PLACEMENT_3D('',#7731,#7732,#7733);
#7731 = CARTESIAN_POINT('',(0.75,-15.25,17.8));
#7732 = DIRECTION('',(1.224606353822E-16,-1.11200222819E-16,-1.));
#7733 = DIRECTION('',(-1.,1.107375960236E-32,-1.224606353822E-16));
#7734 = PCURVE('',#7735,#7740);
#7735 = PLANE('',#7736);
#7736 = AXIS2_PLACEMENT_3D('',#7737,#7738,#7739);
#7737 = CARTESIAN_POINT('',(0.75,-15.25,17.8));
#7738 = DIRECTION('',(-1.143833291972E-17,-2.758299773102E-45,1.));
#7739 = DIRECTION('',(-1.,2.484455566064E-29,-1.143833291972E-17));
#7740 = DEFINITIONAL_REPRESENTATION('',(#7741),#7749);
#7741 = ( BOUNDED_CURVE() B_SPLINE_CURVE(2,(#7742,#7743,#7744,#7745,
#7746,#7747,#7748),.UNSPECIFIED.,.T.,.F.) B_SPLINE_CURVE_WITH_KNOTS((1,2
    ,2,2,2,1),(-2.094395102393,0.,2.094395102393,4.188790204786,
6.28318530718,8.377580409573),.UNSPECIFIED.) CURVE() 
GEOMETRIC_REPRESENTATION_ITEM() RATIONAL_B_SPLINE_CURVE((1.,0.5,1.,0.5,
1.,0.5,1.)) REPRESENTATION_ITEM('') );
#7742 = CARTESIAN_POINT('',(0.25,6.20837047526E-30));
#7743 = CARTESIAN_POINT('',(0.25,-0.433012701892));
#7744 = CARTESIAN_POINT('',(-0.125,-0.216506350946));
#7745 = CARTESIAN_POINT('',(-0.5,-6.123233995738E-17));
#7746 = CARTESIAN_POINT('',(-0.125,0.216506350946));
#7747 = CARTESIAN_POINT('',(0.25,0.433012701892));
#7748 = CARTESIAN_POINT('',(0.25,6.20837047526E-30));
#7749 = ( GEOMETRIC_REPRESENTATION_CONTEXT(2) 
PARAMETRIC_REPRESENTATION_CONTEXT() REPRESENTATION_CONTEXT('2D SPACE',''
  ) );
#7750 = ORIENTED_EDGE('',*,*,#7751,.F.);
#7751 = EDGE_CURVE('',#7726,#7724,#7752,.T.);
#7752 = SURFACE_CURVE('',#7753,(#7758),.PCURVE_S1.);
#7753 = CIRCLE('',#7754,0.25);
#7754 = AXIS2_PLACEMENT_3D('',#7755,#7756,#7757);
#7755 = CARTESIAN_POINT('',(0.75,-15.25,17.8));
#7756 = DIRECTION('',(1.224606353822E-16,-1.11200222819E-16,-1.));
#7757 = DIRECTION('',(-1.,1.107375960236E-32,-1.224606353822E-16));
#7758 = PCURVE('',#7735,#7759);
#7759 = DEFINITIONAL_REPRESENTATION('',(#7760),#7768);
#7760 = ( BOUNDED_CURVE() B_SPLINE_CURVE(2,(#7761,#7762,#7763,#7764,
#7765,#7766,#7767),.UNSPECIFIED.,.T.,.F.) B_SPLINE_CURVE_WITH_KNOTS((1,2
    ,2,2,2,1),(-2.094395102393,0.,2.094395102393,4.188790204786,
6.28318530718,8.377580409573),.UNSPECIFIED.) CURVE() 
GEOMETRIC_REPRESENTATION_ITEM() RATIONAL_B_SPLINE_CURVE((1.,0.5,1.,0.5,
1.,0.5,1.)) REPRESENTATION_ITEM('') );
#7761 = CARTESIAN_POINT('',(0.25,6.20837047526E-30));
#7762 = CARTESIAN_POINT('',(0.25,-0.433012701892));
#7763 = CARTESIAN_POINT('',(-0.125,-0.216506350946));
#7764 = CARTESIAN_POINT('',(-0.5,-6.123233995738E-17));
#7765 = CARTESIAN_POINT('',(-0.125,0.216506350946));
#7766 = CARTESIAN_POINT('',(0.25,0.433012701892));
#7767 = CARTESIAN_POINT('',(0.25,6.20837047526E-30));
#7768 = ( GEOMETRIC_REPRESENTATION_CONTEXT(2) 
PARAMETRIC_REPRESENTATION_CONTEXT() REPRESENTATION_CONTEXT('2D SPACE',''
  ) );
#7769 = SHELL_BASED_SURFACE_MODEL('',(#7770));
#7770 = OPEN_SHELL('',(#7771));
#7771 = ADVANCED_FACE('',(#7772),#7786,.T.);
#7772 = FACE_BOUND('',#7773,.T.);
#7773 = EDGE_LOOP('',(#7774,#7797,#7814,#7830));
#7774 = ORIENTED_EDGE('',*,*,#7775,.F.);
#7775 = EDGE_CURVE('',#7776,#7778,#7780,.T.);
#7776 = VERTEX_POINT('',#7777);
#7777 = CARTESIAN_POINT('',(1.,-15.25,15.4));
#7778 = VERTEX_POINT('',#7779);
#7779 = CARTESIAN_POINT('',(1.,-15.25,17.8));
#7780 = SURFACE_CURVE('',#7781,(#7785),.PCURVE_S1.);
#7781 = LINE('',#7782,#7783);
#7782 = CARTESIAN_POINT('',(1.,-15.25,13.192893218813));
#7783 = VECTOR('',#7784,1.);
#7784 = DIRECTION('',(-1.224606353822E-16,1.11200222819E-16,1.));
#7785 = PCURVE('',#7786,#7791);
#7786 = CYLINDRICAL_SURFACE('',#7787,0.25);
#7787 = AXIS2_PLACEMENT_3D('',#7788,#7789,#7790);
#7788 = CARTESIAN_POINT('',(0.75,-15.25,13.192893218813));
#7789 = DIRECTION('',(-1.224606353822E-16,1.11200222819E-16,1.));
#7790 = DIRECTION('',(-1.,1.107375960236E-32,-1.224606353822E-16));
#7791 = DEFINITIONAL_REPRESENTATION('',(#7792),#7796);
#7792 = LINE('',#7793,#7794);
#7793 = CARTESIAN_POINT('',(3.14159265359,0.));
#7794 = VECTOR('',#7795,1.);
#7795 = DIRECTION('',(0.,1.));
#7796 = ( GEOMETRIC_REPRESENTATION_CONTEXT(2) 
PARAMETRIC_REPRESENTATION_CONTEXT() REPRESENTATION_CONTEXT('2D SPACE',''
  ) );
#7797 = ORIENTED_EDGE('',*,*,#7798,.F.);
#7798 = EDGE_CURVE('',#7799,#7776,#7801,.T.);
#7799 = VERTEX_POINT('',#7800);
#7800 = CARTESIAN_POINT('',(0.5,-15.25,15.4));
#7801 = SURFACE_CURVE('',#7802,(#7807),.PCURVE_S1.);
#7802 = CIRCLE('',#7803,0.25);
#7803 = AXIS2_PLACEMENT_3D('',#7804,#7805,#7806);
#7804 = CARTESIAN_POINT('',(0.75,-15.25,15.4));
#7805 = DIRECTION('',(1.224606353822E-16,-1.11200222819E-16,-1.));
#7806 = DIRECTION('',(-1.,1.107375960236E-32,-1.224606353822E-16));
#7807 = PCURVE('',#7786,#7808);
#7808 = DEFINITIONAL_REPRESENTATION('',(#7809),#7813);
#7809 = LINE('',#7810,#7811);
#7810 = CARTESIAN_POINT('',(6.28318530718,2.207106781187));
#7811 = VECTOR('',#7812,1.);
#7812 = DIRECTION('',(-1.,0.));
#7813 = ( GEOMETRIC_REPRESENTATION_CONTEXT(2) 
PARAMETRIC_REPRESENTATION_CONTEXT() REPRESENTATION_CONTEXT('2D SPACE',''
  ) );
#7814 = ORIENTED_EDGE('',*,*,#7815,.T.);
#7815 = EDGE_CURVE('',#7799,#7816,#7818,.T.);
#7816 = VERTEX_POINT('',#7817);
#7817 = CARTESIAN_POINT('',(0.5,-15.25,17.8));
#7818 = SURFACE_CURVE('',#7819,(#7823),.PCURVE_S1.);
#7819 = LINE('',#7820,#7821);
#7820 = CARTESIAN_POINT('',(0.5,-15.25,13.192893218813));
#7821 = VECTOR('',#7822,1.);
#7822 = DIRECTION('',(-1.224606353822E-16,1.11200222819E-16,1.));
#7823 = PCURVE('',#7786,#7824);
#7824 = DEFINITIONAL_REPRESENTATION('',(#7825),#7829);
#7825 = LINE('',#7826,#7827);
#7826 = CARTESIAN_POINT('',(6.28318530718,0.));
#7827 = VECTOR('',#7828,1.);
#7828 = DIRECTION('',(0.,1.));
#7829 = ( GEOMETRIC_REPRESENTATION_CONTEXT(2) 
PARAMETRIC_REPRESENTATION_CONTEXT() REPRESENTATION_CONTEXT('2D SPACE',''
  ) );
#7830 = ORIENTED_EDGE('',*,*,#7831,.T.);
#7831 = EDGE_CURVE('',#7816,#7778,#7832,.T.);
#7832 = SURFACE_CURVE('',#7833,(#7838),.PCURVE_S1.);
#7833 = CIRCLE('',#7834,0.25);
#7834 = AXIS2_PLACEMENT_3D('',#7835,#7836,#7837);
#7835 = CARTESIAN_POINT('',(0.75,-15.25,17.8));
#7836 = DIRECTION('',(1.224606353822E-16,-1.11200222819E-16,-1.));
#7837 = DIRECTION('',(-1.,1.107375960236E-32,-1.224606353822E-16));
#7838 = PCURVE('',#7786,#7839);
#7839 = DEFINITIONAL_REPRESENTATION('',(#7840),#7844);
#7840 = LINE('',#7841,#7842);
#7841 = CARTESIAN_POINT('',(6.28318530718,4.607106781187));
#7842 = VECTOR('',#7843,1.);
#7843 = DIRECTION('',(-1.,0.));
#7844 = ( GEOMETRIC_REPRESENTATION_CONTEXT(2) 
PARAMETRIC_REPRESENTATION_CONTEXT() REPRESENTATION_CONTEXT('2D SPACE',''
  ) );
#7845 = SHELL_BASED_SURFACE_MODEL('',(#7846));
#7846 = OPEN_SHELL('',(#7847));
#7847 = ADVANCED_FACE('',(#7848),#7863,.T.);
#7848 = FACE_BOUND('',#7849,.T.);
#7849 = EDGE_LOOP('',(#7850,#7878));
#7850 = ORIENTED_EDGE('',*,*,#7851,.F.);
#7851 = EDGE_CURVE('',#7852,#7854,#7856,.T.);
#7852 = VERTEX_POINT('',#7853);
#7853 = CARTESIAN_POINT('',(-1.,-15.25,17.8));
#7854 = VERTEX_POINT('',#7855);
#7855 = CARTESIAN_POINT('',(-0.5,-15.25,17.8));
#7856 = SURFACE_CURVE('',#7857,(#7862),.PCURVE_S1.);
#7857 = CIRCLE('',#7858,0.25);
#7858 = AXIS2_PLACEMENT_3D('',#7859,#7860,#7861);
#7859 = CARTESIAN_POINT('',(-0.75,-15.25,17.8));
#7860 = DIRECTION('',(1.224606353822E-16,-1.11200222819E-16,-1.));
#7861 = DIRECTION('',(-1.,1.107375960236E-32,-1.224606353822E-16));
#7862 = PCURVE('',#7863,#7868);
#7863 = PLANE('',#7864);
#7864 = AXIS2_PLACEMENT_3D('',#7865,#7866,#7867);
#7865 = CARTESIAN_POINT('',(-0.75,-15.25,17.8));
#7866 = DIRECTION('',(-1.143833291972E-17,-2.758299773102E-45,1.));
#7867 = DIRECTION('',(-1.,2.484455566064E-29,-1.143833291972E-17));
#7868 = DEFINITIONAL_REPRESENTATION('',(#7869),#7877);
#7869 = ( BOUNDED_CURVE() B_SPLINE_CURVE(2,(#7870,#7871,#7872,#7873,
#7874,#7875,#7876),.UNSPECIFIED.,.T.,.F.) B_SPLINE_CURVE_WITH_KNOTS((1,2
    ,2,2,2,1),(-2.094395102393,0.,2.094395102393,4.188790204786,
6.28318530718,8.377580409573),.UNSPECIFIED.) CURVE() 
GEOMETRIC_REPRESENTATION_ITEM() RATIONAL_B_SPLINE_CURVE((1.,0.5,1.,0.5,
1.,0.5,1.)) REPRESENTATION_ITEM('') );
#7870 = CARTESIAN_POINT('',(0.25,6.20837047526E-30));
#7871 = CARTESIAN_POINT('',(0.25,-0.433012701892));
#7872 = CARTESIAN_POINT('',(-0.125,-0.216506350946));
#7873 = CARTESIAN_POINT('',(-0.5,-6.123233995738E-17));
#7874 = CARTESIAN_POINT('',(-0.125,0.216506350946));
#7875 = CARTESIAN_POINT('',(0.25,0.433012701892));
#7876 = CARTESIAN_POINT('',(0.25,6.20837047526E-30));
#7877 = ( GEOMETRIC_REPRESENTATION_CONTEXT(2) 
PARAMETRIC_REPRESENTATION_CONTEXT() REPRESENTATION_CONTEXT('2D SPACE',''
  ) );
#7878 = ORIENTED_EDGE('',*,*,#7879,.F.);
#7879 = EDGE_CURVE('',#7854,#7852,#7880,.T.);
#7880 = SURFACE_CURVE('',#7881,(#7886),.PCURVE_S1.);
#7881 = CIRCLE('',#7882,0.25);
#7882 = AXIS2_PLACEMENT_3D('',#7883,#7884,#7885);
#7883 = CARTESIAN_POINT('',(-0.75,-15.25,17.8));
#7884 = DIRECTION('',(1.224606353822E-16,-1.11200222819E-16,-1.));
#7885 = DIRECTION('',(-1.,1.107375960236E-32,-1.224606353822E-16));
#7886 = PCURVE('',#7863,#7887);
#7887 = DEFINITIONAL_REPRESENTATION('',(#7888),#7896);
#7888 = ( BOUNDED_CURVE() B_SPLINE_CURVE(2,(#7889,#7890,#7891,#7892,
#7893,#7894,#7895),.UNSPECIFIED.,.T.,.F.) B_SPLINE_CURVE_WITH_KNOTS((1,2
    ,2,2,2,1),(-2.094395102393,0.,2.094395102393,4.188790204786,
6.28318530718,8.377580409573),.UNSPECIFIED.) CURVE() 
GEOMETRIC_REPRESENTATION_ITEM() RATIONAL_B_SPLINE_CURVE((1.,0.5,1.,0.5,
1.,0.5,1.)) REPRESENTATION_ITEM('') );
#7889 = CARTESIAN_POINT('',(0.25,6.20837047526E-30));
#7890 = CARTESIAN_POINT('',(0.25,-0.433012701892));
#7891 = CARTESIAN_POINT('',(-0.125,-0.216506350946));
#7892 = CARTESIAN_POINT('',(-0.5,-6.123233995738E-17));
#7893 = CARTESIAN_POINT('',(-0.125,0.216506350946));
#7894 = CARTESIAN_POINT('',(0.25,0.433012701892));
#7895 = CARTESIAN_POINT('',(0.25,6.20837047526E-30));
#7896 = ( GEOMETRIC_REPRESENTATION_CONTEXT(2) 
PARAMETRIC_REPRESENTATION_CONTEXT() REPRESENTATION_CONTEXT('2D SPACE',''
  ) );
#7897 = SHELL_BASED_SURFACE_MODEL('',(#7898));
#7898 = OPEN_SHELL('',(#7899));
#7899 = ADVANCED_FACE('',(#7900),#7914,.T.);
#7900 = FACE_BOUND('',#7901,.T.);
#7901 = EDGE_LOOP('',(#7902,#7925,#7942,#7958));
#7902 = ORIENTED_EDGE('',*,*,#7903,.F.);
#7903 = EDGE_CURVE('',#7904,#7906,#7908,.T.);
#7904 = VERTEX_POINT('',#7905);
#7905 = CARTESIAN_POINT('',(-0.5,-15.25,15.4));
#7906 = VERTEX_POINT('',#7907);
#7907 = CARTESIAN_POINT('',(-0.5,-15.25,17.8));
#7908 = SURFACE_CURVE('',#7909,(#7913),.PCURVE_S1.);
#7909 = LINE('',#7910,#7911);
#7910 = CARTESIAN_POINT('',(-0.5,-15.25,13.192893218813));
#7911 = VECTOR('',#7912,1.);
#7912 = DIRECTION('',(-1.224606353822E-16,1.11200222819E-16,1.));
#7913 = PCURVE('',#7914,#7919);
#7914 = CYLINDRICAL_SURFACE('',#7915,0.25);
#7915 = AXIS2_PLACEMENT_3D('',#7916,#7917,#7918);
#7916 = CARTESIAN_POINT('',(-0.75,-15.25,13.192893218813));
#7917 = DIRECTION('',(-1.224606353822E-16,1.11200222819E-16,1.));
#7918 = DIRECTION('',(-1.,1.107375960236E-32,-1.224606353822E-16));
#7919 = DEFINITIONAL_REPRESENTATION('',(#7920),#7924);
#7920 = LINE('',#7921,#7922);
#7921 = CARTESIAN_POINT('',(3.14159265359,0.));
#7922 = VECTOR('',#7923,1.);
#7923 = DIRECTION('',(0.,1.));
#7924 = ( GEOMETRIC_REPRESENTATION_CONTEXT(2) 
PARAMETRIC_REPRESENTATION_CONTEXT() REPRESENTATION_CONTEXT('2D SPACE',''
  ) );
#7925 = ORIENTED_EDGE('',*,*,#7926,.F.);
#7926 = EDGE_CURVE('',#7927,#7904,#7929,.T.);
#7927 = VERTEX_POINT('',#7928);
#7928 = CARTESIAN_POINT('',(-1.,-15.25,15.4));
#7929 = SURFACE_CURVE('',#7930,(#7935),.PCURVE_S1.);
#7930 = CIRCLE('',#7931,0.25);
#7931 = AXIS2_PLACEMENT_3D('',#7932,#7933,#7934);
#7932 = CARTESIAN_POINT('',(-0.75,-15.25,15.4));
#7933 = DIRECTION('',(1.224606353822E-16,-1.11200222819E-16,-1.));
#7934 = DIRECTION('',(-1.,1.107375960236E-32,-1.224606353822E-16));
#7935 = PCURVE('',#7914,#7936);
#7936 = DEFINITIONAL_REPRESENTATION('',(#7937),#7941);
#7937 = LINE('',#7938,#7939);
#7938 = CARTESIAN_POINT('',(6.28318530718,2.207106781187));
#7939 = VECTOR('',#7940,1.);
#7940 = DIRECTION('',(-1.,0.));
#7941 = ( GEOMETRIC_REPRESENTATION_CONTEXT(2) 
PARAMETRIC_REPRESENTATION_CONTEXT() REPRESENTATION_CONTEXT('2D SPACE',''
  ) );
#7942 = ORIENTED_EDGE('',*,*,#7943,.T.);
#7943 = EDGE_CURVE('',#7927,#7944,#7946,.T.);
#7944 = VERTEX_POINT('',#7945);
#7945 = CARTESIAN_POINT('',(-1.,-15.25,17.8));
#7946 = SURFACE_CURVE('',#7947,(#7951),.PCURVE_S1.);
#7947 = LINE('',#7948,#7949);
#7948 = CARTESIAN_POINT('',(-1.,-15.25,13.192893218813));
#7949 = VECTOR('',#7950,1.);
#7950 = DIRECTION('',(-1.224606353822E-16,1.11200222819E-16,1.));
#7951 = PCURVE('',#7914,#7952);
#7952 = DEFINITIONAL_REPRESENTATION('',(#7953),#7957);
#7953 = LINE('',#7954,#7955);
#7954 = CARTESIAN_POINT('',(6.28318530718,0.));
#7955 = VECTOR('',#7956,1.);
#7956 = DIRECTION('',(0.,1.));
#7957 = ( GEOMETRIC_REPRESENTATION_CONTEXT(2) 
PARAMETRIC_REPRESENTATION_CONTEXT() REPRESENTATION_CONTEXT('2D SPACE',''
  ) );
#7958 = ORIENTED_EDGE('',*,*,#7959,.T.);
#7959 = EDGE_CURVE('',#7944,#7906,#7960,.T.);
#7960 = SURFACE_CURVE('',#7961,(#7966),.PCURVE_S1.);
#7961 = CIRCLE('',#7962,0.25);
#7962 = AXIS2_PLACEMENT_3D('',#7963,#7964,#7965);
#7963 = CARTESIAN_POINT('',(-0.75,-15.25,17.8));
#7964 = DIRECTION('',(1.224606353822E-16,-1.11200222819E-16,-1.));
#7965 = DIRECTION('',(-1.,1.107375960236E-32,-1.224606353822E-16));
#7966 = PCURVE('',#7914,#7967);
#7967 = DEFINITIONAL_REPRESENTATION('',(#7968),#7972);
#7968 = LINE('',#7969,#7970);
#7969 = CARTESIAN_POINT('',(6.28318530718,4.607106781187));
#7970 = VECTOR('',#7971,1.);
#7971 = DIRECTION('',(-1.,0.));
#7972 = ( GEOMETRIC_REPRESENTATION_CONTEXT(2) 
PARAMETRIC_REPRESENTATION_CONTEXT() REPRESENTATION_CONTEXT('2D SPACE',''
  ) );
#7973 = SHELL_BASED_SURFACE_MODEL('',(#7974));
#7974 = OPEN_SHELL('',(#7975));
#7975 = ADVANCED_FACE('',(#7976),#7991,.T.);
#7976 = FACE_BOUND('',#7977,.T.);
#7977 = EDGE_LOOP('',(#7978,#8006));
#7978 = ORIENTED_EDGE('',*,*,#7979,.F.);
#7979 = EDGE_CURVE('',#7980,#7982,#7984,.T.);
#7980 = VERTEX_POINT('',#7981);
#7981 = CARTESIAN_POINT('',(-2.5,-15.25,17.8));
#7982 = VERTEX_POINT('',#7983);
#7983 = CARTESIAN_POINT('',(-2.,-15.25,17.8));
#7984 = SURFACE_CURVE('',#7985,(#7990),.PCURVE_S1.);
#7985 = CIRCLE('',#7986,0.25);
#7986 = AXIS2_PLACEMENT_3D('',#7987,#7988,#7989);
#7987 = CARTESIAN_POINT('',(-2.25,-15.25,17.8));
#7988 = DIRECTION('',(1.224606353822E-16,-1.11200222819E-16,-1.));
#7989 = DIRECTION('',(-1.,1.107375960236E-32,-1.224606353822E-16));
#7990 = PCURVE('',#7991,#7996);
#7991 = PLANE('',#7992);
#7992 = AXIS2_PLACEMENT_3D('',#7993,#7994,#7995);
#7993 = CARTESIAN_POINT('',(-2.25,-15.25,17.8));
#7994 = DIRECTION('',(-1.143833291972E-17,-2.758299773102E-45,1.));
#7995 = DIRECTION('',(-1.,2.484455566064E-29,-1.143833291972E-17));
#7996 = DEFINITIONAL_REPRESENTATION('',(#7997),#8005);
#7997 = ( BOUNDED_CURVE() B_SPLINE_CURVE(2,(#7998,#7999,#8000,#8001,
#8002,#8003,#8004),.UNSPECIFIED.,.T.,.F.) B_SPLINE_CURVE_WITH_KNOTS((1,2
    ,2,2,2,1),(-2.094395102393,0.,2.094395102393,4.188790204786,
6.28318530718,8.377580409573),.UNSPECIFIED.) CURVE() 
GEOMETRIC_REPRESENTATION_ITEM() RATIONAL_B_SPLINE_CURVE((1.,0.5,1.,0.5,
1.,0.5,1.)) REPRESENTATION_ITEM('') );
#7998 = CARTESIAN_POINT('',(0.25,6.20837047526E-30));
#7999 = CARTESIAN_POINT('',(0.25,-0.433012701892));
#8000 = CARTESIAN_POINT('',(-0.125,-0.216506350946));
#8001 = CARTESIAN_POINT('',(-0.5,-6.123233995738E-17));
#8002 = CARTESIAN_POINT('',(-0.125,0.216506350946));
#8003 = CARTESIAN_POINT('',(0.25,0.433012701892));
#8004 = CARTESIAN_POINT('',(0.25,6.20837047526E-30));
#8005 = ( GEOMETRIC_REPRESENTATION_CONTEXT(2) 
PARAMETRIC_REPRESENTATION_CONTEXT() REPRESENTATION_CONTEXT('2D SPACE',''
  ) );
#8006 = ORIENTED_EDGE('',*,*,#8007,.F.);
#8007 = EDGE_CURVE('',#7982,#7980,#8008,.T.);
#8008 = SURFACE_CURVE('',#8009,(#8014),.PCURVE_S1.);
#8009 = CIRCLE('',#8010,0.25);
#8010 = AXIS2_PLACEMENT_3D('',#8011,#8012,#8013);
#8011 = CARTESIAN_POINT('',(-2.25,-15.25,17.8));
#8012 = DIRECTION('',(1.224606353822E-16,-1.11200222819E-16,-1.));
#8013 = DIRECTION('',(-1.,1.107375960236E-32,-1.224606353822E-16));
#8014 = PCURVE('',#7991,#8015);
#8015 = DEFINITIONAL_REPRESENTATION('',(#8016),#8024);
#8016 = ( BOUNDED_CURVE() B_SPLINE_CURVE(2,(#8017,#8018,#8019,#8020,
#8021,#8022,#8023),.UNSPECIFIED.,.T.,.F.) B_SPLINE_CURVE_WITH_KNOTS((1,2
    ,2,2,2,1),(-2.094395102393,0.,2.094395102393,4.188790204786,
6.28318530718,8.377580409573),.UNSPECIFIED.) CURVE() 
GEOMETRIC_REPRESENTATION_ITEM() RATIONAL_B_SPLINE_CURVE((1.,0.5,1.,0.5,
1.,0.5,1.)) REPRESENTATION_ITEM('') );
#8017 = CARTESIAN_POINT('',(0.25,6.20837047526E-30));
#8018 = CARTESIAN_POINT('',(0.25,-0.433012701892));
#8019 = CARTESIAN_POINT('',(-0.125,-0.216506350946));
#8020 = CARTESIAN_POINT('',(-0.5,-6.123233995738E-17));
#8021 = CARTESIAN_POINT('',(-0.125,0.216506350946));
#8022 = CARTESIAN_POINT('',(0.25,0.433012701892));
#8023 = CARTESIAN_POINT('',(0.25,6.20837047526E-30));
#8024 = ( GEOMETRIC_REPRESENTATION_CONTEXT(2) 
PARAMETRIC_REPRESENTATION_CONTEXT() REPRESENTATION_CONTEXT('2D SPACE',''
  ) );
#8025 = SHELL_BASED_SURFACE_MODEL('',(#8026));
#8026 = OPEN_SHELL('',(#8027));
#8027 = ADVANCED_FACE('',(#8028),#8042,.T.);
#8028 = FACE_BOUND('',#8029,.T.);
#8029 = EDGE_LOOP('',(#8030,#8053,#8070,#8086));
#8030 = ORIENTED_EDGE('',*,*,#8031,.F.);
#8031 = EDGE_CURVE('',#8032,#8034,#8036,.T.);
#8032 = VERTEX_POINT('',#8033);
#8033 = CARTESIAN_POINT('',(-2.,-15.25,15.4));
#8034 = VERTEX_POINT('',#8035);
#8035 = CARTESIAN_POINT('',(-2.,-15.25,17.8));
#8036 = SURFACE_CURVE('',#8037,(#8041),.PCURVE_S1.);
#8037 = LINE('',#8038,#8039);
#8038 = CARTESIAN_POINT('',(-2.,-15.25,13.192893218813));
#8039 = VECTOR('',#8040,1.);
#8040 = DIRECTION('',(-1.224606353822E-16,1.11200222819E-16,1.));
#8041 = PCURVE('',#8042,#8047);
#8042 = CYLINDRICAL_SURFACE('',#8043,0.25);
#8043 = AXIS2_PLACEMENT_3D('',#8044,#8045,#8046);
#8044 = CARTESIAN_POINT('',(-2.25,-15.25,13.192893218813));
#8045 = DIRECTION('',(-1.224606353822E-16,1.11200222819E-16,1.));
#8046 = DIRECTION('',(-1.,1.107375960236E-32,-1.224606353822E-16));
#8047 = DEFINITIONAL_REPRESENTATION('',(#8048),#8052);
#8048 = LINE('',#8049,#8050);
#8049 = CARTESIAN_POINT('',(3.14159265359,0.));
#8050 = VECTOR('',#8051,1.);
#8051 = DIRECTION('',(0.,1.));
#8052 = ( GEOMETRIC_REPRESENTATION_CONTEXT(2) 
PARAMETRIC_REPRESENTATION_CONTEXT() REPRESENTATION_CONTEXT('2D SPACE',''
  ) );
#8053 = ORIENTED_EDGE('',*,*,#8054,.F.);
#8054 = EDGE_CURVE('',#8055,#8032,#8057,.T.);
#8055 = VERTEX_POINT('',#8056);
#8056 = CARTESIAN_POINT('',(-2.5,-15.25,15.4));
#8057 = SURFACE_CURVE('',#8058,(#8063),.PCURVE_S1.);
#8058 = CIRCLE('',#8059,0.25);
#8059 = AXIS2_PLACEMENT_3D('',#8060,#8061,#8062);
#8060 = CARTESIAN_POINT('',(-2.25,-15.25,15.4));
#8061 = DIRECTION('',(1.224606353822E-16,-1.11200222819E-16,-1.));
#8062 = DIRECTION('',(-1.,1.107375960236E-32,-1.224606353822E-16));
#8063 = PCURVE('',#8042,#8064);
#8064 = DEFINITIONAL_REPRESENTATION('',(#8065),#8069);
#8065 = LINE('',#8066,#8067);
#8066 = CARTESIAN_POINT('',(6.28318530718,2.207106781187));
#8067 = VECTOR('',#8068,1.);
#8068 = DIRECTION('',(-1.,0.));
#8069 = ( GEOMETRIC_REPRESENTATION_CONTEXT(2) 
PARAMETRIC_REPRESENTATION_CONTEXT() REPRESENTATION_CONTEXT('2D SPACE',''
  ) );
#8070 = ORIENTED_EDGE('',*,*,#8071,.T.);
#8071 = EDGE_CURVE('',#8055,#8072,#8074,.T.);
#8072 = VERTEX_POINT('',#8073);
#8073 = CARTESIAN_POINT('',(-2.5,-15.25,17.8));
#8074 = SURFACE_CURVE('',#8075,(#8079),.PCURVE_S1.);
#8075 = LINE('',#8076,#8077);
#8076 = CARTESIAN_POINT('',(-2.5,-15.25,13.192893218813));
#8077 = VECTOR('',#8078,1.);
#8078 = DIRECTION('',(-1.224606353822E-16,1.11200222819E-16,1.));
#8079 = PCURVE('',#8042,#8080);
#8080 = DEFINITIONAL_REPRESENTATION('',(#8081),#8085);
#8081 = LINE('',#8082,#8083);
#8082 = CARTESIAN_POINT('',(6.28318530718,0.));
#8083 = VECTOR('',#8084,1.);
#8084 = DIRECTION('',(0.,1.));
#8085 = ( GEOMETRIC_REPRESENTATION_CONTEXT(2) 
PARAMETRIC_REPRESENTATION_CONTEXT() REPRESENTATION_CONTEXT('2D SPACE',''
  ) );
#8086 = ORIENTED_EDGE('',*,*,#8087,.T.);
#8087 = EDGE_CURVE('',#8072,#8034,#8088,.T.);
#8088 = SURFACE_CURVE('',#8089,(#8094),.PCURVE_S1.);
#8089 = CIRCLE('',#8090,0.25);
#8090 = AXIS2_PLACEMENT_3D('',#8091,#8092,#8093);
#8091 = CARTESIAN_POINT('',(-2.25,-15.25,17.8));
#8092 = DIRECTION('',(1.224606353822E-16,-1.11200222819E-16,-1.));
#8093 = DIRECTION('',(-1.,1.107375960236E-32,-1.224606353822E-16));
#8094 = PCURVE('',#8042,#8095);
#8095 = DEFINITIONAL_REPRESENTATION('',(#8096),#8100);
#8096 = LINE('',#8097,#8098);
#8097 = CARTESIAN_POINT('',(6.28318530718,4.607106781187));
#8098 = VECTOR('',#8099,1.);
#8099 = DIRECTION('',(-1.,0.));
#8100 = ( GEOMETRIC_REPRESENTATION_CONTEXT(2) 
PARAMETRIC_REPRESENTATION_CONTEXT() REPRESENTATION_CONTEXT('2D SPACE',''
  ) );
#8101 = SHELL_BASED_SURFACE_MODEL('',(#8102));
#8102 = OPEN_SHELL('',(#8103));
#8103 = ADVANCED_FACE('',(#8104),#8119,.T.);
#8104 = FACE_BOUND('',#8105,.T.);
#8105 = EDGE_LOOP('',(#8106,#8134));
#8106 = ORIENTED_EDGE('',*,*,#8107,.F.);
#8107 = EDGE_CURVE('',#8108,#8110,#8112,.T.);
#8108 = VERTEX_POINT('',#8109);
#8109 = CARTESIAN_POINT('',(-4.,-15.25,17.8));
#8110 = VERTEX_POINT('',#8111);
#8111 = CARTESIAN_POINT('',(-3.5,-15.25,17.8));
#8112 = SURFACE_CURVE('',#8113,(#8118),.PCURVE_S1.);
#8113 = CIRCLE('',#8114,0.25);
#8114 = AXIS2_PLACEMENT_3D('',#8115,#8116,#8117);
#8115 = CARTESIAN_POINT('',(-3.75,-15.25,17.8));
#8116 = DIRECTION('',(1.224606353822E-16,-1.11200222819E-16,-1.));
#8117 = DIRECTION('',(-1.,1.107375960236E-32,-1.224606353822E-16));
#8118 = PCURVE('',#8119,#8124);
#8119 = PLANE('',#8120);
#8120 = AXIS2_PLACEMENT_3D('',#8121,#8122,#8123);
#8121 = CARTESIAN_POINT('',(-3.75,-15.25,17.8));
#8122 = DIRECTION('',(-1.143833291972E-17,-2.758299773102E-45,1.));
#8123 = DIRECTION('',(-1.,2.484455566064E-29,-1.143833291972E-17));
#8124 = DEFINITIONAL_REPRESENTATION('',(#8125),#8133);
#8125 = ( BOUNDED_CURVE() B_SPLINE_CURVE(2,(#8126,#8127,#8128,#8129,
#8130,#8131,#8132),.UNSPECIFIED.,.T.,.F.) B_SPLINE_CURVE_WITH_KNOTS((1,2
    ,2,2,2,1),(-2.094395102393,0.,2.094395102393,4.188790204786,
6.28318530718,8.377580409573),.UNSPECIFIED.) CURVE() 
GEOMETRIC_REPRESENTATION_ITEM() RATIONAL_B_SPLINE_CURVE((1.,0.5,1.,0.5,
1.,0.5,1.)) REPRESENTATION_ITEM('') );
#8126 = CARTESIAN_POINT('',(0.25,6.20837047526E-30));
#8127 = CARTESIAN_POINT('',(0.25,-0.433012701892));
#8128 = CARTESIAN_POINT('',(-0.125,-0.216506350946));
#8129 = CARTESIAN_POINT('',(-0.5,-6.123233995738E-17));
#8130 = CARTESIAN_POINT('',(-0.125,0.216506350946));
#8131 = CARTESIAN_POINT('',(0.25,0.433012701892));
#8132 = CARTESIAN_POINT('',(0.25,6.20837047526E-30));
#8133 = ( GEOMETRIC_REPRESENTATION_CONTEXT(2) 
PARAMETRIC_REPRESENTATION_CONTEXT() REPRESENTATION_CONTEXT('2D SPACE',''
  ) );
#8134 = ORIENTED_EDGE('',*,*,#8135,.F.);
#8135 = EDGE_CURVE('',#8110,#8108,#8136,.T.);
#8136 = SURFACE_CURVE('',#8137,(#8142),.PCURVE_S1.);
#8137 = CIRCLE('',#8138,0.25);
#8138 = AXIS2_PLACEMENT_3D('',#8139,#8140,#8141);
#8139 = CARTESIAN_POINT('',(-3.75,-15.25,17.8));
#8140 = DIRECTION('',(1.224606353822E-16,-1.11200222819E-16,-1.));
#8141 = DIRECTION('',(-1.,1.107375960236E-32,-1.224606353822E-16));
#8142 = PCURVE('',#8119,#8143);
#8143 = DEFINITIONAL_REPRESENTATION('',(#8144),#8152);
#8144 = ( BOUNDED_CURVE() B_SPLINE_CURVE(2,(#8145,#8146,#8147,#8148,
#8149,#8150,#8151),.UNSPECIFIED.,.T.,.F.) B_SPLINE_CURVE_WITH_KNOTS((1,2
    ,2,2,2,1),(-2.094395102393,0.,2.094395102393,4.188790204786,
6.28318530718,8.377580409573),.UNSPECIFIED.) CURVE() 
GEOMETRIC_REPRESENTATION_ITEM() RATIONAL_B_SPLINE_CURVE((1.,0.5,1.,0.5,
1.,0.5,1.)) REPRESENTATION_ITEM('') );
#8145 = CARTESIAN_POINT('',(0.25,6.20837047526E-30));
#8146 = CARTESIAN_POINT('',(0.25,-0.433012701892));
#8147 = CARTESIAN_POINT('',(-0.125,-0.216506350946));
#8148 = CARTESIAN_POINT('',(-0.5,-6.123233995738E-17));
#8149 = CARTESIAN_POINT('',(-0.125,0.216506350946));
#8150 = CARTESIAN_POINT('',(0.25,0.433012701892));
#8151 = CARTESIAN_POINT('',(0.25,6.20837047526E-30));
#8152 = ( GEOMETRIC_REPRESENTATION_CONTEXT(2) 
PARAMETRIC_REPRESENTATION_CONTEXT() REPRESENTATION_CONTEXT('2D SPACE',''
  ) );
#8153 = SHELL_BASED_SURFACE_MODEL('',(#8154));
#8154 = OPEN_SHELL('',(#8155));
#8155 = ADVANCED_FACE('',(#8156),#8170,.T.);
#8156 = FACE_BOUND('',#8157,.T.);
#8157 = EDGE_LOOP('',(#8158,#8181,#8198,#8214));
#8158 = ORIENTED_EDGE('',*,*,#8159,.F.);
#8159 = EDGE_CURVE('',#8160,#8162,#8164,.T.);
#8160 = VERTEX_POINT('',#8161);
#8161 = CARTESIAN_POINT('',(-3.5,-15.25,15.4));
#8162 = VERTEX_POINT('',#8163);
#8163 = CARTESIAN_POINT('',(-3.5,-15.25,17.8));
#8164 = SURFACE_CURVE('',#8165,(#8169),.PCURVE_S1.);
#8165 = LINE('',#8166,#8167);
#8166 = CARTESIAN_POINT('',(-3.5,-15.25,13.192893218813));
#8167 = VECTOR('',#8168,1.);
#8168 = DIRECTION('',(-1.224606353822E-16,1.11200222819E-16,1.));
#8169 = PCURVE('',#8170,#8175);
#8170 = CYLINDRICAL_SURFACE('',#8171,0.25);
#8171 = AXIS2_PLACEMENT_3D('',#8172,#8173,#8174);
#8172 = CARTESIAN_POINT('',(-3.75,-15.25,13.192893218813));
#8173 = DIRECTION('',(-1.224606353822E-16,1.11200222819E-16,1.));
#8174 = DIRECTION('',(-1.,1.107375960236E-32,-1.224606353822E-16));
#8175 = DEFINITIONAL_REPRESENTATION('',(#8176),#8180);
#8176 = LINE('',#8177,#8178);
#8177 = CARTESIAN_POINT('',(3.14159265359,0.));
#8178 = VECTOR('',#8179,1.);
#8179 = DIRECTION('',(0.,1.));
#8180 = ( GEOMETRIC_REPRESENTATION_CONTEXT(2) 
PARAMETRIC_REPRESENTATION_CONTEXT() REPRESENTATION_CONTEXT('2D SPACE',''
  ) );
#8181 = ORIENTED_EDGE('',*,*,#8182,.F.);
#8182 = EDGE_CURVE('',#8183,#8160,#8185,.T.);
#8183 = VERTEX_POINT('',#8184);
#8184 = CARTESIAN_POINT('',(-4.,-15.25,15.4));
#8185 = SURFACE_CURVE('',#8186,(#8191),.PCURVE_S1.);
#8186 = CIRCLE('',#8187,0.25);
#8187 = AXIS2_PLACEMENT_3D('',#8188,#8189,#8190);
#8188 = CARTESIAN_POINT('',(-3.75,-15.25,15.4));
#8189 = DIRECTION('',(1.224606353822E-16,-1.11200222819E-16,-1.));
#8190 = DIRECTION('',(-1.,1.107375960236E-32,-1.224606353822E-16));
#8191 = PCURVE('',#8170,#8192);
#8192 = DEFINITIONAL_REPRESENTATION('',(#8193),#8197);
#8193 = LINE('',#8194,#8195);
#8194 = CARTESIAN_POINT('',(6.28318530718,2.207106781187));
#8195 = VECTOR('',#8196,1.);
#8196 = DIRECTION('',(-1.,0.));
#8197 = ( GEOMETRIC_REPRESENTATION_CONTEXT(2) 
PARAMETRIC_REPRESENTATION_CONTEXT() REPRESENTATION_CONTEXT('2D SPACE',''
  ) );
#8198 = ORIENTED_EDGE('',*,*,#8199,.T.);
#8199 = EDGE_CURVE('',#8183,#8200,#8202,.T.);
#8200 = VERTEX_POINT('',#8201);
#8201 = CARTESIAN_POINT('',(-4.,-15.25,17.8));
#8202 = SURFACE_CURVE('',#8203,(#8207),.PCURVE_S1.);
#8203 = LINE('',#8204,#8205);
#8204 = CARTESIAN_POINT('',(-4.,-15.25,13.192893218813));
#8205 = VECTOR('',#8206,1.);
#8206 = DIRECTION('',(-1.224606353822E-16,1.11200222819E-16,1.));
#8207 = PCURVE('',#8170,#8208);
#8208 = DEFINITIONAL_REPRESENTATION('',(#8209),#8213);
#8209 = LINE('',#8210,#8211);
#8210 = CARTESIAN_POINT('',(6.28318530718,0.));
#8211 = VECTOR('',#8212,1.);
#8212 = DIRECTION('',(0.,1.));
#8213 = ( GEOMETRIC_REPRESENTATION_CONTEXT(2) 
PARAMETRIC_REPRESENTATION_CONTEXT() REPRESENTATION_CONTEXT('2D SPACE',''
  ) );
#8214 = ORIENTED_EDGE('',*,*,#8215,.T.);
#8215 = EDGE_CURVE('',#8200,#8162,#8216,.T.);
#8216 = SURFACE_CURVE('',#8217,(#8222),.PCURVE_S1.);
#8217 = CIRCLE('',#8218,0.25);
#8218 = AXIS2_PLACEMENT_3D('',#8219,#8220,#8221);
#8219 = CARTESIAN_POINT('',(-3.75,-15.25,17.8));
#8220 = DIRECTION('',(1.224606353822E-16,-1.11200222819E-16,-1.));
#8221 = DIRECTION('',(-1.,1.107375960236E-32,-1.224606353822E-16));
#8222 = PCURVE('',#8170,#8223);
#8223 = DEFINITIONAL_REPRESENTATION('',(#8224),#8228);
#8224 = LINE('',#8225,#8226);
#8225 = CARTESIAN_POINT('',(6.28318530718,4.607106781187));
#8226 = VECTOR('',#8227,1.);
#8227 = DIRECTION('',(-1.,0.));
#8228 = ( GEOMETRIC_REPRESENTATION_CONTEXT(2) 
PARAMETRIC_REPRESENTATION_CONTEXT() REPRESENTATION_CONTEXT('2D SPACE',''
  ) );
#8229 = SHELL_BASED_SURFACE_MODEL('',(#8230));
#8230 = OPEN_SHELL('',(#8231));
#8231 = ADVANCED_FACE('',(#8232,#8281,#8325,#8369,#8413,#8457,#8501),
  #8247,.T.);
#8232 = FACE_BOUND('',#8233,.T.);
#8233 = EDGE_LOOP('',(#8234,#8262));
#8234 = ORIENTED_EDGE('',*,*,#8235,.T.);
#8235 = EDGE_CURVE('',#8236,#8238,#8240,.T.);
#8236 = VERTEX_POINT('',#8237);
#8237 = CARTESIAN_POINT('',(-4.,-15.25,15.4));
#8238 = VERTEX_POINT('',#8239);
#8239 = CARTESIAN_POINT('',(-3.5,-15.25,15.4));
#8240 = SURFACE_CURVE('',#8241,(#8246),.PCURVE_S1.);
#8241 = CIRCLE('',#8242,0.25);
#8242 = AXIS2_PLACEMENT_3D('',#8243,#8244,#8245);
#8243 = CARTESIAN_POINT('',(-3.75,-15.25,15.4));
#8244 = DIRECTION('',(1.224606353822E-16,-1.11200222819E-16,-1.));
#8245 = DIRECTION('',(-1.,1.107375960236E-32,-1.224606353822E-16));
#8246 = PCURVE('',#8247,#8252);
#8247 = PLANE('',#8248);
#8248 = AXIS2_PLACEMENT_3D('',#8249,#8250,#8251);
#8249 = CARTESIAN_POINT('',(-4.75,-13.45,15.4));
#8250 = DIRECTION('',(-1.143833291972E-17,-2.758299773102E-45,1.));
#8251 = DIRECTION('',(-1.,2.484455566064E-29,-1.143833291972E-17));
#8252 = DEFINITIONAL_REPRESENTATION('',(#8253),#8261);
#8253 = ( BOUNDED_CURVE() B_SPLINE_CURVE(2,(#8254,#8255,#8256,#8257,
#8258,#8259,#8260),.UNSPECIFIED.,.T.,.F.) B_SPLINE_CURVE_WITH_KNOTS((1,2
    ,2,2,2,1),(-2.094395102393,0.,2.094395102393,4.188790204786,
6.28318530718,8.377580409573),.UNSPECIFIED.) CURVE() 
GEOMETRIC_REPRESENTATION_ITEM() RATIONAL_B_SPLINE_CURVE((1.,0.5,1.,0.5,
1.,0.5,1.)) REPRESENTATION_ITEM('') );
#8254 = CARTESIAN_POINT('',(-0.75,1.8));
#8255 = CARTESIAN_POINT('',(-0.75,1.366987298108));
#8256 = CARTESIAN_POINT('',(-1.125,1.583493649054));
#8257 = CARTESIAN_POINT('',(-1.5,1.8));
#8258 = CARTESIAN_POINT('',(-1.125,2.016506350946));
#8259 = CARTESIAN_POINT('',(-0.75,2.233012701892));
#8260 = CARTESIAN_POINT('',(-0.75,1.8));
#8261 = ( GEOMETRIC_REPRESENTATION_CONTEXT(2) 
PARAMETRIC_REPRESENTATION_CONTEXT() REPRESENTATION_CONTEXT('2D SPACE',''
  ) );
#8262 = ORIENTED_EDGE('',*,*,#8263,.T.);
#8263 = EDGE_CURVE('',#8238,#8236,#8264,.T.);
#8264 = SURFACE_CURVE('',#8265,(#8270),.PCURVE_S1.);
#8265 = CIRCLE('',#8266,0.25);
#8266 = AXIS2_PLACEMENT_3D('',#8267,#8268,#8269);
#8267 = CARTESIAN_POINT('',(-3.75,-15.25,15.4));
#8268 = DIRECTION('',(1.224606353822E-16,-1.11200222819E-16,-1.));
#8269 = DIRECTION('',(-1.,1.107375960236E-32,-1.224606353822E-16));
#8270 = PCURVE('',#8247,#8271);
#8271 = DEFINITIONAL_REPRESENTATION('',(#8272),#8280);
#8272 = ( BOUNDED_CURVE() B_SPLINE_CURVE(2,(#8273,#8274,#8275,#8276,
#8277,#8278,#8279),.UNSPECIFIED.,.T.,.F.) B_SPLINE_CURVE_WITH_KNOTS((1,2
    ,2,2,2,1),(-2.094395102393,0.,2.094395102393,4.188790204786,
6.28318530718,8.377580409573),.UNSPECIFIED.) CURVE() 
GEOMETRIC_REPRESENTATION_ITEM() RATIONAL_B_SPLINE_CURVE((1.,0.5,1.,0.5,
1.,0.5,1.)) REPRESENTATION_ITEM('') );
#8273 = CARTESIAN_POINT('',(-0.75,1.8));
#8274 = CARTESIAN_POINT('',(-0.75,1.366987298108));
#8275 = CARTESIAN_POINT('',(-1.125,1.583493649054));
#8276 = CARTESIAN_POINT('',(-1.5,1.8));
#8277 = CARTESIAN_POINT('',(-1.125,2.016506350946));
#8278 = CARTESIAN_POINT('',(-0.75,2.233012701892));
#8279 = CARTESIAN_POINT('',(-0.75,1.8));
#8280 = ( GEOMETRIC_REPRESENTATION_CONTEXT(2) 
PARAMETRIC_REPRESENTATION_CONTEXT() REPRESENTATION_CONTEXT('2D SPACE',''
  ) );
#8281 = FACE_BOUND('',#8282,.T.);
#8282 = EDGE_LOOP('',(#8283,#8306));
#8283 = ORIENTED_EDGE('',*,*,#8284,.T.);
#8284 = EDGE_CURVE('',#8285,#8287,#8289,.T.);
#8285 = VERTEX_POINT('',#8286);
#8286 = CARTESIAN_POINT('',(-2.5,-15.25,15.4));
#8287 = VERTEX_POINT('',#8288);
#8288 = CARTESIAN_POINT('',(-2.,-15.25,15.4));
#8289 = SURFACE_CURVE('',#8290,(#8295),.PCURVE_S1.);
#8290 = CIRCLE('',#8291,0.25);
#8291 = AXIS2_PLACEMENT_3D('',#8292,#8293,#8294);
#8292 = CARTESIAN_POINT('',(-2.25,-15.25,15.4));
#8293 = DIRECTION('',(1.224606353822E-16,-1.11200222819E-16,-1.));
#8294 = DIRECTION('',(-1.,1.107375960236E-32,-1.224606353822E-16));
#8295 = PCURVE('',#8247,#8296);
#8296 = DEFINITIONAL_REPRESENTATION('',(#8297),#8305);
#8297 = ( BOUNDED_CURVE() B_SPLINE_CURVE(2,(#8298,#8299,#8300,#8301,
#8302,#8303,#8304),.UNSPECIFIED.,.T.,.F.) B_SPLINE_CURVE_WITH_KNOTS((1,2
    ,2,2,2,1),(-2.094395102393,0.,2.094395102393,4.188790204786,
6.28318530718,8.377580409573),.UNSPECIFIED.) CURVE() 
GEOMETRIC_REPRESENTATION_ITEM() RATIONAL_B_SPLINE_CURVE((1.,0.5,1.,0.5,
1.,0.5,1.)) REPRESENTATION_ITEM('') );
#8298 = CARTESIAN_POINT('',(-2.25,1.8));
#8299 = CARTESIAN_POINT('',(-2.25,1.366987298108));
#8300 = CARTESIAN_POINT('',(-2.625,1.583493649054));
#8301 = CARTESIAN_POINT('',(-3.,1.8));
#8302 = CARTESIAN_POINT('',(-2.625,2.016506350946));
#8303 = CARTESIAN_POINT('',(-2.25,2.233012701892));
#8304 = CARTESIAN_POINT('',(-2.25,1.8));
#8305 = ( GEOMETRIC_REPRESENTATION_CONTEXT(2) 
PARAMETRIC_REPRESENTATION_CONTEXT() REPRESENTATION_CONTEXT('2D SPACE',''
  ) );
#8306 = ORIENTED_EDGE('',*,*,#8307,.T.);
#8307 = EDGE_CURVE('',#8287,#8285,#8308,.T.);
#8308 = SURFACE_CURVE('',#8309,(#8314),.PCURVE_S1.);
#8309 = CIRCLE('',#8310,0.25);
#8310 = AXIS2_PLACEMENT_3D('',#8311,#8312,#8313);
#8311 = CARTESIAN_POINT('',(-2.25,-15.25,15.4));
#8312 = DIRECTION('',(1.224606353822E-16,-1.11200222819E-16,-1.));
#8313 = DIRECTION('',(-1.,1.107375960236E-32,-1.224606353822E-16));
#8314 = PCURVE('',#8247,#8315);
#8315 = DEFINITIONAL_REPRESENTATION('',(#8316),#8324);
#8316 = ( BOUNDED_CURVE() B_SPLINE_CURVE(2,(#8317,#8318,#8319,#8320,
#8321,#8322,#8323),.UNSPECIFIED.,.T.,.F.) B_SPLINE_CURVE_WITH_KNOTS((1,2
    ,2,2,2,1),(-2.094395102393,0.,2.094395102393,4.188790204786,
6.28318530718,8.377580409573),.UNSPECIFIED.) CURVE() 
GEOMETRIC_REPRESENTATION_ITEM() RATIONAL_B_SPLINE_CURVE((1.,0.5,1.,0.5,
1.,0.5,1.)) REPRESENTATION_ITEM('') );
#8317 = CARTESIAN_POINT('',(-2.25,1.8));
#8318 = CARTESIAN_POINT('',(-2.25,1.366987298108));
#8319 = CARTESIAN_POINT('',(-2.625,1.583493649054));
#8320 = CARTESIAN_POINT('',(-3.,1.8));
#8321 = CARTESIAN_POINT('',(-2.625,2.016506350946));
#8322 = CARTESIAN_POINT('',(-2.25,2.233012701892));
#8323 = CARTESIAN_POINT('',(-2.25,1.8));
#8324 = ( GEOMETRIC_REPRESENTATION_CONTEXT(2) 
PARAMETRIC_REPRESENTATION_CONTEXT() REPRESENTATION_CONTEXT('2D SPACE',''
  ) );
#8325 = FACE_BOUND('',#8326,.T.);
#8326 = EDGE_LOOP('',(#8327,#8350));
#8327 = ORIENTED_EDGE('',*,*,#8328,.T.);
#8328 = EDGE_CURVE('',#8329,#8331,#8333,.T.);
#8329 = VERTEX_POINT('',#8330);
#8330 = CARTESIAN_POINT('',(-1.,-15.25,15.4));
#8331 = VERTEX_POINT('',#8332);
#8332 = CARTESIAN_POINT('',(-0.5,-15.25,15.4));
#8333 = SURFACE_CURVE('',#8334,(#8339),.PCURVE_S1.);
#8334 = CIRCLE('',#8335,0.25);
#8335 = AXIS2_PLACEMENT_3D('',#8336,#8337,#8338);
#8336 = CARTESIAN_POINT('',(-0.75,-15.25,15.4));
#8337 = DIRECTION('',(1.224606353822E-16,-1.11200222819E-16,-1.));
#8338 = DIRECTION('',(-1.,1.107375960236E-32,-1.224606353822E-16));
#8339 = PCURVE('',#8247,#8340);
#8340 = DEFINITIONAL_REPRESENTATION('',(#8341),#8349);
#8341 = ( BOUNDED_CURVE() B_SPLINE_CURVE(2,(#8342,#8343,#8344,#8345,
#8346,#8347,#8348),.UNSPECIFIED.,.T.,.F.) B_SPLINE_CURVE_WITH_KNOTS((1,2
    ,2,2,2,1),(-2.094395102393,0.,2.094395102393,4.188790204786,
6.28318530718,8.377580409573),.UNSPECIFIED.) CURVE() 
GEOMETRIC_REPRESENTATION_ITEM() RATIONAL_B_SPLINE_CURVE((1.,0.5,1.,0.5,
1.,0.5,1.)) REPRESENTATION_ITEM('') );
#8342 = CARTESIAN_POINT('',(-3.75,1.8));
#8343 = CARTESIAN_POINT('',(-3.75,1.366987298108));
#8344 = CARTESIAN_POINT('',(-4.125,1.583493649054));
#8345 = CARTESIAN_POINT('',(-4.5,1.8));
#8346 = CARTESIAN_POINT('',(-4.125,2.016506350946));
#8347 = CARTESIAN_POINT('',(-3.75,2.233012701892));
#8348 = CARTESIAN_POINT('',(-3.75,1.8));
#8349 = ( GEOMETRIC_REPRESENTATION_CONTEXT(2) 
PARAMETRIC_REPRESENTATION_CONTEXT() REPRESENTATION_CONTEXT('2D SPACE',''
  ) );
#8350 = ORIENTED_EDGE('',*,*,#8351,.T.);
#8351 = EDGE_CURVE('',#8331,#8329,#8352,.T.);
#8352 = SURFACE_CURVE('',#8353,(#8358),.PCURVE_S1.);
#8353 = CIRCLE('',#8354,0.25);
#8354 = AXIS2_PLACEMENT_3D('',#8355,#8356,#8357);
#8355 = CARTESIAN_POINT('',(-0.75,-15.25,15.4));
#8356 = DIRECTION('',(1.224606353822E-16,-1.11200222819E-16,-1.));
#8357 = DIRECTION('',(-1.,1.107375960236E-32,-1.224606353822E-16));
#8358 = PCURVE('',#8247,#8359);
#8359 = DEFINITIONAL_REPRESENTATION('',(#8360),#8368);
#8360 = ( BOUNDED_CURVE() B_SPLINE_CURVE(2,(#8361,#8362,#8363,#8364,
#8365,#8366,#8367),.UNSPECIFIED.,.T.,.F.) B_SPLINE_CURVE_WITH_KNOTS((1,2
    ,2,2,2,1),(-2.094395102393,0.,2.094395102393,4.188790204786,
6.28318530718,8.377580409573),.UNSPECIFIED.) CURVE() 
GEOMETRIC_REPRESENTATION_ITEM() RATIONAL_B_SPLINE_CURVE((1.,0.5,1.,0.5,
1.,0.5,1.)) REPRESENTATION_ITEM('') );
#8361 = CARTESIAN_POINT('',(-3.75,1.8));
#8362 = CARTESIAN_POINT('',(-3.75,1.366987298108));
#8363 = CARTESIAN_POINT('',(-4.125,1.583493649054));
#8364 = CARTESIAN_POINT('',(-4.5,1.8));
#8365 = CARTESIAN_POINT('',(-4.125,2.016506350946));
#8366 = CARTESIAN_POINT('',(-3.75,2.233012701892));
#8367 = CARTESIAN_POINT('',(-3.75,1.8));
#8368 = ( GEOMETRIC_REPRESENTATION_CONTEXT(2) 
PARAMETRIC_REPRESENTATION_CONTEXT() REPRESENTATION_CONTEXT('2D SPACE',''
  ) );
#8369 = FACE_BOUND('',#8370,.T.);
#8370 = EDGE_LOOP('',(#8371,#8394));
#8371 = ORIENTED_EDGE('',*,*,#8372,.T.);
#8372 = EDGE_CURVE('',#8373,#8375,#8377,.T.);
#8373 = VERTEX_POINT('',#8374);
#8374 = CARTESIAN_POINT('',(0.5,-15.25,15.4));
#8375 = VERTEX_POINT('',#8376);
#8376 = CARTESIAN_POINT('',(1.,-15.25,15.4));
#8377 = SURFACE_CURVE('',#8378,(#8383),.PCURVE_S1.);
#8378 = CIRCLE('',#8379,0.25);
#8379 = AXIS2_PLACEMENT_3D('',#8380,#8381,#8382);
#8380 = CARTESIAN_POINT('',(0.75,-15.25,15.4));
#8381 = DIRECTION('',(1.224606353822E-16,-1.11200222819E-16,-1.));
#8382 = DIRECTION('',(-1.,1.107375960236E-32,-1.224606353822E-16));
#8383 = PCURVE('',#8247,#8384);
#8384 = DEFINITIONAL_REPRESENTATION('',(#8385),#8393);
#8385 = ( BOUNDED_CURVE() B_SPLINE_CURVE(2,(#8386,#8387,#8388,#8389,
#8390,#8391,#8392),.UNSPECIFIED.,.T.,.F.) B_SPLINE_CURVE_WITH_KNOTS((1,2
    ,2,2,2,1),(-2.094395102393,0.,2.094395102393,4.188790204786,
6.28318530718,8.377580409573),.UNSPECIFIED.) CURVE() 
GEOMETRIC_REPRESENTATION_ITEM() RATIONAL_B_SPLINE_CURVE((1.,0.5,1.,0.5,
1.,0.5,1.)) REPRESENTATION_ITEM('') );
#8386 = CARTESIAN_POINT('',(-5.25,1.8));
#8387 = CARTESIAN_POINT('',(-5.25,1.366987298108));
#8388 = CARTESIAN_POINT('',(-5.625,1.583493649054));
#8389 = CARTESIAN_POINT('',(-6.,1.8));
#8390 = CARTESIAN_POINT('',(-5.625,2.016506350946));
#8391 = CARTESIAN_POINT('',(-5.25,2.233012701892));
#8392 = CARTESIAN_POINT('',(-5.25,1.8));
#8393 = ( GEOMETRIC_REPRESENTATION_CONTEXT(2) 
PARAMETRIC_REPRESENTATION_CONTEXT() REPRESENTATION_CONTEXT('2D SPACE',''
  ) );
#8394 = ORIENTED_EDGE('',*,*,#8395,.T.);
#8395 = EDGE_CURVE('',#8375,#8373,#8396,.T.);
#8396 = SURFACE_CURVE('',#8397,(#8402),.PCURVE_S1.);
#8397 = CIRCLE('',#8398,0.25);
#8398 = AXIS2_PLACEMENT_3D('',#8399,#8400,#8401);
#8399 = CARTESIAN_POINT('',(0.75,-15.25,15.4));
#8400 = DIRECTION('',(1.224606353822E-16,-1.11200222819E-16,-1.));
#8401 = DIRECTION('',(-1.,1.107375960236E-32,-1.224606353822E-16));
#8402 = PCURVE('',#8247,#8403);
#8403 = DEFINITIONAL_REPRESENTATION('',(#8404),#8412);
#8404 = ( BOUNDED_CURVE() B_SPLINE_CURVE(2,(#8405,#8406,#8407,#8408,
#8409,#8410,#8411),.UNSPECIFIED.,.T.,.F.) B_SPLINE_CURVE_WITH_KNOTS((1,2
    ,2,2,2,1),(-2.094395102393,0.,2.094395102393,4.188790204786,
6.28318530718,8.377580409573),.UNSPECIFIED.) CURVE() 
GEOMETRIC_REPRESENTATION_ITEM() RATIONAL_B_SPLINE_CURVE((1.,0.5,1.,0.5,
1.,0.5,1.)) REPRESENTATION_ITEM('') );
#8405 = CARTESIAN_POINT('',(-5.25,1.8));
#8406 = CARTESIAN_POINT('',(-5.25,1.366987298108));
#8407 = CARTESIAN_POINT('',(-5.625,1.583493649054));
#8408 = CARTESIAN_POINT('',(-6.,1.8));
#8409 = CARTESIAN_POINT('',(-5.625,2.016506350946));
#8410 = CARTESIAN_POINT('',(-5.25,2.233012701892));
#8411 = CARTESIAN_POINT('',(-5.25,1.8));
#8412 = ( GEOMETRIC_REPRESENTATION_CONTEXT(2) 
PARAMETRIC_REPRESENTATION_CONTEXT() REPRESENTATION_CONTEXT('2D SPACE',''
  ) );
#8413 = FACE_BOUND('',#8414,.T.);
#8414 = EDGE_LOOP('',(#8415,#8438));
#8415 = ORIENTED_EDGE('',*,*,#8416,.T.);
#8416 = EDGE_CURVE('',#8417,#8419,#8421,.T.);
#8417 = VERTEX_POINT('',#8418);
#8418 = CARTESIAN_POINT('',(2.,-15.25,15.4));
#8419 = VERTEX_POINT('',#8420);
#8420 = CARTESIAN_POINT('',(2.5,-15.25,15.4));
#8421 = SURFACE_CURVE('',#8422,(#8427),.PCURVE_S1.);
#8422 = CIRCLE('',#8423,0.25);
#8423 = AXIS2_PLACEMENT_3D('',#8424,#8425,#8426);
#8424 = CARTESIAN_POINT('',(2.25,-15.25,15.4));
#8425 = DIRECTION('',(1.224606353822E-16,-1.11200222819E-16,-1.));
#8426 = DIRECTION('',(-1.,1.107375960236E-32,-1.224606353822E-16));
#8427 = PCURVE('',#8247,#8428);
#8428 = DEFINITIONAL_REPRESENTATION('',(#8429),#8437);
#8429 = ( BOUNDED_CURVE() B_SPLINE_CURVE(2,(#8430,#8431,#8432,#8433,
#8434,#8435,#8436),.UNSPECIFIED.,.T.,.F.) B_SPLINE_CURVE_WITH_KNOTS((1,2
    ,2,2,2,1),(-2.094395102393,0.,2.094395102393,4.188790204786,
6.28318530718,8.377580409573),.UNSPECIFIED.) CURVE() 
GEOMETRIC_REPRESENTATION_ITEM() RATIONAL_B_SPLINE_CURVE((1.,0.5,1.,0.5,
1.,0.5,1.)) REPRESENTATION_ITEM('') );
#8430 = CARTESIAN_POINT('',(-6.75,1.8));
#8431 = CARTESIAN_POINT('',(-6.75,1.366987298108));
#8432 = CARTESIAN_POINT('',(-7.125,1.583493649054));
#8433 = CARTESIAN_POINT('',(-7.5,1.8));
#8434 = CARTESIAN_POINT('',(-7.125,2.016506350946));
#8435 = CARTESIAN_POINT('',(-6.75,2.233012701892));
#8436 = CARTESIAN_POINT('',(-6.75,1.8));
#8437 = ( GEOMETRIC_REPRESENTATION_CONTEXT(2) 
PARAMETRIC_REPRESENTATION_CONTEXT() REPRESENTATION_CONTEXT('2D SPACE',''
  ) );
#8438 = ORIENTED_EDGE('',*,*,#8439,.T.);
#8439 = EDGE_CURVE('',#8419,#8417,#8440,.T.);
#8440 = SURFACE_CURVE('',#8441,(#8446),.PCURVE_S1.);
#8441 = CIRCLE('',#8442,0.25);
#8442 = AXIS2_PLACEMENT_3D('',#8443,#8444,#8445);
#8443 = CARTESIAN_POINT('',(2.25,-15.25,15.4));
#8444 = DIRECTION('',(1.224606353822E-16,-1.11200222819E-16,-1.));
#8445 = DIRECTION('',(-1.,1.107375960236E-32,-1.224606353822E-16));
#8446 = PCURVE('',#8247,#8447);
#8447 = DEFINITIONAL_REPRESENTATION('',(#8448),#8456);
#8448 = ( BOUNDED_CURVE() B_SPLINE_CURVE(2,(#8449,#8450,#8451,#8452,
#8453,#8454,#8455),.UNSPECIFIED.,.T.,.F.) B_SPLINE_CURVE_WITH_KNOTS((1,2
    ,2,2,2,1),(-2.094395102393,0.,2.094395102393,4.188790204786,
6.28318530718,8.377580409573),.UNSPECIFIED.) CURVE() 
GEOMETRIC_REPRESENTATION_ITEM() RATIONAL_B_SPLINE_CURVE((1.,0.5,1.,0.5,
1.,0.5,1.)) REPRESENTATION_ITEM('') );
#8449 = CARTESIAN_POINT('',(-6.75,1.8));
#8450 = CARTESIAN_POINT('',(-6.75,1.366987298108));
#8451 = CARTESIAN_POINT('',(-7.125,1.583493649054));
#8452 = CARTESIAN_POINT('',(-7.5,1.8));
#8453 = CARTESIAN_POINT('',(-7.125,2.016506350946));
#8454 = CARTESIAN_POINT('',(-6.75,2.233012701892));
#8455 = CARTESIAN_POINT('',(-6.75,1.8));
#8456 = ( GEOMETRIC_REPRESENTATION_CONTEXT(2) 
PARAMETRIC_REPRESENTATION_CONTEXT() REPRESENTATION_CONTEXT('2D SPACE',''
  ) );
#8457 = FACE_BOUND('',#8458,.T.);
#8458 = EDGE_LOOP('',(#8459,#8482));
#8459 = ORIENTED_EDGE('',*,*,#8460,.T.);
#8460 = EDGE_CURVE('',#8461,#8463,#8465,.T.);
#8461 = VERTEX_POINT('',#8462);
#8462 = CARTESIAN_POINT('',(3.5,-15.25,15.4));
#8463 = VERTEX_POINT('',#8464);
#8464 = CARTESIAN_POINT('',(4.,-15.25,15.4));
#8465 = SURFACE_CURVE('',#8466,(#8471),.PCURVE_S1.);
#8466 = CIRCLE('',#8467,0.25);
#8467 = AXIS2_PLACEMENT_3D('',#8468,#8469,#8470);
#8468 = CARTESIAN_POINT('',(3.75,-15.25,15.4));
#8469 = DIRECTION('',(1.224606353822E-16,-1.11200222819E-16,-1.));
#8470 = DIRECTION('',(-1.,1.107375960236E-32,-1.224606353822E-16));
#8471 = PCURVE('',#8247,#8472);
#8472 = DEFINITIONAL_REPRESENTATION('',(#8473),#8481);
#8473 = ( BOUNDED_CURVE() B_SPLINE_CURVE(2,(#8474,#8475,#8476,#8477,
#8478,#8479,#8480),.UNSPECIFIED.,.T.,.F.) B_SPLINE_CURVE_WITH_KNOTS((1,2
    ,2,2,2,1),(-2.094395102393,0.,2.094395102393,4.188790204786,
6.28318530718,8.377580409573),.UNSPECIFIED.) CURVE() 
GEOMETRIC_REPRESENTATION_ITEM() RATIONAL_B_SPLINE_CURVE((1.,0.5,1.,0.5,
1.,0.5,1.)) REPRESENTATION_ITEM('') );
#8474 = CARTESIAN_POINT('',(-8.25,1.8));
#8475 = CARTESIAN_POINT('',(-8.25,1.366987298108));
#8476 = CARTESIAN_POINT('',(-8.625,1.583493649054));
#8477 = CARTESIAN_POINT('',(-9.,1.8));
#8478 = CARTESIAN_POINT('',(-8.625,2.016506350946));
#8479 = CARTESIAN_POINT('',(-8.25,2.233012701892));
#8480 = CARTESIAN_POINT('',(-8.25,1.8));
#8481 = ( GEOMETRIC_REPRESENTATION_CONTEXT(2) 
PARAMETRIC_REPRESENTATION_CONTEXT() REPRESENTATION_CONTEXT('2D SPACE',''
  ) );
#8482 = ORIENTED_EDGE('',*,*,#8483,.T.);
#8483 = EDGE_CURVE('',#8463,#8461,#8484,.T.);
#8484 = SURFACE_CURVE('',#8485,(#8490),.PCURVE_S1.);
#8485 = CIRCLE('',#8486,0.25);
#8486 = AXIS2_PLACEMENT_3D('',#8487,#8488,#8489);
#8487 = CARTESIAN_POINT('',(3.75,-15.25,15.4));
#8488 = DIRECTION('',(1.224606353822E-16,-1.11200222819E-16,-1.));
#8489 = DIRECTION('',(-1.,1.107375960236E-32,-1.224606353822E-16));
#8490 = PCURVE('',#8247,#8491);
#8491 = DEFINITIONAL_REPRESENTATION('',(#8492),#8500);
#8492 = ( BOUNDED_CURVE() B_SPLINE_CURVE(2,(#8493,#8494,#8495,#8496,
#8497,#8498,#8499),.UNSPECIFIED.,.T.,.F.) B_SPLINE_CURVE_WITH_KNOTS((1,2
    ,2,2,2,1),(-2.094395102393,0.,2.094395102393,4.188790204786,
6.28318530718,8.377580409573),.UNSPECIFIED.) CURVE() 
GEOMETRIC_REPRESENTATION_ITEM() RATIONAL_B_SPLINE_CURVE((1.,0.5,1.,0.5,
1.,0.5,1.)) REPRESENTATION_ITEM('') );
#8493 = CARTESIAN_POINT('',(-8.25,1.8));
#8494 = CARTESIAN_POINT('',(-8.25,1.366987298108));
#8495 = CARTESIAN_POINT('',(-8.625,1.583493649054));
#8496 = CARTESIAN_POINT('',(-9.,1.8));
#8497 = CARTESIAN_POINT('',(-8.625,2.016506350946));
#8498 = CARTESIAN_POINT('',(-8.25,2.233012701892));
#8499 = CARTESIAN_POINT('',(-8.25,1.8));
#8500 = ( GEOMETRIC_REPRESENTATION_CONTEXT(2) 
PARAMETRIC_REPRESENTATION_CONTEXT() REPRESENTATION_CONTEXT('2D SPACE',''
  ) );
#8501 = FACE_BOUND('',#8502,.T.);
#8502 = EDGE_LOOP('',(#8503,#8521,#8537,#8553,#8569,#8585));
#8503 = ORIENTED_EDGE('',*,*,#8504,.T.);
#8504 = EDGE_CURVE('',#8505,#8507,#8509,.T.);
#8505 = VERTEX_POINT('',#8506);
#8506 = CARTESIAN_POINT('',(-4.75,-14.8,15.4));
#8507 = VERTEX_POINT('',#8508);
#8508 = CARTESIAN_POINT('',(-4.75,-16.15,15.4));
#8509 = SURFACE_CURVE('',#8510,(#8514),.PCURVE_S1.);
#8510 = LINE('',#8511,#8512);
#8511 = CARTESIAN_POINT('',(-4.75,-13.45,15.4));
#8512 = VECTOR('',#8513,1.);
#8513 = DIRECTION('',(-2.522121711592E-29,-1.,-2.366582715663E-30));
#8514 = PCURVE('',#8247,#8515);
#8515 = DEFINITIONAL_REPRESENTATION('',(#8516),#8520);
#8516 = LINE('',#8517,#8518);
#8517 = CARTESIAN_POINT('',(1.7763568394E-15,4.413279636964E-44));
#8518 = VECTOR('',#8519,1.);
#8519 = DIRECTION('',(3.766614552829E-31,1.));
#8520 = ( GEOMETRIC_REPRESENTATION_CONTEXT(2) 
PARAMETRIC_REPRESENTATION_CONTEXT() REPRESENTATION_CONTEXT('2D SPACE',''
  ) );
#8521 = ORIENTED_EDGE('',*,*,#8522,.T.);
#8522 = EDGE_CURVE('',#8507,#8523,#8525,.T.);
#8523 = VERTEX_POINT('',#8524);
#8524 = CARTESIAN_POINT('',(-4.05,-16.15,15.4));
#8525 = SURFACE_CURVE('',#8526,(#8530),.PCURVE_S1.);
#8526 = LINE('',#8527,#8528);
#8527 = CARTESIAN_POINT('',(-4.75,-16.15,15.4));
#8528 = VECTOR('',#8529,1.);
#8529 = DIRECTION('',(1.,3.919366414379E-31,6.994405055138E-15));
#8530 = PCURVE('',#8247,#8531);
#8531 = DEFINITIONAL_REPRESENTATION('',(#8532),#8536);
#8532 = LINE('',#8533,#8534);
#8533 = CARTESIAN_POINT('',(-1.06581410364E-14,2.7));
#8534 = VECTOR('',#8535,1.);
#8535 = DIRECTION('',(-1.,-2.523649230208E-29));
#8536 = ( GEOMETRIC_REPRESENTATION_CONTEXT(2) 
PARAMETRIC_REPRESENTATION_CONTEXT() REPRESENTATION_CONTEXT('2D SPACE',''
  ) );
#8537 = ORIENTED_EDGE('',*,*,#8538,.T.);
#8538 = EDGE_CURVE('',#8523,#8539,#8541,.T.);
#8539 = VERTEX_POINT('',#8540);
#8540 = CARTESIAN_POINT('',(4.05,-16.15,15.4));
#8541 = SURFACE_CURVE('',#8542,(#8546),.PCURVE_S1.);
#8542 = LINE('',#8543,#8544);
#8543 = CARTESIAN_POINT('',(-4.75,-16.15,15.4));
#8544 = VECTOR('',#8545,1.);
#8545 = DIRECTION('',(1.,1.198328716958E-16,6.994405055138E-15));
#8546 = PCURVE('',#8247,#8547);
#8547 = DEFINITIONAL_REPRESENTATION('',(#8548),#8552);
#8548 = LINE('',#8549,#8550);
#8549 = CARTESIAN_POINT('',(-6.708030028373E-29,2.7));
#8550 = VECTOR('',#8551,1.);
#8551 = DIRECTION('',(-1.,-1.198328716958E-16));
#8552 = ( GEOMETRIC_REPRESENTATION_CONTEXT(2) 
PARAMETRIC_REPRESENTATION_CONTEXT() REPRESENTATION_CONTEXT('2D SPACE',''
  ) );
#8553 = ORIENTED_EDGE('',*,*,#8554,.F.);
#8554 = EDGE_CURVE('',#8555,#8539,#8557,.T.);
#8555 = VERTEX_POINT('',#8556);
#8556 = CARTESIAN_POINT('',(4.75,-16.15,15.4));
#8557 = SURFACE_CURVE('',#8558,(#8562),.PCURVE_S1.);
#8558 = LINE('',#8559,#8560);
#8559 = CARTESIAN_POINT('',(4.75,-16.15,15.4));
#8560 = VECTOR('',#8561,1.);
#8561 = DIRECTION('',(-1.,-3.919366414379E-31,-6.994405055138E-15));
#8562 = PCURVE('',#8247,#8563);
#8563 = DEFINITIONAL_REPRESENTATION('',(#8564),#8568);
#8564 = LINE('',#8565,#8566);
#8565 = CARTESIAN_POINT('',(-9.5,2.7));
#8566 = VECTOR('',#8567,1.);
#8567 = DIRECTION('',(1.,2.523649230208E-29));
#8568 = ( GEOMETRIC_REPRESENTATION_CONTEXT(2) 
PARAMETRIC_REPRESENTATION_CONTEXT() REPRESENTATION_CONTEXT('2D SPACE',''
  ) );
#8569 = ORIENTED_EDGE('',*,*,#8570,.T.);
#8570 = EDGE_CURVE('',#8555,#8571,#8573,.T.);
#8571 = VERTEX_POINT('',#8572);
#8572 = CARTESIAN_POINT('',(4.75,-14.8,15.4));
#8573 = SURFACE_CURVE('',#8574,(#8578),.PCURVE_S1.);
#8574 = LINE('',#8575,#8576);
#8575 = CARTESIAN_POINT('',(4.75,-13.45,15.4));
#8576 = VECTOR('',#8577,1.);
#8577 = DIRECTION('',(2.522121711592E-29,1.,2.366582715663E-30));
#8578 = PCURVE('',#8247,#8579);
#8579 = DEFINITIONAL_REPRESENTATION('',(#8580),#8584);
#8580 = LINE('',#8581,#8582);
#8581 = CARTESIAN_POINT('',(-9.5,-2.360232787761E-28));
#8582 = VECTOR('',#8583,1.);
#8583 = DIRECTION('',(-3.766614552829E-31,-1.));
#8584 = ( GEOMETRIC_REPRESENTATION_CONTEXT(2) 
PARAMETRIC_REPRESENTATION_CONTEXT() REPRESENTATION_CONTEXT('2D SPACE',''
  ) );
#8585 = ORIENTED_EDGE('',*,*,#8586,.F.);
#8586 = EDGE_CURVE('',#8505,#8571,#8587,.T.);
#8587 = SURFACE_CURVE('',#8588,(#8592),.PCURVE_S1.);
#8588 = LINE('',#8589,#8590);
#8589 = CARTESIAN_POINT('',(4.75,-14.8,15.4));
#8590 = VECTOR('',#8591,1.);
#8591 = DIRECTION('',(1.,-3.491483361109E-15,3.502921694029E-15));
#8592 = PCURVE('',#8247,#8593);
#8593 = DEFINITIONAL_REPRESENTATION('',(#8594),#8598);
#8594 = LINE('',#8595,#8596);
#8595 = CARTESIAN_POINT('',(-9.5,1.35));
#8596 = VECTOR('',#8597,1.);
#8597 = DIRECTION('',(-1.,3.491483361109E-15));
#8598 = ( GEOMETRIC_REPRESENTATION_CONTEXT(2) 
PARAMETRIC_REPRESENTATION_CONTEXT() REPRESENTATION_CONTEXT('2D SPACE',''
  ) );
#8599 = SHELL_BASED_SURFACE_MODEL('',(#8600));
#8600 = OPEN_SHELL('',(#8601));
#8601 = ADVANCED_FACE('',(#8602),#8616,.T.);
#8602 = FACE_BOUND('',#8603,.T.);
#8603 = EDGE_LOOP('',(#8604,#8627,#8644,#8660));
#8604 = ORIENTED_EDGE('',*,*,#8605,.F.);
#8605 = EDGE_CURVE('',#8606,#8608,#8610,.T.);
#8606 = VERTEX_POINT('',#8607);
#8607 = CARTESIAN_POINT('',(2.5,-15.25,15.4));
#8608 = VERTEX_POINT('',#8609);
#8609 = CARTESIAN_POINT('',(2.5,-15.25,17.8));
#8610 = SURFACE_CURVE('',#8611,(#8615),.PCURVE_S1.);
#8611 = LINE('',#8612,#8613);
#8612 = CARTESIAN_POINT('',(2.5,-15.25,13.192893218813));
#8613 = VECTOR('',#8614,1.);
#8614 = DIRECTION('',(-1.224606353822E-16,1.11200222819E-16,1.));
#8615 = PCURVE('',#8616,#8621);
#8616 = CYLINDRICAL_SURFACE('',#8617,0.25);
#8617 = AXIS2_PLACEMENT_3D('',#8618,#8619,#8620);
#8618 = CARTESIAN_POINT('',(2.25,-15.25,13.192893218813));
#8619 = DIRECTION('',(-1.224606353822E-16,1.11200222819E-16,1.));
#8620 = DIRECTION('',(-1.,1.107375960236E-32,-1.224606353822E-16));
#8621 = DEFINITIONAL_REPRESENTATION('',(#8622),#8626);
#8622 = LINE('',#8623,#8624);
#8623 = CARTESIAN_POINT('',(3.14159265359,0.));
#8624 = VECTOR('',#8625,1.);
#8625 = DIRECTION('',(0.,1.));
#8626 = ( GEOMETRIC_REPRESENTATION_CONTEXT(2) 
PARAMETRIC_REPRESENTATION_CONTEXT() REPRESENTATION_CONTEXT('2D SPACE',''
  ) );
#8627 = ORIENTED_EDGE('',*,*,#8628,.F.);
#8628 = EDGE_CURVE('',#8629,#8606,#8631,.T.);
#8629 = VERTEX_POINT('',#8630);
#8630 = CARTESIAN_POINT('',(2.,-15.25,15.4));
#8631 = SURFACE_CURVE('',#8632,(#8637),.PCURVE_S1.);
#8632 = CIRCLE('',#8633,0.25);
#8633 = AXIS2_PLACEMENT_3D('',#8634,#8635,#8636);
#8634 = CARTESIAN_POINT('',(2.25,-15.25,15.4));
#8635 = DIRECTION('',(1.224606353822E-16,-1.11200222819E-16,-1.));
#8636 = DIRECTION('',(-1.,1.107375960236E-32,-1.224606353822E-16));
#8637 = PCURVE('',#8616,#8638);
#8638 = DEFINITIONAL_REPRESENTATION('',(#8639),#8643);
#8639 = LINE('',#8640,#8641);
#8640 = CARTESIAN_POINT('',(6.28318530718,2.207106781187));
#8641 = VECTOR('',#8642,1.);
#8642 = DIRECTION('',(-1.,0.));
#8643 = ( GEOMETRIC_REPRESENTATION_CONTEXT(2) 
PARAMETRIC_REPRESENTATION_CONTEXT() REPRESENTATION_CONTEXT('2D SPACE',''
  ) );
#8644 = ORIENTED_EDGE('',*,*,#8645,.T.);
#8645 = EDGE_CURVE('',#8629,#8646,#8648,.T.);
#8646 = VERTEX_POINT('',#8647);
#8647 = CARTESIAN_POINT('',(2.,-15.25,17.8));
#8648 = SURFACE_CURVE('',#8649,(#8653),.PCURVE_S1.);
#8649 = LINE('',#8650,#8651);
#8650 = CARTESIAN_POINT('',(2.,-15.25,13.192893218813));
#8651 = VECTOR('',#8652,1.);
#8652 = DIRECTION('',(-1.224606353822E-16,1.11200222819E-16,1.));
#8653 = PCURVE('',#8616,#8654);
#8654 = DEFINITIONAL_REPRESENTATION('',(#8655),#8659);
#8655 = LINE('',#8656,#8657);
#8656 = CARTESIAN_POINT('',(6.28318530718,0.));
#8657 = VECTOR('',#8658,1.);
#8658 = DIRECTION('',(0.,1.));
#8659 = ( GEOMETRIC_REPRESENTATION_CONTEXT(2) 
PARAMETRIC_REPRESENTATION_CONTEXT() REPRESENTATION_CONTEXT('2D SPACE',''
  ) );
#8660 = ORIENTED_EDGE('',*,*,#8661,.T.);
#8661 = EDGE_CURVE('',#8646,#8608,#8662,.T.);
#8662 = SURFACE_CURVE('',#8663,(#8668),.PCURVE_S1.);
#8663 = CIRCLE('',#8664,0.25);
#8664 = AXIS2_PLACEMENT_3D('',#8665,#8666,#8667);
#8665 = CARTESIAN_POINT('',(2.25,-15.25,17.8));
#8666 = DIRECTION('',(1.224606353822E-16,-1.11200222819E-16,-1.));
#8667 = DIRECTION('',(-1.,1.107375960236E-32,-1.224606353822E-16));
#8668 = PCURVE('',#8616,#8669);
#8669 = DEFINITIONAL_REPRESENTATION('',(#8670),#8674);
#8670 = LINE('',#8671,#8672);
#8671 = CARTESIAN_POINT('',(6.28318530718,4.607106781187));
#8672 = VECTOR('',#8673,1.);
#8673 = DIRECTION('',(-1.,0.));
#8674 = ( GEOMETRIC_REPRESENTATION_CONTEXT(2) 
PARAMETRIC_REPRESENTATION_CONTEXT() REPRESENTATION_CONTEXT('2D SPACE',''
  ) );
#8675 = SHELL_BASED_SURFACE_MODEL('',(#8676));
#8676 = OPEN_SHELL('',(#8677));
#8677 = ADVANCED_FACE('',(#8678),#8693,.T.);
#8678 = FACE_BOUND('',#8679,.T.);
#8679 = EDGE_LOOP('',(#8680,#8708));
#8680 = ORIENTED_EDGE('',*,*,#8681,.F.);
#8681 = EDGE_CURVE('',#8682,#8684,#8686,.T.);
#8682 = VERTEX_POINT('',#8683);
#8683 = CARTESIAN_POINT('',(2.,-15.25,17.8));
#8684 = VERTEX_POINT('',#8685);
#8685 = CARTESIAN_POINT('',(2.5,-15.25,17.8));
#8686 = SURFACE_CURVE('',#8687,(#8692),.PCURVE_S1.);
#8687 = CIRCLE('',#8688,0.25);
#8688 = AXIS2_PLACEMENT_3D('',#8689,#8690,#8691);
#8689 = CARTESIAN_POINT('',(2.25,-15.25,17.8));
#8690 = DIRECTION('',(1.224606353822E-16,-1.11200222819E-16,-1.));
#8691 = DIRECTION('',(-1.,1.107375960236E-32,-1.224606353822E-16));
#8692 = PCURVE('',#8693,#8698);
#8693 = PLANE('',#8694);
#8694 = AXIS2_PLACEMENT_3D('',#8695,#8696,#8697);
#8695 = CARTESIAN_POINT('',(2.25,-15.25,17.8));
#8696 = DIRECTION('',(-1.143833291972E-17,-2.758299773102E-45,1.));
#8697 = DIRECTION('',(-1.,2.484455566064E-29,-1.143833291972E-17));
#8698 = DEFINITIONAL_REPRESENTATION('',(#8699),#8707);
#8699 = ( BOUNDED_CURVE() B_SPLINE_CURVE(2,(#8700,#8701,#8702,#8703,
#8704,#8705,#8706),.UNSPECIFIED.,.T.,.F.) B_SPLINE_CURVE_WITH_KNOTS((1,2
    ,2,2,2,1),(-2.094395102393,0.,2.094395102393,4.188790204786,
6.28318530718,8.377580409573),.UNSPECIFIED.) CURVE() 
GEOMETRIC_REPRESENTATION_ITEM() RATIONAL_B_SPLINE_CURVE((1.,0.5,1.,0.5,
1.,0.5,1.)) REPRESENTATION_ITEM('') );
#8700 = CARTESIAN_POINT('',(0.25,6.20837047526E-30));
#8701 = CARTESIAN_POINT('',(0.25,-0.433012701892));
#8702 = CARTESIAN_POINT('',(-0.125,-0.216506350946));
#8703 = CARTESIAN_POINT('',(-0.5,-6.123233995738E-17));
#8704 = CARTESIAN_POINT('',(-0.125,0.216506350946));
#8705 = CARTESIAN_POINT('',(0.25,0.433012701892));
#8706 = CARTESIAN_POINT('',(0.25,6.20837047526E-30));
#8707 = ( GEOMETRIC_REPRESENTATION_CONTEXT(2) 
PARAMETRIC_REPRESENTATION_CONTEXT() REPRESENTATION_CONTEXT('2D SPACE',''
  ) );
#8708 = ORIENTED_EDGE('',*,*,#8709,.F.);
#8709 = EDGE_CURVE('',#8684,#8682,#8710,.T.);
#8710 = SURFACE_CURVE('',#8711,(#8716),.PCURVE_S1.);
#8711 = CIRCLE('',#8712,0.25);
#8712 = AXIS2_PLACEMENT_3D('',#8713,#8714,#8715);
#8713 = CARTESIAN_POINT('',(2.25,-15.25,17.8));
#8714 = DIRECTION('',(1.224606353822E-16,-1.11200222819E-16,-1.));
#8715 = DIRECTION('',(-1.,1.107375960236E-32,-1.224606353822E-16));
#8716 = PCURVE('',#8693,#8717);
#8717 = DEFINITIONAL_REPRESENTATION('',(#8718),#8726);
#8718 = ( BOUNDED_CURVE() B_SPLINE_CURVE(2,(#8719,#8720,#8721,#8722,
#8723,#8724,#8725),.UNSPECIFIED.,.T.,.F.) B_SPLINE_CURVE_WITH_KNOTS((1,2
    ,2,2,2,1),(-2.094395102393,0.,2.094395102393,4.188790204786,
6.28318530718,8.377580409573),.UNSPECIFIED.) CURVE() 
GEOMETRIC_REPRESENTATION_ITEM() RATIONAL_B_SPLINE_CURVE((1.,0.5,1.,0.5,
1.,0.5,1.)) REPRESENTATION_ITEM('') );
#8719 = CARTESIAN_POINT('',(0.25,6.20837047526E-30));
#8720 = CARTESIAN_POINT('',(0.25,-0.433012701892));
#8721 = CARTESIAN_POINT('',(-0.125,-0.216506350946));
#8722 = CARTESIAN_POINT('',(-0.5,-6.123233995738E-17));
#8723 = CARTESIAN_POINT('',(-0.125,0.216506350946));
#8724 = CARTESIAN_POINT('',(0.25,0.433012701892));
#8725 = CARTESIAN_POINT('',(0.25,6.20837047526E-30));
#8726 = ( GEOMETRIC_REPRESENTATION_CONTEXT(2) 
PARAMETRIC_REPRESENTATION_CONTEXT() REPRESENTATION_CONTEXT('2D SPACE',''
  ) );
#8727 = SHELL_BASED_SURFACE_MODEL('',(#8728));
#8728 = OPEN_SHELL('',(#8729));
#8729 = ADVANCED_FACE('',(#8730),#8744,.F.);
#8730 = FACE_BOUND('',#8731,.F.);
#8731 = EDGE_LOOP('',(#8732,#8755,#8772,#8788));
#8732 = ORIENTED_EDGE('',*,*,#8733,.T.);
#8733 = EDGE_CURVE('',#8734,#8736,#8738,.T.);
#8734 = VERTEX_POINT('',#8735);
#8735 = CARTESIAN_POINT('',(-0.405675602294,-14.35,5.292279499286));
#8736 = VERTEX_POINT('',#8737);
#8737 = CARTESIAN_POINT('',(-0.405675602294,-17.85,5.292279499286));
#8738 = SURFACE_CURVE('',#8739,(#8743),.PCURVE_S1.);
#8739 = LINE('',#8740,#8741);
#8740 = CARTESIAN_POINT('',(-0.405675602294,-14.35,5.292279499286));
#8741 = VECTOR('',#8742,1.);
#8742 = DIRECTION('',(0.,-1.,0.));
#8743 = PCURVE('',#8744,#8749);
#8744 = CYLINDRICAL_SURFACE('',#8745,0.5);
#8745 = AXIS2_PLACEMENT_3D('',#8746,#8747,#8748);
#8746 = CARTESIAN_POINT('',(-5.900663617797E-17,-14.35,5.));
#8747 = DIRECTION('',(0.,-1.,0.));
#8748 = DIRECTION('',(-0.811351204589,-0.,0.584558998572));
#8749 = DEFINITIONAL_REPRESENTATION('',(#8750),#8754);
#8750 = LINE('',#8751,#8752);
#8751 = CARTESIAN_POINT('',(6.28318530718,0.));
#8752 = VECTOR('',#8753,1.);
#8753 = DIRECTION('',(0.,1.));
#8754 = ( GEOMETRIC_REPRESENTATION_CONTEXT(2) 
PARAMETRIC_REPRESENTATION_CONTEXT() REPRESENTATION_CONTEXT('2D SPACE',''
  ) );
#8755 = ORIENTED_EDGE('',*,*,#8756,.F.);
#8756 = EDGE_CURVE('',#8757,#8736,#8759,.T.);
#8757 = VERTEX_POINT('',#8758);
#8758 = CARTESIAN_POINT('',(0.405675602294,-17.85,4.707720500714));
#8759 = SURFACE_CURVE('',#8760,(#8765),.PCURVE_S1.);
#8760 = CIRCLE('',#8761,0.5);
#8761 = AXIS2_PLACEMENT_3D('',#8762,#8763,#8764);
#8762 = CARTESIAN_POINT('',(-5.900663617797E-17,-17.85,5.));
#8763 = DIRECTION('',(0.,-1.,-0.));
#8764 = DIRECTION('',(-0.811351204589,-0.,0.584558998572));
#8765 = PCURVE('',#8744,#8766);
#8766 = DEFINITIONAL_REPRESENTATION('',(#8767),#8771);
#8767 = LINE('',#8768,#8769);
#8768 = CARTESIAN_POINT('',(0.,3.5));
#8769 = VECTOR('',#8770,1.);
#8770 = DIRECTION('',(1.,0.));
#8771 = ( GEOMETRIC_REPRESENTATION_CONTEXT(2) 
PARAMETRIC_REPRESENTATION_CONTEXT() REPRESENTATION_CONTEXT('2D SPACE',''
  ) );
#8772 = ORIENTED_EDGE('',*,*,#8773,.F.);
#8773 = EDGE_CURVE('',#8774,#8757,#8776,.T.);
#8774 = VERTEX_POINT('',#8775);
#8775 = CARTESIAN_POINT('',(0.405675602294,-14.35,4.707720500714));
#8776 = SURFACE_CURVE('',#8777,(#8781),.PCURVE_S1.);
#8777 = LINE('',#8778,#8779);
#8778 = CARTESIAN_POINT('',(0.405675602294,-14.35,4.707720500714));
#8779 = VECTOR('',#8780,1.);
#8780 = DIRECTION('',(0.,-1.,0.));
#8781 = PCURVE('',#8744,#8782);
#8782 = DEFINITIONAL_REPRESENTATION('',(#8783),#8787);
#8783 = LINE('',#8784,#8785);
#8784 = CARTESIAN_POINT('',(3.14159265359,0.));
#8785 = VECTOR('',#8786,1.);
#8786 = DIRECTION('',(0.,1.));
#8787 = ( GEOMETRIC_REPRESENTATION_CONTEXT(2) 
PARAMETRIC_REPRESENTATION_CONTEXT() REPRESENTATION_CONTEXT('2D SPACE',''
  ) );
#8788 = ORIENTED_EDGE('',*,*,#8789,.T.);
#8789 = EDGE_CURVE('',#8774,#8734,#8790,.T.);
#8790 = SURFACE_CURVE('',#8791,(#8796),.PCURVE_S1.);
#8791 = CIRCLE('',#8792,0.5);
#8792 = AXIS2_PLACEMENT_3D('',#8793,#8794,#8795);
#8793 = CARTESIAN_POINT('',(-5.900663617797E-17,-14.35,5.));
#8794 = DIRECTION('',(0.,-1.,-0.));
#8795 = DIRECTION('',(-0.811351204589,-0.,0.584558998572));
#8796 = PCURVE('',#8744,#8797);
#8797 = DEFINITIONAL_REPRESENTATION('',(#8798),#8802);
#8798 = LINE('',#8799,#8800);
#8799 = CARTESIAN_POINT('',(0.,0.));
#8800 = VECTOR('',#8801,1.);
#8801 = DIRECTION('',(1.,0.));
#8802 = ( GEOMETRIC_REPRESENTATION_CONTEXT(2) 
PARAMETRIC_REPRESENTATION_CONTEXT() REPRESENTATION_CONTEXT('2D SPACE',''
  ) );
#8803 = SHELL_BASED_SURFACE_MODEL('',(#8804));
#8804 = OPEN_SHELL('',(#8805));
#8805 = ADVANCED_FACE('',(#8806),#8821,.T.);
#8806 = FACE_BOUND('',#8807,.T.);
#8807 = EDGE_LOOP('',(#8808,#8832,#8848,#8865));
#8808 = ORIENTED_EDGE('',*,*,#8809,.T.);
#8809 = EDGE_CURVE('',#8810,#8812,#8814,.T.);
#8810 = VERTEX_POINT('',#8811);
#8811 = CARTESIAN_POINT('',(3.732215541109,-17.85,2.311028606567));
#8812 = VERTEX_POINT('',#8813);
#8813 = CARTESIAN_POINT('',(-3.732215541109,-17.85,7.688971393433));
#8814 = SURFACE_CURVE('',#8815,(#8820),.PCURVE_S1.);
#8815 = CIRCLE('',#8816,4.6);
#8816 = AXIS2_PLACEMENT_3D('',#8817,#8818,#8819);
#8817 = CARTESIAN_POINT('',(-5.900663617797E-17,-17.85,5.));
#8818 = DIRECTION('',(0.,1.,0.));
#8819 = DIRECTION('',(0.811351204589,0.,-0.584558998572));
#8820 = PCURVE('',#8821,#8826);
#8821 = CYLINDRICAL_SURFACE('',#8822,4.6);
#8822 = AXIS2_PLACEMENT_3D('',#8823,#8824,#8825);
#8823 = CARTESIAN_POINT('',(-5.900663617797E-17,-14.35,5.));
#8824 = DIRECTION('',(0.,1.,0.));
#8825 = DIRECTION('',(0.811351204589,0.,-0.584558998572));
#8826 = DEFINITIONAL_REPRESENTATION('',(#8827),#8831);
#8827 = LINE('',#8828,#8829);
#8828 = CARTESIAN_POINT('',(0.,-3.5));
#8829 = VECTOR('',#8830,1.);
#8830 = DIRECTION('',(1.,0.));
#8831 = ( GEOMETRIC_REPRESENTATION_CONTEXT(2) 
PARAMETRIC_REPRESENTATION_CONTEXT() REPRESENTATION_CONTEXT('2D SPACE',''
  ) );
#8832 = ORIENTED_EDGE('',*,*,#8833,.T.);
#8833 = EDGE_CURVE('',#8812,#8834,#8836,.T.);
#8834 = VERTEX_POINT('',#8835);
#8835 = CARTESIAN_POINT('',(-3.732215541109,-14.35,7.688971393433));
#8836 = SURFACE_CURVE('',#8837,(#8841),.PCURVE_S1.);
#8837 = LINE('',#8838,#8839);
#8838 = CARTESIAN_POINT('',(-3.732215541109,-14.35,7.688971393433));
#8839 = VECTOR('',#8840,1.);
#8840 = DIRECTION('',(0.,1.,0.));
#8841 = PCURVE('',#8821,#8842);
#8842 = DEFINITIONAL_REPRESENTATION('',(#8843),#8847);
#8843 = LINE('',#8844,#8845);
#8844 = CARTESIAN_POINT('',(3.14159265359,0.));
#8845 = VECTOR('',#8846,1.);
#8846 = DIRECTION('',(0.,1.));
#8847 = ( GEOMETRIC_REPRESENTATION_CONTEXT(2) 
PARAMETRIC_REPRESENTATION_CONTEXT() REPRESENTATION_CONTEXT('2D SPACE',''
  ) );
#8848 = ORIENTED_EDGE('',*,*,#8849,.F.);
#8849 = EDGE_CURVE('',#8850,#8834,#8852,.T.);
#8850 = VERTEX_POINT('',#8851);
#8851 = CARTESIAN_POINT('',(3.732215541109,-14.35,2.311028606567));
#8852 = SURFACE_CURVE('',#8853,(#8858),.PCURVE_S1.);
#8853 = CIRCLE('',#8854,4.6);
#8854 = AXIS2_PLACEMENT_3D('',#8855,#8856,#8857);
#8855 = CARTESIAN_POINT('',(-5.900663617797E-17,-14.35,5.));
#8856 = DIRECTION('',(0.,1.,0.));
#8857 = DIRECTION('',(0.811351204589,0.,-0.584558998572));
#8858 = PCURVE('',#8821,#8859);
#8859 = DEFINITIONAL_REPRESENTATION('',(#8860),#8864);
#8860 = LINE('',#8861,#8862);
#8861 = CARTESIAN_POINT('',(0.,0.));
#8862 = VECTOR('',#8863,1.);
#8863 = DIRECTION('',(1.,0.));
#8864 = ( GEOMETRIC_REPRESENTATION_CONTEXT(2) 
PARAMETRIC_REPRESENTATION_CONTEXT() REPRESENTATION_CONTEXT('2D SPACE',''
  ) );
#8865 = ORIENTED_EDGE('',*,*,#8866,.F.);
#8866 = EDGE_CURVE('',#8810,#8850,#8867,.T.);
#8867 = SURFACE_CURVE('',#8868,(#8872),.PCURVE_S1.);
#8868 = LINE('',#8869,#8870);
#8869 = CARTESIAN_POINT('',(3.732215541109,-14.35,2.311028606567));
#8870 = VECTOR('',#8871,1.);
#8871 = DIRECTION('',(0.,1.,0.));
#8872 = PCURVE('',#8821,#8873);
#8873 = DEFINITIONAL_REPRESENTATION('',(#8874),#8878);
#8874 = LINE('',#8875,#8876);
#8875 = CARTESIAN_POINT('',(0.,0.));
#8876 = VECTOR('',#8877,1.);
#8877 = DIRECTION('',(0.,1.));
#8878 = ( GEOMETRIC_REPRESENTATION_CONTEXT(2) 
PARAMETRIC_REPRESENTATION_CONTEXT() REPRESENTATION_CONTEXT('2D SPACE',''
  ) );
#8879 = SHELL_BASED_SURFACE_MODEL('',(#8880));
#8880 = OPEN_SHELL('',(#8881));
#8881 = ADVANCED_FACE('',(#8882),#8896,.T.);
#8882 = FACE_BOUND('',#8883,.T.);
#8883 = EDGE_LOOP('',(#8884,#8907,#8924,#8940));
#8884 = ORIENTED_EDGE('',*,*,#8885,.F.);
#8885 = EDGE_CURVE('',#8886,#8888,#8890,.T.);
#8886 = VERTEX_POINT('',#8887);
#8887 = CARTESIAN_POINT('',(-3.732215541109,-17.85,7.688971393433));
#8888 = VERTEX_POINT('',#8889);
#8889 = CARTESIAN_POINT('',(-3.732215541109,-14.35,7.688971393433));
#8890 = SURFACE_CURVE('',#8891,(#8895),.PCURVE_S1.);
#8891 = LINE('',#8892,#8893);
#8892 = CARTESIAN_POINT('',(-3.732215541109,-14.35,7.688971393433));
#8893 = VECTOR('',#8894,1.);
#8894 = DIRECTION('',(0.,1.,0.));
#8895 = PCURVE('',#8896,#8901);
#8896 = CYLINDRICAL_SURFACE('',#8897,4.6);
#8897 = AXIS2_PLACEMENT_3D('',#8898,#8899,#8900);
#8898 = CARTESIAN_POINT('',(-5.900663617797E-17,-14.35,5.));
#8899 = DIRECTION('',(0.,1.,0.));
#8900 = DIRECTION('',(0.811351204589,0.,-0.584558998572));
#8901 = DEFINITIONAL_REPRESENTATION('',(#8902),#8906);
#8902 = LINE('',#8903,#8904);
#8903 = CARTESIAN_POINT('',(3.14159265359,0.));
#8904 = VECTOR('',#8905,1.);
#8905 = DIRECTION('',(0.,1.));
#8906 = ( GEOMETRIC_REPRESENTATION_CONTEXT(2) 
PARAMETRIC_REPRESENTATION_CONTEXT() REPRESENTATION_CONTEXT('2D SPACE',''
  ) );
#8907 = ORIENTED_EDGE('',*,*,#8908,.T.);
#8908 = EDGE_CURVE('',#8886,#8909,#8911,.T.);
#8909 = VERTEX_POINT('',#8910);
#8910 = CARTESIAN_POINT('',(3.732215541109,-17.85,2.311028606567));
#8911 = SURFACE_CURVE('',#8912,(#8917),.PCURVE_S1.);
#8912 = CIRCLE('',#8913,4.6);
#8913 = AXIS2_PLACEMENT_3D('',#8914,#8915,#8916);
#8914 = CARTESIAN_POINT('',(-5.900663617797E-17,-17.85,5.));
#8915 = DIRECTION('',(0.,1.,0.));
#8916 = DIRECTION('',(0.811351204589,0.,-0.584558998572));
#8917 = PCURVE('',#8896,#8918);
#8918 = DEFINITIONAL_REPRESENTATION('',(#8919),#8923);
#8919 = LINE('',#8920,#8921);
#8920 = CARTESIAN_POINT('',(0.,-3.5));
#8921 = VECTOR('',#8922,1.);
#8922 = DIRECTION('',(1.,0.));
#8923 = ( GEOMETRIC_REPRESENTATION_CONTEXT(2) 
PARAMETRIC_REPRESENTATION_CONTEXT() REPRESENTATION_CONTEXT('2D SPACE',''
  ) );
#8924 = ORIENTED_EDGE('',*,*,#8925,.T.);
#8925 = EDGE_CURVE('',#8909,#8926,#8928,.T.);
#8926 = VERTEX_POINT('',#8927);
#8927 = CARTESIAN_POINT('',(3.732215541109,-14.35,2.311028606567));
#8928 = SURFACE_CURVE('',#8929,(#8933),.PCURVE_S1.);
#8929 = LINE('',#8930,#8931);
#8930 = CARTESIAN_POINT('',(3.732215541109,-14.35,2.311028606567));
#8931 = VECTOR('',#8932,1.);
#8932 = DIRECTION('',(0.,1.,0.));
#8933 = PCURVE('',#8896,#8934);
#8934 = DEFINITIONAL_REPRESENTATION('',(#8935),#8939);
#8935 = LINE('',#8936,#8937);
#8936 = CARTESIAN_POINT('',(6.28318530718,0.));
#8937 = VECTOR('',#8938,1.);
#8938 = DIRECTION('',(0.,1.));
#8939 = ( GEOMETRIC_REPRESENTATION_CONTEXT(2) 
PARAMETRIC_REPRESENTATION_CONTEXT() REPRESENTATION_CONTEXT('2D SPACE',''
  ) );
#8940 = ORIENTED_EDGE('',*,*,#8941,.F.);
#8941 = EDGE_CURVE('',#8888,#8926,#8942,.T.);
#8942 = SURFACE_CURVE('',#8943,(#8948),.PCURVE_S1.);
#8943 = CIRCLE('',#8944,4.6);
#8944 = AXIS2_PLACEMENT_3D('',#8945,#8946,#8947);
#8945 = CARTESIAN_POINT('',(-5.900663617797E-17,-14.35,5.));
#8946 = DIRECTION('',(0.,1.,0.));
#8947 = DIRECTION('',(0.811351204589,0.,-0.584558998572));
#8948 = PCURVE('',#8896,#8949);
#8949 = DEFINITIONAL_REPRESENTATION('',(#8950),#8954);
#8950 = LINE('',#8951,#8952);
#8951 = CARTESIAN_POINT('',(0.,0.));
#8952 = VECTOR('',#8953,1.);
#8953 = DIRECTION('',(1.,0.));
#8954 = ( GEOMETRIC_REPRESENTATION_CONTEXT(2) 
PARAMETRIC_REPRESENTATION_CONTEXT() REPRESENTATION_CONTEXT('2D SPACE',''
  ) );
#8955 = SHELL_BASED_SURFACE_MODEL('',(#8956));
#8956 = OPEN_SHELL('',(#8957));
#8957 = ADVANCED_FACE('',(#8958,#8999),#8973,.T.);
#8958 = FACE_BOUND('',#8959,.T.);
#8959 = EDGE_LOOP('',(#8960,#8984));
#8960 = ORIENTED_EDGE('',*,*,#8961,.F.);
#8961 = EDGE_CURVE('',#8962,#8964,#8966,.T.);
#8962 = VERTEX_POINT('',#8963);
#8963 = CARTESIAN_POINT('',(-0.405675602294,-17.85,5.292279499286));
#8964 = VERTEX_POINT('',#8965);
#8965 = CARTESIAN_POINT('',(0.405675602294,-17.85,4.707720500714));
#8966 = SURFACE_CURVE('',#8967,(#8972),.PCURVE_S1.);
#8967 = CIRCLE('',#8968,0.5);
#8968 = AXIS2_PLACEMENT_3D('',#8969,#8970,#8971);
#8969 = CARTESIAN_POINT('',(-5.900663617797E-17,-17.85,5.));
#8970 = DIRECTION('',(0.,-1.,-0.));
#8971 = DIRECTION('',(-0.811351204589,-0.,0.584558998572));
#8972 = PCURVE('',#8973,#8978);
#8973 = PLANE('',#8974);
#8974 = AXIS2_PLACEMENT_3D('',#8975,#8976,#8977);
#8975 = CARTESIAN_POINT('',(-1.022978247502,-17.85,3.580135391969));
#8976 = DIRECTION('',(0.,-1.,-0.));
#8977 = DIRECTION('',(-0.811351204589,0.,0.584558998572));
#8978 = DEFINITIONAL_REPRESENTATION('',(#8979),#8983);
#8979 = CIRCLE('',#8980,0.5);
#8980 = AXIS2_PLACEMENT_2D('',#8981,#8982);
#8981 = CARTESIAN_POINT('',(-2.781115589516E-17,-1.75));
#8982 = DIRECTION('',(1.,2.007581459077E-17));
#8983 = ( GEOMETRIC_REPRESENTATION_CONTEXT(2) 
PARAMETRIC_REPRESENTATION_CONTEXT() REPRESENTATION_CONTEXT('2D SPACE',''
  ) );
#8984 = ORIENTED_EDGE('',*,*,#8985,.F.);
#8985 = EDGE_CURVE('',#8964,#8962,#8986,.T.);
#8986 = SURFACE_CURVE('',#8987,(#8992),.PCURVE_S1.);
#8987 = CIRCLE('',#8988,0.5);
#8988 = AXIS2_PLACEMENT_3D('',#8989,#8990,#8991);
#8989 = CARTESIAN_POINT('',(-5.900663617797E-17,-17.85,5.));
#8990 = DIRECTION('',(0.,-1.,-0.));
#8991 = DIRECTION('',(-0.811351204589,-0.,0.584558998572));
#8992 = PCURVE('',#8973,#8993);
#8993 = DEFINITIONAL_REPRESENTATION('',(#8994),#8998);
#8994 = CIRCLE('',#8995,0.5);
#8995 = AXIS2_PLACEMENT_2D('',#8996,#8997);
#8996 = CARTESIAN_POINT('',(-2.781115589516E-17,-1.75));
#8997 = DIRECTION('',(1.,2.007581459077E-17));
#8998 = ( GEOMETRIC_REPRESENTATION_CONTEXT(2) 
PARAMETRIC_REPRESENTATION_CONTEXT() REPRESENTATION_CONTEXT('2D SPACE',''
  ) );
#8999 = FACE_BOUND('',#9000,.T.);
#9000 = EDGE_LOOP('',(#9001,#9024));
#9001 = ORIENTED_EDGE('',*,*,#9002,.F.);
#9002 = EDGE_CURVE('',#9003,#9005,#9007,.T.);
#9003 = VERTEX_POINT('',#9004);
#9004 = CARTESIAN_POINT('',(3.732215541109,-17.85,2.311028606567));
#9005 = VERTEX_POINT('',#9006);
#9006 = CARTESIAN_POINT('',(-3.732215541109,-17.85,7.688971393433));
#9007 = SURFACE_CURVE('',#9008,(#9013),.PCURVE_S1.);
#9008 = CIRCLE('',#9009,4.6);
#9009 = AXIS2_PLACEMENT_3D('',#9010,#9011,#9012);
#9010 = CARTESIAN_POINT('',(-5.900663617797E-17,-17.85,5.));
#9011 = DIRECTION('',(0.,1.,0.));
#9012 = DIRECTION('',(0.811351204589,0.,-0.584558998572));
#9013 = PCURVE('',#8973,#9014);
#9014 = DEFINITIONAL_REPRESENTATION('',(#9015),#9023);
#9015 = ( BOUNDED_CURVE() B_SPLINE_CURVE(2,(#9016,#9017,#9018,#9019,
#9020,#9021,#9022),.UNSPECIFIED.,.T.,.F.) B_SPLINE_CURVE_WITH_KNOTS((1,2
    ,2,2,2,1),(-2.094395102393,0.,2.094395102393,4.188790204786,
6.28318530718,8.377580409573),.UNSPECIFIED.) CURVE() 
GEOMETRIC_REPRESENTATION_ITEM() RATIONAL_B_SPLINE_CURVE((1.,0.5,1.,0.5,
1.,0.5,1.)) REPRESENTATION_ITEM('') );
#9016 = CARTESIAN_POINT('',(-4.6,-1.75));
#9017 = CARTESIAN_POINT('',(-4.6,6.217433714817));
#9018 = CARTESIAN_POINT('',(2.3,2.233716857408));
#9019 = CARTESIAN_POINT('',(9.2,-1.75));
#9020 = CARTESIAN_POINT('',(2.3,-5.733716857408));
#9021 = CARTESIAN_POINT('',(-4.6,-9.717433714817));
#9022 = CARTESIAN_POINT('',(-4.6,-1.75));
#9023 = ( GEOMETRIC_REPRESENTATION_CONTEXT(2) 
PARAMETRIC_REPRESENTATION_CONTEXT() REPRESENTATION_CONTEXT('2D SPACE',''
  ) );
#9024 = ORIENTED_EDGE('',*,*,#9025,.F.);
#9025 = EDGE_CURVE('',#9005,#9003,#9026,.T.);
#9026 = SURFACE_CURVE('',#9027,(#9032),.PCURVE_S1.);
#9027 = CIRCLE('',#9028,4.6);
#9028 = AXIS2_PLACEMENT_3D('',#9029,#9030,#9031);
#9029 = CARTESIAN_POINT('',(-5.900663617797E-17,-17.85,5.));
#9030 = DIRECTION('',(0.,1.,0.));
#9031 = DIRECTION('',(0.811351204589,0.,-0.584558998572));
#9032 = PCURVE('',#8973,#9033);
#9033 = DEFINITIONAL_REPRESENTATION('',(#9034),#9042);
#9034 = ( BOUNDED_CURVE() B_SPLINE_CURVE(2,(#9035,#9036,#9037,#9038,
#9039,#9040,#9041),.UNSPECIFIED.,.T.,.F.) B_SPLINE_CURVE_WITH_KNOTS((1,2
    ,2,2,2,1),(-2.094395102393,0.,2.094395102393,4.188790204786,
6.28318530718,8.377580409573),.UNSPECIFIED.) CURVE() 
GEOMETRIC_REPRESENTATION_ITEM() RATIONAL_B_SPLINE_CURVE((1.,0.5,1.,0.5,
1.,0.5,1.)) REPRESENTATION_ITEM('') );
#9035 = CARTESIAN_POINT('',(-4.6,-1.75));
#9036 = CARTESIAN_POINT('',(-4.6,6.217433714817));
#9037 = CARTESIAN_POINT('',(2.3,2.233716857408));
#9038 = CARTESIAN_POINT('',(9.2,-1.75));
#9039 = CARTESIAN_POINT('',(2.3,-5.733716857408));
#9040 = CARTESIAN_POINT('',(-4.6,-9.717433714817));
#9041 = CARTESIAN_POINT('',(-4.6,-1.75));
#9042 = ( GEOMETRIC_REPRESENTATION_CONTEXT(2) 
PARAMETRIC_REPRESENTATION_CONTEXT() REPRESENTATION_CONTEXT('2D SPACE',''
  ) );
#9043 = SHELL_BASED_SURFACE_MODEL('',(#9044));
#9044 = OPEN_SHELL('',(#9045));
#9045 = ADVANCED_FACE('',(#9046),#9061,.F.);
#9046 = FACE_BOUND('',#9047,.F.);
#9047 = EDGE_LOOP('',(#9048,#9072,#9088,#9105));
#9048 = ORIENTED_EDGE('',*,*,#9049,.F.);
#9049 = EDGE_CURVE('',#9050,#9052,#9054,.T.);
#9050 = VERTEX_POINT('',#9051);
#9051 = CARTESIAN_POINT('',(-0.405675602294,-17.85,5.292279499286));
#9052 = VERTEX_POINT('',#9053);
#9053 = CARTESIAN_POINT('',(0.405675602294,-17.85,4.707720500714));
#9054 = SURFACE_CURVE('',#9055,(#9060),.PCURVE_S1.);
#9055 = CIRCLE('',#9056,0.5);
#9056 = AXIS2_PLACEMENT_3D('',#9057,#9058,#9059);
#9057 = CARTESIAN_POINT('',(-5.900663617797E-17,-17.85,5.));
#9058 = DIRECTION('',(0.,-1.,-0.));
#9059 = DIRECTION('',(-0.811351204589,-0.,0.584558998572));
#9060 = PCURVE('',#9061,#9066);
#9061 = CYLINDRICAL_SURFACE('',#9062,0.5);
#9062 = AXIS2_PLACEMENT_3D('',#9063,#9064,#9065);
#9063 = CARTESIAN_POINT('',(-5.900663617797E-17,-14.35,5.));
#9064 = DIRECTION('',(0.,-1.,0.));
#9065 = DIRECTION('',(-0.811351204589,-0.,0.584558998572));
#9066 = DEFINITIONAL_REPRESENTATION('',(#9067),#9071);
#9067 = LINE('',#9068,#9069);
#9068 = CARTESIAN_POINT('',(0.,3.5));
#9069 = VECTOR('',#9070,1.);
#9070 = DIRECTION('',(1.,0.));
#9071 = ( GEOMETRIC_REPRESENTATION_CONTEXT(2) 
PARAMETRIC_REPRESENTATION_CONTEXT() REPRESENTATION_CONTEXT('2D SPACE',''
  ) );
#9072 = ORIENTED_EDGE('',*,*,#9073,.F.);
#9073 = EDGE_CURVE('',#9074,#9050,#9076,.T.);
#9074 = VERTEX_POINT('',#9075);
#9075 = CARTESIAN_POINT('',(-0.405675602294,-14.35,5.292279499286));
#9076 = SURFACE_CURVE('',#9077,(#9081),.PCURVE_S1.);
#9077 = LINE('',#9078,#9079);
#9078 = CARTESIAN_POINT('',(-0.405675602294,-14.35,5.292279499286));
#9079 = VECTOR('',#9080,1.);
#9080 = DIRECTION('',(0.,-1.,0.));
#9081 = PCURVE('',#9061,#9082);
#9082 = DEFINITIONAL_REPRESENTATION('',(#9083),#9087);
#9083 = LINE('',#9084,#9085);
#9084 = CARTESIAN_POINT('',(0.,0.));
#9085 = VECTOR('',#9086,1.);
#9086 = DIRECTION('',(0.,1.));
#9087 = ( GEOMETRIC_REPRESENTATION_CONTEXT(2) 
PARAMETRIC_REPRESENTATION_CONTEXT() REPRESENTATION_CONTEXT('2D SPACE',''
  ) );
#9088 = ORIENTED_EDGE('',*,*,#9089,.T.);
#9089 = EDGE_CURVE('',#9074,#9090,#9092,.T.);
#9090 = VERTEX_POINT('',#9091);
#9091 = CARTESIAN_POINT('',(0.405675602294,-14.35,4.707720500714));
#9092 = SURFACE_CURVE('',#9093,(#9098),.PCURVE_S1.);
#9093 = CIRCLE('',#9094,0.5);
#9094 = AXIS2_PLACEMENT_3D('',#9095,#9096,#9097);
#9095 = CARTESIAN_POINT('',(-5.900663617797E-17,-14.35,5.));
#9096 = DIRECTION('',(0.,-1.,-0.));
#9097 = DIRECTION('',(-0.811351204589,-0.,0.584558998572));
#9098 = PCURVE('',#9061,#9099);
#9099 = DEFINITIONAL_REPRESENTATION('',(#9100),#9104);
#9100 = LINE('',#9101,#9102);
#9101 = CARTESIAN_POINT('',(0.,0.));
#9102 = VECTOR('',#9103,1.);
#9103 = DIRECTION('',(1.,0.));
#9104 = ( GEOMETRIC_REPRESENTATION_CONTEXT(2) 
PARAMETRIC_REPRESENTATION_CONTEXT() REPRESENTATION_CONTEXT('2D SPACE',''
  ) );
#9105 = ORIENTED_EDGE('',*,*,#9106,.T.);
#9106 = EDGE_CURVE('',#9090,#9052,#9107,.T.);
#9107 = SURFACE_CURVE('',#9108,(#9112),.PCURVE_S1.);
#9108 = LINE('',#9109,#9110);
#9109 = CARTESIAN_POINT('',(0.405675602294,-14.35,4.707720500714));
#9110 = VECTOR('',#9111,1.);
#9111 = DIRECTION('',(0.,-1.,0.));
#9112 = PCURVE('',#9061,#9113);
#9113 = DEFINITIONAL_REPRESENTATION('',(#9114),#9118);
#9114 = LINE('',#9115,#9116);
#9115 = CARTESIAN_POINT('',(3.14159265359,0.));
#9116 = VECTOR('',#9117,1.);
#9117 = DIRECTION('',(0.,1.));
#9118 = ( GEOMETRIC_REPRESENTATION_CONTEXT(2) 
PARAMETRIC_REPRESENTATION_CONTEXT() REPRESENTATION_CONTEXT('2D SPACE',''
  ) );
#9119 = SHELL_BASED_SURFACE_MODEL('',(#9120));
#9120 = OPEN_SHELL('',(#9121));
#9121 = ADVANCED_FACE('',(#9122,#9171),#9137,.T.);
#9122 = FACE_BOUND('',#9123,.T.);
#9123 = EDGE_LOOP('',(#9124,#9152));
#9124 = ORIENTED_EDGE('',*,*,#9125,.T.);
#9125 = EDGE_CURVE('',#9126,#9128,#9130,.T.);
#9126 = VERTEX_POINT('',#9127);
#9127 = CARTESIAN_POINT('',(-0.405675602294,-14.35,5.292279499286));
#9128 = VERTEX_POINT('',#9129);
#9129 = CARTESIAN_POINT('',(0.405675602294,-14.35,4.707720500714));
#9130 = SURFACE_CURVE('',#9131,(#9136),.PCURVE_S1.);
#9131 = CIRCLE('',#9132,0.5);
#9132 = AXIS2_PLACEMENT_3D('',#9133,#9134,#9135);
#9133 = CARTESIAN_POINT('',(-5.900663617797E-17,-14.35,5.));
#9134 = DIRECTION('',(0.,-1.,-0.));
#9135 = DIRECTION('',(-0.811351204589,-0.,0.584558998572));
#9136 = PCURVE('',#9137,#9142);
#9137 = PLANE('',#9138);
#9138 = AXIS2_PLACEMENT_3D('',#9139,#9140,#9141);
#9139 = CARTESIAN_POINT('',(-2.688971393433,-14.35,1.267784458891));
#9140 = DIRECTION('',(0.,1.,0.));
#9141 = DIRECTION('',(0.811351204589,0.,-0.584558998572));
#9142 = DEFINITIONAL_REPRESENTATION('',(#9143),#9151);
#9143 = ( BOUNDED_CURVE() B_SPLINE_CURVE(2,(#9144,#9145,#9146,#9147,
#9148,#9149,#9150),.UNSPECIFIED.,.T.,.F.) B_SPLINE_CURVE_WITH_KNOTS((1,2
    ,2,2,2,1),(-2.094395102393,0.,2.094395102393,4.188790204786,
6.28318530718,8.377580409573),.UNSPECIFIED.) CURVE() 
GEOMETRIC_REPRESENTATION_ITEM() RATIONAL_B_SPLINE_CURVE((1.,0.5,1.,0.5,
1.,0.5,1.)) REPRESENTATION_ITEM('') );
#9144 = CARTESIAN_POINT('',(-0.5,-4.6));
#9145 = CARTESIAN_POINT('',(-0.5,-3.733974596216));
#9146 = CARTESIAN_POINT('',(0.25,-4.166987298108));
#9147 = CARTESIAN_POINT('',(1.,-4.6));
#9148 = CARTESIAN_POINT('',(0.25,-5.033012701892));
#9149 = CARTESIAN_POINT('',(-0.5,-5.466025403784));
#9150 = CARTESIAN_POINT('',(-0.5,-4.6));
#9151 = ( GEOMETRIC_REPRESENTATION_CONTEXT(2) 
PARAMETRIC_REPRESENTATION_CONTEXT() REPRESENTATION_CONTEXT('2D SPACE',''
  ) );
#9152 = ORIENTED_EDGE('',*,*,#9153,.T.);
#9153 = EDGE_CURVE('',#9128,#9126,#9154,.T.);
#9154 = SURFACE_CURVE('',#9155,(#9160),.PCURVE_S1.);
#9155 = CIRCLE('',#9156,0.5);
#9156 = AXIS2_PLACEMENT_3D('',#9157,#9158,#9159);
#9157 = CARTESIAN_POINT('',(-5.900663617797E-17,-14.35,5.));
#9158 = DIRECTION('',(0.,-1.,-0.));
#9159 = DIRECTION('',(-0.811351204589,-0.,0.584558998572));
#9160 = PCURVE('',#9137,#9161);
#9161 = DEFINITIONAL_REPRESENTATION('',(#9162),#9170);
#9162 = ( BOUNDED_CURVE() B_SPLINE_CURVE(2,(#9163,#9164,#9165,#9166,
#9167,#9168,#9169),.UNSPECIFIED.,.T.,.F.) B_SPLINE_CURVE_WITH_KNOTS((1,2
    ,2,2,2,1),(-2.094395102393,0.,2.094395102393,4.188790204786,
6.28318530718,8.377580409573),.UNSPECIFIED.) CURVE() 
GEOMETRIC_REPRESENTATION_ITEM() RATIONAL_B_SPLINE_CURVE((1.,0.5,1.,0.5,
1.,0.5,1.)) REPRESENTATION_ITEM('') );
#9163 = CARTESIAN_POINT('',(-0.5,-4.6));
#9164 = CARTESIAN_POINT('',(-0.5,-3.733974596216));
#9165 = CARTESIAN_POINT('',(0.25,-4.166987298108));
#9166 = CARTESIAN_POINT('',(1.,-4.6));
#9167 = CARTESIAN_POINT('',(0.25,-5.033012701892));
#9168 = CARTESIAN_POINT('',(-0.5,-5.466025403784));
#9169 = CARTESIAN_POINT('',(-0.5,-4.6));
#9170 = ( GEOMETRIC_REPRESENTATION_CONTEXT(2) 
PARAMETRIC_REPRESENTATION_CONTEXT() REPRESENTATION_CONTEXT('2D SPACE',''
  ) );
#9171 = FACE_BOUND('',#9172,.T.);
#9172 = EDGE_LOOP('',(#9173,#9192));
#9173 = ORIENTED_EDGE('',*,*,#9174,.T.);
#9174 = EDGE_CURVE('',#9175,#9177,#9179,.T.);
#9175 = VERTEX_POINT('',#9176);
#9176 = CARTESIAN_POINT('',(3.732215541109,-14.35,2.311028606567));
#9177 = VERTEX_POINT('',#9178);
#9178 = CARTESIAN_POINT('',(-3.732215541109,-14.35,7.688971393433));
#9179 = SURFACE_CURVE('',#9180,(#9185),.PCURVE_S1.);
#9180 = CIRCLE('',#9181,4.6);
#9181 = AXIS2_PLACEMENT_3D('',#9182,#9183,#9184);
#9182 = CARTESIAN_POINT('',(-5.900663617797E-17,-14.35,5.));
#9183 = DIRECTION('',(0.,1.,0.));
#9184 = DIRECTION('',(0.811351204589,0.,-0.584558998572));
#9185 = PCURVE('',#9137,#9186);
#9186 = DEFINITIONAL_REPRESENTATION('',(#9187),#9191);
#9187 = CIRCLE('',#9188,4.6);
#9188 = AXIS2_PLACEMENT_2D('',#9189,#9190);
#9189 = CARTESIAN_POINT('',(-2.419425626213E-16,-4.6));
#9190 = DIRECTION('',(1.,-8.497490053747E-17));
#9191 = ( GEOMETRIC_REPRESENTATION_CONTEXT(2) 
PARAMETRIC_REPRESENTATION_CONTEXT() REPRESENTATION_CONTEXT('2D SPACE',''
  ) );
#9192 = ORIENTED_EDGE('',*,*,#9193,.T.);
#9193 = EDGE_CURVE('',#9177,#9175,#9194,.T.);
#9194 = SURFACE_CURVE('',#9195,(#9200),.PCURVE_S1.);
#9195 = CIRCLE('',#9196,4.6);
#9196 = AXIS2_PLACEMENT_3D('',#9197,#9198,#9199);
#9197 = CARTESIAN_POINT('',(-5.900663617797E-17,-14.35,5.));
#9198 = DIRECTION('',(0.,1.,0.));
#9199 = DIRECTION('',(0.811351204589,0.,-0.584558998572));
#9200 = PCURVE('',#9137,#9201);
#9201 = DEFINITIONAL_REPRESENTATION('',(#9202),#9206);
#9202 = CIRCLE('',#9203,4.6);
#9203 = AXIS2_PLACEMENT_2D('',#9204,#9205);
#9204 = CARTESIAN_POINT('',(-2.419425626213E-16,-4.6));
#9205 = DIRECTION('',(1.,-8.497490053747E-17));
#9206 = ( GEOMETRIC_REPRESENTATION_CONTEXT(2) 
PARAMETRIC_REPRESENTATION_CONTEXT() REPRESENTATION_CONTEXT('2D SPACE',''
  ) );
#9207 = ( GEOMETRIC_REPRESENTATION_CONTEXT(3) 
GLOBAL_UNCERTAINTY_ASSIGNED_CONTEXT((#9211)) 
GLOBAL_UNIT_ASSIGNED_CONTEXT((#9208,#9209,#9210)) REPRESENTATION_CONTEXT
('Context #1','3D Context with UNIT and UNCERTAINTY') );
#9208 = ( LENGTH_UNIT() NAMED_UNIT(*) SI_UNIT(.MILLI.,.METRE.) );
#9209 = ( NAMED_UNIT(*) PLANE_ANGLE_UNIT() SI_UNIT($,.RADIAN.) );
#9210 = ( NAMED_UNIT(*) SI_UNIT($,.STERADIAN.) SOLID_ANGLE_UNIT() );
#9211 = UNCERTAINTY_MEASURE_WITH_UNIT(LENGTH_MEASURE(1.E-07),#9208,
  'distance_accuracy_value','confusion accuracy');
#9212 = PRODUCT_TYPE('part',$,(#7));
#9213 = COLOUR_RGB('',0.160000000,0.180000000,0.200000000);
#9214 = FILL_AREA_STYLE_COLOUR('',#9213);
#9215 = FILL_AREA_STYLE('',(#9214));
#9216 = SURFACE_STYLE_FILL_AREA(#9215);
#9217 = SURFACE_SIDE_STYLE('',(#9216));
#9218 = SURFACE_STYLE_USAGE(.BOTH.,#9217);
#9219 = PRESENTATION_STYLE_ASSIGNMENT((#9218));
#9220 = STYLED_ITEM('color',(#9219),#15);
#9221 = STYLED_ITEM('color',(#9219),#89);
#9222 = STYLED_ITEM('color',(#9219),#163);
#9223 = STYLED_ITEM('color',(#9219),#237);
#9224 = STYLED_ITEM('color',(#9219),#313);
#9225 = STYLED_ITEM('color',(#9219),#389);
#9226 = STYLED_ITEM('color',(#9219),#465);
#9227 = STYLED_ITEM('color',(#9219),#541);
#9228 = STYLED_ITEM('color',(#9219),#615);
#9229 = STYLED_ITEM('color',(#9219),#691);
#9230 = STYLED_ITEM('color',(#9219),#765);
#9231 = STYLED_ITEM('color',(#9219),#917);
#9232 = STYLED_ITEM('color',(#9219),#991);
#9233 = STYLED_ITEM('color',(#9219),#1067);
#9234 = STYLED_ITEM('color',(#9219),#1143);
#9235 = STYLED_ITEM('color',(#9219),#1217);
#9236 = STYLED_ITEM('color',(#9219),#1291);
#9237 = STYLED_ITEM('color',(#9219),#1367);
#9238 = STYLED_ITEM('color',(#9219),#1441);
#9239 = STYLED_ITEM('color',(#9219),#1517);
#9240 = STYLED_ITEM('color',(#9219),#1677);
#9241 = STYLED_ITEM('color',(#9219),#1753);
#9242 = STYLED_ITEM('color',(#9219),#1831);
#9243 = STYLED_ITEM('color',(#9219),#1875);
#9244 = STYLED_ITEM('color',(#9219),#1953);
#9245 = STYLED_ITEM('color',(#9219),#2027);
#9246 = STYLED_ITEM('color',(#9219),#2101);
#9247 = STYLED_ITEM('color',(#9219),#2175);
#9248 = STYLED_ITEM('color',(#9219),#2251);
#9249 = STYLED_ITEM('color',(#9219),#2325);
#9250 = STYLED_ITEM('color',(#9219),#2399);
#9251 = STYLED_ITEM('color',(#9219),#2473);
#9252 = STYLED_ITEM('color',(#9219),#2547);
#9253 = STYLED_ITEM('color',(#9219),#2621);
#9254 = STYLED_ITEM('color',(#9219),#2695);
#9255 = STYLED_ITEM('color',(#9219),#2769);
#9256 = STYLED_ITEM('color',(#9219),#2843);
#9257 = STYLED_ITEM('color',(#9219),#2917);
#9258 = STYLED_ITEM('color',(#9219),#3023);
#9259 = STYLED_ITEM('color',(#9219),#3097);
#9260 = STYLED_ITEM('color',(#9219),#3203);
#9261 = STYLED_ITEM('color',(#9219),#3277);
#9262 = STYLED_ITEM('color',(#9219),#3351);
#9263 = STYLED_ITEM('color',(#9219),#3425);
#9264 = STYLED_ITEM('color',(#9219),#3499);
#9265 = STYLED_ITEM('color',(#9219),#3573);
#9266 = STYLED_ITEM('color',(#9219),#4061);
#9267 = STYLED_ITEM('color',(#9219),#4135);
#9268 = STYLED_ITEM('color',(#9219),#4427);
#9269 = STYLED_ITEM('color',(#9219),#4501);
#9270 = STYLED_ITEM('color',(#9219),#4577);
#9271 = STYLED_ITEM('color',(#9219),#4653);
#9272 = STYLED_ITEM('color',(#9219),#4729);
#9273 = STYLED_ITEM('color',(#9219),#4805);
#9274 = STYLED_ITEM('color',(#9219),#4881);
#9275 = STYLED_ITEM('color',(#9219),#4957);
#9276 = STYLED_ITEM('color',(#9219),#5033);
#9277 = STYLED_ITEM('color',(#9219),#5107);
#9278 = STYLED_ITEM('color',(#9219),#5181);
#9279 = STYLED_ITEM('color',(#9219),#5255);
#9280 = STYLED_ITEM('color',(#9219),#5329);
#9281 = STYLED_ITEM('color',(#9219),#5403);
#9282 = STYLED_ITEM('color',(#9219),#5493);
#9283 = STYLED_ITEM('color',(#9219),#5567);
#9284 = STYLED_ITEM('color',(#9219),#5657);
#9285 = STYLED_ITEM('color',(#9219),#5731);
#9286 = STYLED_ITEM('color',(#9219),#5869);
#9287 = STYLED_ITEM('color',(#9219),#5943);
#9288 = STYLED_ITEM('color',(#9219),#6145);
#9289 = STYLED_ITEM('color',(#9219),#6283);
#9290 = STYLED_ITEM('color',(#9219),#6485);
#9291 = STYLED_ITEM('color',(#9219),#6623);
#9292 = STYLED_ITEM('color',(#9219),#6697);
#9293 = STYLED_ITEM('color',(#9219),#6835);
#9294 = STYLED_ITEM('color',(#9219),#6909);
#9295 = STYLED_ITEM('color',(#9219),#6983);
#9296 = STYLED_ITEM('color',(#9219),#7217);
#9297 = STYLED_ITEM('color',(#9219),#7355);
#9298 = STYLED_ITEM('color',(#9219),#7589);
#9299 = STYLED_ITEM('color',(#9219),#7641);
#9300 = STYLED_ITEM('color',(#9219),#7717);
#9301 = STYLED_ITEM('color',(#9219),#7769);
#9302 = STYLED_ITEM('color',(#9219),#7845);
#9303 = STYLED_ITEM('color',(#9219),#7897);
#9304 = STYLED_ITEM('color',(#9219),#7973);
#9305 = STYLED_ITEM('color',(#9219),#8025);
#9306 = STYLED_ITEM('color',(#9219),#8101);
#9307 = STYLED_ITEM('color',(#9219),#8153);
#9308 = STYLED_ITEM('color',(#9219),#8229);
#9309 = STYLED_ITEM('color',(#9219),#8599);
#9310 = STYLED_ITEM('color',(#9219),#8675);
#9311 = STYLED_ITEM('color',(#9219),#8727);
#9312 = STYLED_ITEM('color',(#9219),#8803);
#9313 = STYLED_ITEM('color',(#9219),#8879);
#9314 = STYLED_ITEM('color',(#9219),#8955);
#9315 = STYLED_ITEM('color',(#9219),#9043);
#9316 = STYLED_ITEM('color',(#9219),#9119);
#9317 = MECHANICAL_DESIGN_GEOMETRIC_PRESENTATION_REPRESENTATION('',(#9220,#9221,#9222,#9223,#9224,#9225,#9226,#9227,#9228,#9229,#9230,#9231,#9232,#9233,#9234,#9235,#9236,#9237,#9238,#9239,#9240,#9241,#9242,#9243,#9244,#9245,#9246,#9247,#9248,#9249,#9250,#9251,#9252,#9253,#9254,#9255,#9256,#9257,#9258,#9259,#9260,#9261,#9262,#9263,#9264,#9265,#9266,#9267,#9268,#9269,#9270,#9271,#9272,#9273,#9274,#9275,#9276,#9277,#9278,#9279,#9280,#9281,#9282,#9283,#9284,#9285,#9286,#9287,#9288,#9289,#9290,#9291,#9292,#9293,#9294,#9295,#9296,#9297,#9298,#9299,#9300,#9301,#9302,#9303,#9304,#9305,#9306,#9307,#9308,#9309,#9310,#9311,#9312,#9313,#9314,#9315,#9316),#9207);
ENDSEC;
END-ISO-10303-21;
