ISO-10303-21;
HEADER;
FILE_DESCRIPTION(('FreeCAD Model'),'2;1');
FILE_NAME('Open CASCADE Shape Model','2026-08-30T16:40:59',('FreeCAD'),(
    'FreeCAD'),'Open CASCADE STEP processor 7.8','FreeCAD','Unknown');
FILE_SCHEMA(('AUTOMOTIVE_DESIGN_CC2 { 1 2 10303 214 -1 1 5 4 }'));
ENDSEC;
DATA;
#1 = APPLICATION_PROTOCOL_DEFINITION('committee draft',
  'automotive_design',1997,#2);
#2 = APPLICATION_CONTEXT(
  'core data for automotive mechanical design processes');
#3 = SHAPE_DEFINITION_REPRESENTATION(#4,#10);
#4 = PRODUCT_DEFINITION_SHAPE('','',#5);
#5 = PRODUCT_DEFINITION('design','',#6,#9);
#6 = PRODUCT_DEFINITION_FORMATION('','',#7);
#7 = PRODUCT('Open CASCADE STEP translator 7.8 2',
  'Open CASCADE STEP translator 7.8 2','',(#8));
#8 = MECHANICAL_CONTEXT('',#2,'mechanical');
#9 = PRODUCT_DEFINITION_CONTEXT('part definition',#2,'design');
#10 = SHAPE_REPRESENTATION('',(#11,#15,#117,#193,#394,#518,#661,#799,
    #875,#949,#1042,#1144,#1268,#1348,#1428,#1526,#1602,#1678,#1754,
    #1828,#1904,#1978,#2054,#2128,#2204,#2280,#2354,#2726,#2800,#2876,
    #3268),#3344);
#11 = AXIS2_PLACEMENT_3D('',#12,#13,#14);
#12 = CARTESIAN_POINT('',(0.,0.,0.));
#13 = DIRECTION('',(0.,0.,1.));
#14 = DIRECTION('',(1.,0.,-0.));
#15 = SHELL_BASED_SURFACE_MODEL('',(#16));
#16 = OPEN_SHELL('',(#17));
#17 = ADVANCED_FACE('',(#18),#33,.T.);
#18 = FACE_BOUND('',#19,.T.);
#19 = EDGE_LOOP('',(#20,#44,#61,#78));
#20 = ORIENTED_EDGE('',*,*,#21,.F.);
#21 = EDGE_CURVE('',#22,#24,#26,.T.);
#22 = VERTEX_POINT('',#23);
#23 = CARTESIAN_POINT('',(6.,3.05,5.));
#24 = VERTEX_POINT('',#25);
#25 = CARTESIAN_POINT('',(3.316624790355,3.05,10.));
#26 = SURFACE_CURVE('',#27,(#32),.PCURVE_S1.);
#27 = CIRCLE('',#28,6.);
#28 = AXIS2_PLACEMENT_3D('',#29,#30,#31);
#29 = CARTESIAN_POINT('',(0.,3.05,5.));
#30 = DIRECTION('',(0.,-1.,0.));
#31 = DIRECTION('',(1.,0.,2.22044604925E-16));
#32 = PCURVE('',#33,#38);
#33 = TOROIDAL_SURFACE('',#34,5.8,0.2);
#34 = AXIS2_PLACEMENT_3D('',#35,#36,#37);
#35 = CARTESIAN_POINT('',(0.,3.05,5.));
#36 = DIRECTION('',(0.,1.,0.));
#37 = DIRECTION('',(1.,0.,2.22044604925E-16));
#38 = DEFINITIONAL_REPRESENTATION('',(#39),#43);
#39 = LINE('',#40,#41);
#40 = CARTESIAN_POINT('',(6.28318530718,0.));
#41 = VECTOR('',#42,1.);
#42 = DIRECTION('',(-1.,0.));
#43 = ( GEOMETRIC_REPRESENTATION_CONTEXT(2) 
PARAMETRIC_REPRESENTATION_CONTEXT() REPRESENTATION_CONTEXT('2D SPACE',''
  ) );
#44 = ORIENTED_EDGE('',*,*,#45,.T.);
#45 = EDGE_CURVE('',#22,#46,#48,.T.);
#46 = VERTEX_POINT('',#47);
#47 = CARTESIAN_POINT('',(5.8,3.25,5.));
#48 = SURFACE_CURVE('',#49,(#54),.PCURVE_S1.);
#49 = CIRCLE('',#50,0.2);
#50 = AXIS2_PLACEMENT_3D('',#51,#52,#53);
#51 = CARTESIAN_POINT('',(5.8,3.05,5.));
#52 = DIRECTION('',(-2.22044604925E-16,0.,1.));
#53 = DIRECTION('',(1.,0.,2.22044604925E-16));
#54 = PCURVE('',#33,#55);
#55 = DEFINITIONAL_REPRESENTATION('',(#56),#60);
#56 = LINE('',#57,#58);
#57 = CARTESIAN_POINT('',(6.28318530718,0.));
#58 = VECTOR('',#59,1.);
#59 = DIRECTION('',(0.,1.));
#60 = ( GEOMETRIC_REPRESENTATION_CONTEXT(2) 
PARAMETRIC_REPRESENTATION_CONTEXT() REPRESENTATION_CONTEXT('2D SPACE',''
  ) );
#61 = ORIENTED_EDGE('',*,*,#62,.F.);
#62 = EDGE_CURVE('',#63,#46,#65,.T.);
#63 = VERTEX_POINT('',#64);
#64 = CARTESIAN_POINT('',(3.25576411922,3.25,9.8));
#65 = SURFACE_CURVE('',#66,(#71),.PCURVE_S1.);
#66 = CIRCLE('',#67,5.8);
#67 = AXIS2_PLACEMENT_3D('',#68,#69,#70);
#68 = CARTESIAN_POINT('',(0.,3.25,5.));
#69 = DIRECTION('',(-0.,1.,0.));
#70 = DIRECTION('',(1.,0.,2.22044604925E-16));
#71 = PCURVE('',#33,#72);
#72 = DEFINITIONAL_REPRESENTATION('',(#73),#77);
#73 = LINE('',#74,#75);
#74 = CARTESIAN_POINT('',(0.,1.570796326795));
#75 = VECTOR('',#76,1.);
#76 = DIRECTION('',(1.,6.833586291868E-16));
#77 = ( GEOMETRIC_REPRESENTATION_CONTEXT(2) 
PARAMETRIC_REPRESENTATION_CONTEXT() REPRESENTATION_CONTEXT('2D SPACE',''
  ) );
#78 = ORIENTED_EDGE('',*,*,#79,.F.);
#79 = EDGE_CURVE('',#24,#63,#80,.T.);
#80 = SURFACE_CURVE('',#81,(#88),.PCURVE_S1.);
#81 = B_SPLINE_CURVE_WITH_KNOTS('',3,(#82,#83,#84,#85,#86,#87),
  .UNSPECIFIED.,.F.,.F.,(4,2,4),(0.,1.597835320181E-04,
    3.195670640363E-04),.UNSPECIFIED.);
#82 = CARTESIAN_POINT('',(3.316624790355,3.05,10.));
#83 = CARTESIAN_POINT('',(3.316624790355,3.104042251793,10.));
#84 = CARTESIAN_POINT('',(3.309736811979,3.156510505532,9.977115158938)
  );
#85 = CARTESIAN_POINT('',(3.287158354015,3.229385147342,9.902641298839)
  );
#86 = CARTESIAN_POINT('',(3.271400289183,3.25,9.850916345484));
#87 = CARTESIAN_POINT('',(3.25576411922,3.25,9.8));
#88 = PCURVE('',#33,#89);
#89 = DEFINITIONAL_REPRESENTATION('',(#90),#116);
#90 = B_SPLINE_CURVE_WITH_KNOTS('',3,(#91,#92,#93,#94,#95,#96,#97,#98,
    #99,#100,#101,#102,#103,#104,#105,#106,#107,#108,#109,#110,#111,#112
    ,#113,#114,#115),.UNSPECIFIED.,.F.,.F.,(4,1,1,1,1,1,1,1,1,1,1,1,1,1,
    1,1,1,1,1,1,1,1,4),(0.,1.452577563801E-05,2.905155127603E-05,
    4.357732691404E-05,5.810310255205E-05,7.262887819007E-05,
    8.715465382808E-05,1.016804294661E-04,1.162062051041E-04,
    1.307319807421E-04,1.452577563801E-04,1.597835320181E-04,
    1.743093076562E-04,1.888350832942E-04,2.033608589322E-04,
    2.178866345702E-04,2.324124102082E-04,2.469381858462E-04,
    2.614639614842E-04,2.759897371223E-04,2.905155127603E-04,
    3.050412883983E-04,3.195670640363E-04),.QUASI_UNIFORM_KNOTS.);
#91 = CARTESIAN_POINT('',(5.298074523842,0.));
#92 = CARTESIAN_POINT('',(5.29807452853,2.456146912011E-02));
#93 = CARTESIAN_POINT('',(5.298093555975,7.356657984287E-02));
#94 = CARTESIAN_POINT('',(5.298177257954,0.146784820475));
#95 = CARTESIAN_POINT('',(5.298314206853,0.219791412377));
#96 = CARTESIAN_POINT('',(5.298502560508,0.292616113597));
#97 = CARTESIAN_POINT('',(5.298740515499,0.365265275981));
#98 = CARTESIAN_POINT('',(5.299026308197,0.437724346492));
#99 = CARTESIAN_POINT('',(5.299358206815,0.509966977026));
#100 = CARTESIAN_POINT('',(5.299734507214,0.58196331514));
#101 = CARTESIAN_POINT('',(5.300153524277,0.653687113779));
#102 = CARTESIAN_POINT('',(5.300613598773,0.725128981402));
#103 = CARTESIAN_POINT('',(5.301113048042,0.796285301212));
#104 = CARTESIAN_POINT('',(5.301650327197,0.867236069709));
#105 = CARTESIAN_POINT('',(5.302222363258,0.938098176985));
#106 = CARTESIAN_POINT('',(5.302825926257,1.008896500125));
#107 = CARTESIAN_POINT('',(5.303457787488,1.079640482797));
#108 = CARTESIAN_POINT('',(5.304114668248,1.15031204225));
#109 = CARTESIAN_POINT('',(5.304793245569,1.220878033442));
#110 = CARTESIAN_POINT('',(5.305490143305,1.291296837044));
#111 = CARTESIAN_POINT('',(5.30620192872,1.361526565589));
#112 = CARTESIAN_POINT('',(5.306925105722,1.431533985023));
#113 = CARTESIAN_POINT('',(5.307656120219,1.501298744284));
#114 = CARTESIAN_POINT('',(5.308146256546,1.547655571171));
#115 = CARTESIAN_POINT('',(5.308391419572,1.570796326795));
#116 = ( GEOMETRIC_REPRESENTATION_CONTEXT(2) 
PARAMETRIC_REPRESENTATION_CONTEXT() REPRESENTATION_CONTEXT('2D SPACE',''
  ) );
#117 = SHELL_BASED_SURFACE_MODEL('',(#118));
#118 = OPEN_SHELL('',(#119));
#119 = ADVANCED_FACE('',(#120),#135,.T.);
#120 = FACE_BOUND('',#121,.T.);
#121 = EDGE_LOOP('',(#122,#146,#162,#179));
#122 = ORIENTED_EDGE('',*,*,#123,.T.);
#123 = EDGE_CURVE('',#124,#126,#128,.T.);
#124 = VERTEX_POINT('',#125);
#125 = CARTESIAN_POINT('',(-3.316624790355,3.05,10.));
#126 = VERTEX_POINT('',#127);
#127 = CARTESIAN_POINT('',(-6.,3.05,5.));
#128 = SURFACE_CURVE('',#129,(#134),.PCURVE_S1.);
#129 = CIRCLE('',#130,6.);
#130 = AXIS2_PLACEMENT_3D('',#131,#132,#133);
#131 = CARTESIAN_POINT('',(0.,3.05,5.));
#132 = DIRECTION('',(0.,-1.,0.));
#133 = DIRECTION('',(1.,0.,2.22044604925E-16));
#134 = PCURVE('',#135,#140);
#135 = CYLINDRICAL_SURFACE('',#136,6.);
#136 = AXIS2_PLACEMENT_3D('',#137,#138,#139);
#137 = CARTESIAN_POINT('',(0.,3.25,5.));
#138 = DIRECTION('',(-0.,-1.,0.));
#139 = DIRECTION('',(-1.,0.,-2.22044604925E-16));
#140 = DEFINITIONAL_REPRESENTATION('',(#141),#145);
#141 = LINE('',#142,#143);
#142 = CARTESIAN_POINT('',(3.14159265359,0.2));
#143 = VECTOR('',#144,1.);
#144 = DIRECTION('',(1.,0.));
#145 = ( GEOMETRIC_REPRESENTATION_CONTEXT(2) 
PARAMETRIC_REPRESENTATION_CONTEXT() REPRESENTATION_CONTEXT('2D SPACE',''
  ) );
#146 = ORIENTED_EDGE('',*,*,#147,.T.);
#147 = EDGE_CURVE('',#126,#148,#150,.T.);
#148 = VERTEX_POINT('',#149);
#149 = CARTESIAN_POINT('',(-6.,-11.85,5.));
#150 = SURFACE_CURVE('',#151,(#155),.PCURVE_S1.);
#151 = LINE('',#152,#153);
#152 = CARTESIAN_POINT('',(-6.,3.25,5.));
#153 = VECTOR('',#154,1.);
#154 = DIRECTION('',(-0.,-1.,0.));
#155 = PCURVE('',#135,#156);
#156 = DEFINITIONAL_REPRESENTATION('',(#157),#161);
#157 = LINE('',#158,#159);
#158 = CARTESIAN_POINT('',(6.28318530718,0.));
#159 = VECTOR('',#160,1.);
#160 = DIRECTION('',(0.,1.));
#161 = ( GEOMETRIC_REPRESENTATION_CONTEXT(2) 
PARAMETRIC_REPRESENTATION_CONTEXT() REPRESENTATION_CONTEXT('2D SPACE',''
  ) );
#162 = ORIENTED_EDGE('',*,*,#163,.T.);
#163 = EDGE_CURVE('',#148,#164,#166,.T.);
#164 = VERTEX_POINT('',#165);
#165 = CARTESIAN_POINT('',(-3.316624790355,-11.85,10.));
#166 = SURFACE_CURVE('',#167,(#172),.PCURVE_S1.);
#167 = CIRCLE('',#168,6.);
#168 = AXIS2_PLACEMENT_3D('',#169,#170,#171);
#169 = CARTESIAN_POINT('',(0.,-11.85,5.));
#170 = DIRECTION('',(-0.,1.,0.));
#171 = DIRECTION('',(1.,0.,2.22044604925E-16));
#172 = PCURVE('',#135,#173);
#173 = DEFINITIONAL_REPRESENTATION('',(#174),#178);
#174 = LINE('',#175,#176);
#175 = CARTESIAN_POINT('',(9.424777960769,15.1));
#176 = VECTOR('',#177,1.);
#177 = DIRECTION('',(-1.,0.));
#178 = ( GEOMETRIC_REPRESENTATION_CONTEXT(2) 
PARAMETRIC_REPRESENTATION_CONTEXT() REPRESENTATION_CONTEXT('2D SPACE',''
  ) );
#179 = ORIENTED_EDGE('',*,*,#180,.F.);
#180 = EDGE_CURVE('',#124,#164,#181,.T.);
#181 = SURFACE_CURVE('',#182,(#186),.PCURVE_S1.);
#182 = LINE('',#183,#184);
#183 = CARTESIAN_POINT('',(-3.316624790355,3.25,10.));
#184 = VECTOR('',#185,1.);
#185 = DIRECTION('',(-0.,-1.,0.));
#186 = PCURVE('',#135,#187);
#187 = DEFINITIONAL_REPRESENTATION('',(#188),#192);
#188 = LINE('',#189,#190);
#189 = CARTESIAN_POINT('',(5.298074523842,0.));
#190 = VECTOR('',#191,1.);
#191 = DIRECTION('',(0.,1.));
#192 = ( GEOMETRIC_REPRESENTATION_CONTEXT(2) 
PARAMETRIC_REPRESENTATION_CONTEXT() REPRESENTATION_CONTEXT('2D SPACE',''
  ) );
#193 = SHELL_BASED_SURFACE_MODEL('',(#194));
#194 = OPEN_SHELL('',(#195));
#195 = ADVANCED_FACE('',(#196,#237,#273,#358),#211,.T.);
#196 = FACE_BOUND('',#197,.T.);
#197 = EDGE_LOOP('',(#198,#222));
#198 = ORIENTED_EDGE('',*,*,#199,.F.);
#199 = EDGE_CURVE('',#200,#202,#204,.T.);
#200 = VERTEX_POINT('',#201);
#201 = CARTESIAN_POINT('',(-3.324587521407,3.25,7.800274034299));
#202 = VERTEX_POINT('',#203);
#203 = CARTESIAN_POINT('',(-4.274587521407,3.25,7.800274034299));
#204 = SURFACE_CURVE('',#205,(#210),.PCURVE_S1.);
#205 = CIRCLE('',#206,0.475);
#206 = AXIS2_PLACEMENT_3D('',#207,#208,#209);
#207 = CARTESIAN_POINT('',(-3.799587521407,3.25,7.800274034299));
#208 = DIRECTION('',(-0.,1.,0.));
#209 = DIRECTION('',(1.,0.,2.22044604925E-16));
#210 = PCURVE('',#211,#216);
#211 = PLANE('',#212);
#212 = AXIS2_PLACEMENT_3D('',#213,#214,#215);
#213 = CARTESIAN_POINT('',(0.,3.25,5.));
#214 = DIRECTION('',(0.,1.,0.));
#215 = DIRECTION('',(1.,0.,2.22044604925E-16));
#216 = DEFINITIONAL_REPRESENTATION('',(#217),#221);
#217 = CIRCLE('',#218,0.475);
#218 = AXIS2_PLACEMENT_2D('',#219,#220);
#219 = CARTESIAN_POINT('',(-3.799587521407,-2.800274034299));
#220 = DIRECTION('',(1.,0.));
#221 = ( GEOMETRIC_REPRESENTATION_CONTEXT(2) 
PARAMETRIC_REPRESENTATION_CONTEXT() REPRESENTATION_CONTEXT('2D SPACE',''
  ) );
#222 = ORIENTED_EDGE('',*,*,#223,.F.);
#223 = EDGE_CURVE('',#202,#200,#224,.T.);
#224 = SURFACE_CURVE('',#225,(#230),.PCURVE_S1.);
#225 = CIRCLE('',#226,0.475);
#226 = AXIS2_PLACEMENT_3D('',#227,#228,#229);
#227 = CARTESIAN_POINT('',(-3.799587521407,3.25,7.800274034299));
#228 = DIRECTION('',(-0.,1.,0.));
#229 = DIRECTION('',(1.,0.,2.22044604925E-16));
#230 = PCURVE('',#211,#231);
#231 = DEFINITIONAL_REPRESENTATION('',(#232),#236);
#232 = CIRCLE('',#233,0.475);
#233 = AXIS2_PLACEMENT_2D('',#234,#235);
#234 = CARTESIAN_POINT('',(-3.799587521407,-2.800274034299));
#235 = DIRECTION('',(1.,0.));
#236 = ( GEOMETRIC_REPRESENTATION_CONTEXT(2) 
PARAMETRIC_REPRESENTATION_CONTEXT() REPRESENTATION_CONTEXT('2D SPACE',''
  ) );
#237 = FACE_BOUND('',#238,.T.);
#238 = EDGE_LOOP('',(#239,#258));
#239 = ORIENTED_EDGE('',*,*,#240,.F.);
#240 = EDGE_CURVE('',#241,#243,#245,.T.);
#241 = VERTEX_POINT('',#242);
#242 = CARTESIAN_POINT('',(4.274587521407,3.25,2.199725965701));
#243 = VERTEX_POINT('',#244);
#244 = CARTESIAN_POINT('',(3.324587521407,3.25,2.199725965701));
#245 = SURFACE_CURVE('',#246,(#251),.PCURVE_S1.);
#246 = CIRCLE('',#247,0.475);
#247 = AXIS2_PLACEMENT_3D('',#248,#249,#250);
#248 = CARTESIAN_POINT('',(3.799587521407,3.25,2.199725965701));
#249 = DIRECTION('',(-0.,1.,0.));
#250 = DIRECTION('',(1.,0.,2.22044604925E-16));
#251 = PCURVE('',#211,#252);
#252 = DEFINITIONAL_REPRESENTATION('',(#253),#257);
#253 = CIRCLE('',#254,0.475);
#254 = AXIS2_PLACEMENT_2D('',#255,#256);
#255 = CARTESIAN_POINT('',(3.799587521407,2.800274034299));
#256 = DIRECTION('',(1.,0.));
#257 = ( GEOMETRIC_REPRESENTATION_CONTEXT(2) 
PARAMETRIC_REPRESENTATION_CONTEXT() REPRESENTATION_CONTEXT('2D SPACE',''
  ) );
#258 = ORIENTED_EDGE('',*,*,#259,.F.);
#259 = EDGE_CURVE('',#243,#241,#260,.T.);
#260 = SURFACE_CURVE('',#261,(#266),.PCURVE_S1.);
#261 = CIRCLE('',#262,0.475);
#262 = AXIS2_PLACEMENT_3D('',#263,#264,#265);
#263 = CARTESIAN_POINT('',(3.799587521407,3.25,2.199725965701));
#264 = DIRECTION('',(-0.,1.,0.));
#265 = DIRECTION('',(1.,0.,2.22044604925E-16));
#266 = PCURVE('',#211,#267);
#267 = DEFINITIONAL_REPRESENTATION('',(#268),#272);
#268 = CIRCLE('',#269,0.475);
#269 = AXIS2_PLACEMENT_2D('',#270,#271);
#270 = CARTESIAN_POINT('',(3.799587521407,2.800274034299));
#271 = DIRECTION('',(1.,0.));
#272 = ( GEOMETRIC_REPRESENTATION_CONTEXT(2) 
PARAMETRIC_REPRESENTATION_CONTEXT() REPRESENTATION_CONTEXT('2D SPACE',''
  ) );
#273 = FACE_BOUND('',#274,.T.);
#274 = EDGE_LOOP('',(#275,#293,#310,#326,#343));
#275 = ORIENTED_EDGE('',*,*,#276,.T.);
#276 = EDGE_CURVE('',#277,#279,#281,.T.);
#277 = VERTEX_POINT('',#278);
#278 = CARTESIAN_POINT('',(3.25576411922,3.25,0.2));
#279 = VERTEX_POINT('',#280);
#280 = CARTESIAN_POINT('',(-3.25576411922,3.25,0.2));
#281 = SURFACE_CURVE('',#282,(#286),.PCURVE_S1.);
#282 = LINE('',#283,#284);
#283 = CARTESIAN_POINT('',(-3.316624790355,3.25,0.2));
#284 = VECTOR('',#285,1.);
#285 = DIRECTION('',(-1.,0.,-2.22044604925E-16));
#286 = PCURVE('',#211,#287);
#287 = DEFINITIONAL_REPRESENTATION('',(#288),#292);
#288 = LINE('',#289,#290);
#289 = CARTESIAN_POINT('',(-3.316624790355,4.8));
#290 = VECTOR('',#291,1.);
#291 = DIRECTION('',(-1.,0.));
#292 = ( GEOMETRIC_REPRESENTATION_CONTEXT(2) 
PARAMETRIC_REPRESENTATION_CONTEXT() REPRESENTATION_CONTEXT('2D SPACE',''
  ) );
#293 = ORIENTED_EDGE('',*,*,#294,.T.);
#294 = EDGE_CURVE('',#279,#295,#297,.T.);
#295 = VERTEX_POINT('',#296);
#296 = CARTESIAN_POINT('',(-3.25576411922,3.25,9.8));
#297 = SURFACE_CURVE('',#298,(#303),.PCURVE_S1.);
#298 = CIRCLE('',#299,5.8);
#299 = AXIS2_PLACEMENT_3D('',#300,#301,#302);
#300 = CARTESIAN_POINT('',(0.,3.25,5.));
#301 = DIRECTION('',(-0.,1.,0.));
#302 = DIRECTION('',(1.,0.,2.22044604925E-16));
#303 = PCURVE('',#211,#304);
#304 = DEFINITIONAL_REPRESENTATION('',(#305),#309);
#305 = CIRCLE('',#306,5.8);
#306 = AXIS2_PLACEMENT_2D('',#307,#308);
#307 = CARTESIAN_POINT('',(0.,0.));
#308 = DIRECTION('',(1.,0.));
#309 = ( GEOMETRIC_REPRESENTATION_CONTEXT(2) 
PARAMETRIC_REPRESENTATION_CONTEXT() REPRESENTATION_CONTEXT('2D SPACE',''
  ) );
#310 = ORIENTED_EDGE('',*,*,#311,.T.);
#311 = EDGE_CURVE('',#295,#312,#314,.T.);
#312 = VERTEX_POINT('',#313);
#313 = CARTESIAN_POINT('',(3.25576411922,3.25,9.8));
#314 = SURFACE_CURVE('',#315,(#319),.PCURVE_S1.);
#315 = LINE('',#316,#317);
#316 = CARTESIAN_POINT('',(3.316624790355,3.25,9.8));
#317 = VECTOR('',#318,1.);
#318 = DIRECTION('',(1.,0.,2.22044604925E-16));
#319 = PCURVE('',#211,#320);
#320 = DEFINITIONAL_REPRESENTATION('',(#321),#325);
#321 = LINE('',#322,#323);
#322 = CARTESIAN_POINT('',(3.316624790355,-4.8));
#323 = VECTOR('',#324,1.);
#324 = DIRECTION('',(1.,0.));
#325 = ( GEOMETRIC_REPRESENTATION_CONTEXT(2) 
PARAMETRIC_REPRESENTATION_CONTEXT() REPRESENTATION_CONTEXT('2D SPACE',''
  ) );
#326 = ORIENTED_EDGE('',*,*,#327,.T.);
#327 = EDGE_CURVE('',#312,#328,#330,.T.);
#328 = VERTEX_POINT('',#329);
#329 = CARTESIAN_POINT('',(5.8,3.25,5.));
#330 = SURFACE_CURVE('',#331,(#336),.PCURVE_S1.);
#331 = CIRCLE('',#332,5.8);
#332 = AXIS2_PLACEMENT_3D('',#333,#334,#335);
#333 = CARTESIAN_POINT('',(0.,3.25,5.));
#334 = DIRECTION('',(-0.,1.,0.));
#335 = DIRECTION('',(1.,0.,2.22044604925E-16));
#336 = PCURVE('',#211,#337);
#337 = DEFINITIONAL_REPRESENTATION('',(#338),#342);
#338 = CIRCLE('',#339,5.8);
#339 = AXIS2_PLACEMENT_2D('',#340,#341);
#340 = CARTESIAN_POINT('',(0.,0.));
#341 = DIRECTION('',(1.,0.));
#342 = ( GEOMETRIC_REPRESENTATION_CONTEXT(2) 
PARAMETRIC_REPRESENTATION_CONTEXT() REPRESENTATION_CONTEXT('2D SPACE',''
  ) );
#343 = ORIENTED_EDGE('',*,*,#344,.T.);
#344 = EDGE_CURVE('',#328,#277,#345,.T.);
#345 = SURFACE_CURVE('',#346,(#351),.PCURVE_S1.);
#346 = CIRCLE('',#347,5.8);
#347 = AXIS2_PLACEMENT_3D('',#348,#349,#350);
#348 = CARTESIAN_POINT('',(0.,3.25,5.));
#349 = DIRECTION('',(-0.,1.,0.));
#350 = DIRECTION('',(1.,0.,2.22044604925E-16));
#351 = PCURVE('',#211,#352);
#352 = DEFINITIONAL_REPRESENTATION('',(#353),#357);
#353 = CIRCLE('',#354,5.8);
#354 = AXIS2_PLACEMENT_2D('',#355,#356);
#355 = CARTESIAN_POINT('',(0.,0.));
#356 = DIRECTION('',(1.,0.));
#357 = ( GEOMETRIC_REPRESENTATION_CONTEXT(2) 
PARAMETRIC_REPRESENTATION_CONTEXT() REPRESENTATION_CONTEXT('2D SPACE',''
  ) );
#358 = FACE_BOUND('',#359,.T.);
#359 = EDGE_LOOP('',(#360,#379));
#360 = ORIENTED_EDGE('',*,*,#361,.F.);
#361 = EDGE_CURVE('',#362,#364,#366,.T.);
#362 = VERTEX_POINT('',#363);
#363 = CARTESIAN_POINT('',(2.,3.25,5.));
#364 = VERTEX_POINT('',#365);
#365 = CARTESIAN_POINT('',(-2.,3.25,5.));
#366 = SURFACE_CURVE('',#367,(#372),.PCURVE_S1.);
#367 = CIRCLE('',#368,2.);
#368 = AXIS2_PLACEMENT_3D('',#369,#370,#371);
#369 = CARTESIAN_POINT('',(0.,3.25,5.));
#370 = DIRECTION('',(-0.,1.,0.));
#371 = DIRECTION('',(1.,0.,2.22044604925E-16));
#372 = PCURVE('',#211,#373);
#373 = DEFINITIONAL_REPRESENTATION('',(#374),#378);
#374 = CIRCLE('',#375,2.);
#375 = AXIS2_PLACEMENT_2D('',#376,#377);
#376 = CARTESIAN_POINT('',(0.,0.));
#377 = DIRECTION('',(1.,0.));
#378 = ( GEOMETRIC_REPRESENTATION_CONTEXT(2) 
PARAMETRIC_REPRESENTATION_CONTEXT() REPRESENTATION_CONTEXT('2D SPACE',''
  ) );
#379 = ORIENTED_EDGE('',*,*,#380,.F.);
#380 = EDGE_CURVE('',#364,#362,#381,.T.);
#381 = SURFACE_CURVE('',#382,(#387),.PCURVE_S1.);
#382 = CIRCLE('',#383,2.);
#383 = AXIS2_PLACEMENT_3D('',#384,#385,#386);
#384 = CARTESIAN_POINT('',(0.,3.25,5.));
#385 = DIRECTION('',(-0.,1.,0.));
#386 = DIRECTION('',(1.,0.,2.22044604925E-16));
#387 = PCURVE('',#211,#388);
#388 = DEFINITIONAL_REPRESENTATION('',(#389),#393);
#389 = CIRCLE('',#390,2.);
#390 = AXIS2_PLACEMENT_2D('',#391,#392);
#391 = CARTESIAN_POINT('',(0.,0.));
#392 = DIRECTION('',(1.,0.));
#393 = ( GEOMETRIC_REPRESENTATION_CONTEXT(2) 
PARAMETRIC_REPRESENTATION_CONTEXT() REPRESENTATION_CONTEXT('2D SPACE',''
  ) );
#394 = SHELL_BASED_SURFACE_MODEL('',(#395));
#395 = OPEN_SHELL('',(#396));
#396 = ADVANCED_FACE('',(#397),#414,.T.);
#397 = FACE_BOUND('',#398,.T.);
#398 = EDGE_LOOP('',(#399,#447,#463,#504));
#399 = ORIENTED_EDGE('',*,*,#400,.T.);
#400 = EDGE_CURVE('',#401,#403,#405,.T.);
#401 = VERTEX_POINT('',#402);
#402 = CARTESIAN_POINT('',(3.25576411922,3.25,0.2));
#403 = VERTEX_POINT('',#404);
#404 = CARTESIAN_POINT('',(3.316624790355,3.05,1.7763568394E-15));
#405 = SURFACE_CURVE('',#406,(#413),.PCURVE_S1.);
#406 = B_SPLINE_CURVE_WITH_KNOTS('',3,(#407,#408,#409,#410,#411,#412),
  .UNSPECIFIED.,.F.,.F.,(4,2,4),(-3.775275748586E-06,1.570336381714E-04,
    3.178425520914E-04),.UNSPECIFIED.);
#407 = CARTESIAN_POINT('',(3.25576411922,3.25,0.2));
#408 = CARTESIAN_POINT('',(3.271500631474,3.25,0.148756908083));
#409 = CARTESIAN_POINT('',(3.287162422582,3.229376385233,
    9.734531034028E-02));
#410 = CARTESIAN_POINT('',(3.309737906312,3.156502602771,
    2.288120232036E-02));
#411 = CARTESIAN_POINT('',(3.316624790355,3.104038132491,
    1.7763568394E-15));
#412 = CARTESIAN_POINT('',(3.316624790355,3.05,1.7763568394E-15));
#413 = PCURVE('',#414,#419);
#414 = CYLINDRICAL_SURFACE('',#415,0.2);
#415 = AXIS2_PLACEMENT_3D('',#416,#417,#418);
#416 = CARTESIAN_POINT('',(1.06581410364E-15,3.05,0.2));
#417 = DIRECTION('',(1.,0.,2.22044604925E-16));
#418 = DIRECTION('',(2.22044604925E-16,0.,-1.));
#419 = DEFINITIONAL_REPRESENTATION('',(#420),#446);
#420 = B_SPLINE_CURVE_WITH_KNOTS('',3,(#421,#422,#423,#424,#425,#426,
    #427,#428,#429,#430,#431,#432,#433,#434,#435,#436,#437,#438,#439,
    #440,#441,#442,#443,#444,#445),.UNSPECIFIED.,.F.,.F.,(4,1,1,1,1,1,1,
    1,1,1,1,1,1,1,1,1,1,1,1,1,1,1,4),(-3.775275748586E-06,
    1.084371642596E-05,2.546270860051E-05,4.008170077505E-05,
    5.47006929496E-05,6.931968512415E-05,8.393867729869E-05,
    9.855766947324E-05,1.131766616478E-04,1.277956538223E-04,
    1.424146459969E-04,1.570336381714E-04,1.71652630346E-04,
    1.862716225205E-04,2.008906146951E-04,2.155096068696E-04,
    2.301285990442E-04,2.447475912187E-04,2.593665833932E-04,
    2.739855755678E-04,2.886045677423E-04,3.032235599169E-04,
    3.178425520914E-04),.UNSPECIFIED.);
#421 = CARTESIAN_POINT('',(1.570796326795,3.25576411922));
#422 = CARTESIAN_POINT('',(1.547506088204,3.257194711243));
#423 = CARTESIAN_POINT('',(1.500903651839,3.260054660229));
#424 = CARTESIAN_POINT('',(1.430910540662,3.264321497633));
#425 = CARTESIAN_POINT('',(1.360795972283,3.268545868075));
#426 = CARTESIAN_POINT('',(1.290557421351,3.27270839064));
#427 = CARTESIAN_POINT('',(1.220203759172,3.276789684517));
#428 = CARTESIAN_POINT('',(1.149751678026,3.280770368503));
#429 = CARTESIAN_POINT('',(1.079217947638,3.284631062869));
#430 = CARTESIAN_POINT('',(1.008612641912,3.288352382376));
#431 = CARTESIAN_POINT('',(0.937932579263,3.291914962345));
#432 = CARTESIAN_POINT('',(0.867154033945,3.295299361375));
#433 = CARTESIAN_POINT('',(0.79623030806,3.298486424393));
#434 = CARTESIAN_POINT('',(0.725073585399,3.301455927732));
#435 = CARTESIAN_POINT('',(0.65363927247,3.304195821888));
#436 = CARTESIAN_POINT('',(0.5819210417,3.30669512595));
#437 = CARTESIAN_POINT('',(0.50993062112,3.308942572682));
#438 = CARTESIAN_POINT('',(0.437693449667,3.310926971566));
#439 = CARTESIAN_POINT('',(0.365239560965,3.312637111528));
#440 = CARTESIAN_POINT('',(0.292595348281,3.314061787003));
#441 = CARTESIAN_POINT('',(0.219775540633,3.315189790948));
#442 = CARTESIAN_POINT('',(0.146773960366,3.316009916718));
#443 = CARTESIAN_POINT('',(7.356100531362E-02,3.316510957561));
#444 = CARTESIAN_POINT('',(2.45595811977E-02,3.316624790355));
#445 = CARTESIAN_POINT('',(0.,3.316624790355));
#446 = ( GEOMETRIC_REPRESENTATION_CONTEXT(2) 
PARAMETRIC_REPRESENTATION_CONTEXT() REPRESENTATION_CONTEXT('2D SPACE',''
  ) );
#447 = ORIENTED_EDGE('',*,*,#448,.F.);
#448 = EDGE_CURVE('',#449,#403,#451,.T.);
#449 = VERTEX_POINT('',#450);
#450 = CARTESIAN_POINT('',(-3.316624790355,3.05,-8.881784197001E-16));
#451 = SURFACE_CURVE('',#452,(#456),.PCURVE_S1.);
#452 = LINE('',#453,#454);
#453 = CARTESIAN_POINT('',(3.316624790355,3.05,1.7763568394E-15));
#454 = VECTOR('',#455,1.);
#455 = DIRECTION('',(1.,0.,2.22044604925E-16));
#456 = PCURVE('',#414,#457);
#457 = DEFINITIONAL_REPRESENTATION('',(#458),#462);
#458 = LINE('',#459,#460);
#459 = CARTESIAN_POINT('',(0.,3.316624790355));
#460 = VECTOR('',#461,1.);
#461 = DIRECTION('',(0.,1.));
#462 = ( GEOMETRIC_REPRESENTATION_CONTEXT(2) 
PARAMETRIC_REPRESENTATION_CONTEXT() REPRESENTATION_CONTEXT('2D SPACE',''
  ) );
#463 = ORIENTED_EDGE('',*,*,#464,.F.);
#464 = EDGE_CURVE('',#465,#449,#467,.T.);
#465 = VERTEX_POINT('',#466);
#466 = CARTESIAN_POINT('',(-3.25576411922,3.25,0.2));
#467 = SURFACE_CURVE('',#468,(#475),.PCURVE_S1.);
#468 = B_SPLINE_CURVE_WITH_KNOTS('',3,(#469,#470,#471,#472,#473,#474),
  .UNSPECIFIED.,.F.,.F.,(4,2,4),(-3.775275748586E-06,1.570336381714E-04,
    3.178425520914E-04),.UNSPECIFIED.);
#469 = CARTESIAN_POINT('',(-3.25576411922,3.25,0.2));
#470 = CARTESIAN_POINT('',(-3.271500631474,3.25,0.148756908083));
#471 = CARTESIAN_POINT('',(-3.287162422582,3.229376385233,
    9.734531034028E-02));
#472 = CARTESIAN_POINT('',(-3.309737906312,3.156502602771,
    2.288120232036E-02));
#473 = CARTESIAN_POINT('',(-3.316624790355,3.104038132491,0.));
#474 = CARTESIAN_POINT('',(-3.316624790355,3.05,-8.881784197001E-16));
#475 = PCURVE('',#414,#476);
#476 = DEFINITIONAL_REPRESENTATION('',(#477),#503);
#477 = B_SPLINE_CURVE_WITH_KNOTS('',3,(#478,#479,#480,#481,#482,#483,
    #484,#485,#486,#487,#488,#489,#490,#491,#492,#493,#494,#495,#496,
    #497,#498,#499,#500,#501,#502),.UNSPECIFIED.,.F.,.F.,(4,1,1,1,1,1,1,
    1,1,1,1,1,1,1,1,1,1,1,1,1,1,1,4),(-3.775275748586E-06,
    1.084371642596E-05,2.546270860051E-05,4.008170077505E-05,
    5.47006929496E-05,6.931968512415E-05,8.393867729869E-05,
    9.855766947324E-05,1.131766616478E-04,1.277956538223E-04,
    1.424146459969E-04,1.570336381714E-04,1.71652630346E-04,
    1.862716225205E-04,2.008906146951E-04,2.155096068696E-04,
    2.301285990442E-04,2.447475912187E-04,2.593665833932E-04,
    2.739855755678E-04,2.886045677423E-04,3.032235599169E-04,
    3.178425520914E-04),.UNSPECIFIED.);
#478 = CARTESIAN_POINT('',(1.570796326795,-3.25576411922));
#479 = CARTESIAN_POINT('',(1.547506088204,-3.257194711243));
#480 = CARTESIAN_POINT('',(1.500903651839,-3.260054660229));
#481 = CARTESIAN_POINT('',(1.430910540662,-3.264321497633));
#482 = CARTESIAN_POINT('',(1.360795972283,-3.268545868075));
#483 = CARTESIAN_POINT('',(1.290557421351,-3.27270839064));
#484 = CARTESIAN_POINT('',(1.220203759172,-3.276789684517));
#485 = CARTESIAN_POINT('',(1.149751678026,-3.280770368503));
#486 = CARTESIAN_POINT('',(1.079217947638,-3.284631062869));
#487 = CARTESIAN_POINT('',(1.008612641912,-3.288352382376));
#488 = CARTESIAN_POINT('',(0.937932579263,-3.291914962345));
#489 = CARTESIAN_POINT('',(0.867154033945,-3.295299361375));
#490 = CARTESIAN_POINT('',(0.79623030806,-3.298486424393));
#491 = CARTESIAN_POINT('',(0.725073585399,-3.301455927732));
#492 = CARTESIAN_POINT('',(0.65363927247,-3.304195821888));
#493 = CARTESIAN_POINT('',(0.5819210417,-3.30669512595));
#494 = CARTESIAN_POINT('',(0.50993062112,-3.308942572682));
#495 = CARTESIAN_POINT('',(0.437693449667,-3.310926971566));
#496 = CARTESIAN_POINT('',(0.365239560965,-3.312637111528));
#497 = CARTESIAN_POINT('',(0.292595348281,-3.314061787003));
#498 = CARTESIAN_POINT('',(0.219775540633,-3.315189790948));
#499 = CARTESIAN_POINT('',(0.146773960366,-3.316009916718));
#500 = CARTESIAN_POINT('',(7.356100531362E-02,-3.316510957561));
#501 = CARTESIAN_POINT('',(2.45595811977E-02,-3.316624790355));
#502 = CARTESIAN_POINT('',(0.,-3.316624790355));
#503 = ( GEOMETRIC_REPRESENTATION_CONTEXT(2) 
PARAMETRIC_REPRESENTATION_CONTEXT() REPRESENTATION_CONTEXT('2D SPACE',''
  ) );
#504 = ORIENTED_EDGE('',*,*,#505,.F.);
#505 = EDGE_CURVE('',#401,#465,#506,.T.);
#506 = SURFACE_CURVE('',#507,(#511),.PCURVE_S1.);
#507 = LINE('',#508,#509);
#508 = CARTESIAN_POINT('',(-3.316624790355,3.25,0.2));
#509 = VECTOR('',#510,1.);
#510 = DIRECTION('',(-1.,0.,-2.22044604925E-16));
#511 = PCURVE('',#414,#512);
#512 = DEFINITIONAL_REPRESENTATION('',(#513),#517);
#513 = LINE('',#514,#515);
#514 = CARTESIAN_POINT('',(1.570796326795,-3.316624790355));
#515 = VECTOR('',#516,1.);
#516 = DIRECTION('',(0.,-1.));
#517 = ( GEOMETRIC_REPRESENTATION_CONTEXT(2) 
PARAMETRIC_REPRESENTATION_CONTEXT() REPRESENTATION_CONTEXT('2D SPACE',''
  ) );
#518 = SHELL_BASED_SURFACE_MODEL('',(#519));
#519 = OPEN_SHELL('',(#520));
#520 = ADVANCED_FACE('',(#521),#538,.T.);
#521 = FACE_BOUND('',#522,.T.);
#522 = EDGE_LOOP('',(#523,#571,#588,#605,#646));
#523 = ORIENTED_EDGE('',*,*,#524,.T.);
#524 = EDGE_CURVE('',#525,#527,#529,.T.);
#525 = VERTEX_POINT('',#526);
#526 = CARTESIAN_POINT('',(-3.25576411922,3.25,0.2));
#527 = VERTEX_POINT('',#528);
#528 = CARTESIAN_POINT('',(-3.316624790355,3.05,-8.881784197001E-16));
#529 = SURFACE_CURVE('',#530,(#537),.PCURVE_S1.);
#530 = B_SPLINE_CURVE_WITH_KNOTS('',3,(#531,#532,#533,#534,#535,#536),
  .UNSPECIFIED.,.F.,.F.,(4,2,4),(-3.775275748586E-06,1.570336381714E-04,
    3.178425520914E-04),.UNSPECIFIED.);
#531 = CARTESIAN_POINT('',(-3.25576411922,3.25,0.2));
#532 = CARTESIAN_POINT('',(-3.271500631474,3.25,0.148756908083));
#533 = CARTESIAN_POINT('',(-3.287162422582,3.229376385233,
    9.734531034028E-02));
#534 = CARTESIAN_POINT('',(-3.309737906312,3.156502602771,
    2.288120232036E-02));
#535 = CARTESIAN_POINT('',(-3.316624790355,3.104038132491,0.));
#536 = CARTESIAN_POINT('',(-3.316624790355,3.05,-8.881784197001E-16));
#537 = PCURVE('',#538,#543);
#538 = TOROIDAL_SURFACE('',#539,5.8,0.2);
#539 = AXIS2_PLACEMENT_3D('',#540,#541,#542);
#540 = CARTESIAN_POINT('',(0.,3.05,5.));
#541 = DIRECTION('',(0.,1.,0.));
#542 = DIRECTION('',(1.,0.,2.22044604925E-16));
#543 = DEFINITIONAL_REPRESENTATION('',(#544),#570);
#544 = B_SPLINE_CURVE_WITH_KNOTS('',3,(#545,#546,#547,#548,#549,#550,
    #551,#552,#553,#554,#555,#556,#557,#558,#559,#560,#561,#562,#563,
    #564,#565,#566,#567,#568,#569),.UNSPECIFIED.,.F.,.F.,(4,1,1,1,1,1,1,
    1,1,1,1,1,1,1,1,1,1,1,1,1,1,1,4),(-3.775275748586E-06,
    1.084371642596E-05,2.546270860051E-05,4.008170077505E-05,
    5.47006929496E-05,6.931968512415E-05,8.393867729869E-05,
    9.855766947324E-05,1.131766616478E-04,1.277956538223E-04,
    1.424146459969E-04,1.570336381714E-04,1.71652630346E-04,
    1.862716225205E-04,2.008906146951E-04,2.155096068696E-04,
    2.301285990442E-04,2.447475912187E-04,2.593665833932E-04,
    2.739855755678E-04,2.886045677423E-04,3.032235599169E-04,
    3.178425520914E-04),.UNSPECIFIED.);
#545 = CARTESIAN_POINT('',(2.166798765982,1.570796326795));
#546 = CARTESIAN_POINT('',(2.166552030076,1.547506796633));
#547 = CARTESIAN_POINT('',(2.166059321962,1.500906254295));
#548 = CARTESIAN_POINT('',(2.165325927757,1.430916515381));
#549 = CARTESIAN_POINT('',(2.164601603274,1.360804826435));
#550 = CARTESIAN_POINT('',(2.163889663162,1.290568071215));
#551 = CARTESIAN_POINT('',(2.163193368238,1.22021482273));
#552 = CARTESIAN_POINT('',(2.162515920953,1.149761784548));
#553 = CARTESIAN_POINT('',(2.161860470783,1.079225999211));
#554 = CARTESIAN_POINT('',(2.161230121488,1.008618005306));
#555 = CARTESIAN_POINT('',(2.160627924606,0.937935252579));
#556 = CARTESIAN_POINT('',(2.160056929595,0.867154549711));
#557 = CARTESIAN_POINT('',(2.159520024547,0.79623022926));
#558 = CARTESIAN_POINT('',(2.159020561242,0.725073384832));
#559 = CARTESIAN_POINT('',(2.158560571682,0.653638292998));
#560 = CARTESIAN_POINT('',(2.158141607391,0.58191939445));
#561 = CARTESIAN_POINT('',(2.157765362126,0.509928535292));
#562 = CARTESIAN_POINT('',(2.157433511142,0.437691292871));
#563 = CARTESIAN_POINT('',(2.157147760606,0.365237683188));
#564 = CARTESIAN_POINT('',(2.156909841145,0.29259399494));
#565 = CARTESIAN_POINT('',(2.156721516073,0.21977478584));
#566 = CARTESIAN_POINT('',(2.156584588257,0.146773700282));
#567 = CARTESIAN_POINT('',(2.156500899357,7.356098940678E-02));
#568 = CARTESIAN_POINT('',(2.156481874938,2.455959787021E-02));
#569 = CARTESIAN_POINT('',(2.156481870252,0.));
#570 = ( GEOMETRIC_REPRESENTATION_CONTEXT(2) 
PARAMETRIC_REPRESENTATION_CONTEXT() REPRESENTATION_CONTEXT('2D SPACE',''
  ) );
#571 = ORIENTED_EDGE('',*,*,#572,.F.);
#572 = EDGE_CURVE('',#573,#527,#575,.T.);
#573 = VERTEX_POINT('',#574);
#574 = CARTESIAN_POINT('',(-6.,3.05,5.));
#575 = SURFACE_CURVE('',#576,(#581),.PCURVE_S1.);
#576 = CIRCLE('',#577,6.);
#577 = AXIS2_PLACEMENT_3D('',#578,#579,#580);
#578 = CARTESIAN_POINT('',(0.,3.05,5.));
#579 = DIRECTION('',(0.,-1.,0.));
#580 = DIRECTION('',(1.,0.,2.22044604925E-16));
#581 = PCURVE('',#538,#582);
#582 = DEFINITIONAL_REPRESENTATION('',(#583),#587);
#583 = LINE('',#584,#585);
#584 = CARTESIAN_POINT('',(6.28318530718,0.));
#585 = VECTOR('',#586,1.);
#586 = DIRECTION('',(-1.,0.));
#587 = ( GEOMETRIC_REPRESENTATION_CONTEXT(2) 
PARAMETRIC_REPRESENTATION_CONTEXT() REPRESENTATION_CONTEXT('2D SPACE',''
  ) );
#588 = ORIENTED_EDGE('',*,*,#589,.F.);
#589 = EDGE_CURVE('',#590,#573,#592,.T.);
#590 = VERTEX_POINT('',#591);
#591 = CARTESIAN_POINT('',(-3.316624790355,3.05,10.));
#592 = SURFACE_CURVE('',#593,(#598),.PCURVE_S1.);
#593 = CIRCLE('',#594,6.);
#594 = AXIS2_PLACEMENT_3D('',#595,#596,#597);
#595 = CARTESIAN_POINT('',(0.,3.05,5.));
#596 = DIRECTION('',(0.,-1.,0.));
#597 = DIRECTION('',(1.,0.,2.22044604925E-16));
#598 = PCURVE('',#538,#599);
#599 = DEFINITIONAL_REPRESENTATION('',(#600),#604);
#600 = LINE('',#601,#602);
#601 = CARTESIAN_POINT('',(6.28318530718,0.));
#602 = VECTOR('',#603,1.);
#603 = DIRECTION('',(-1.,0.));
#604 = ( GEOMETRIC_REPRESENTATION_CONTEXT(2) 
PARAMETRIC_REPRESENTATION_CONTEXT() REPRESENTATION_CONTEXT('2D SPACE',''
  ) );
#605 = ORIENTED_EDGE('',*,*,#606,.T.);
#606 = EDGE_CURVE('',#590,#607,#609,.T.);
#607 = VERTEX_POINT('',#608);
#608 = CARTESIAN_POINT('',(-3.25576411922,3.25,9.8));
#609 = SURFACE_CURVE('',#610,(#617),.PCURVE_S1.);
#610 = B_SPLINE_CURVE_WITH_KNOTS('',3,(#611,#612,#613,#614,#615,#616),
  .UNSPECIFIED.,.F.,.F.,(4,2,4),(0.,1.597835320181E-04,
    3.195670640363E-04),.UNSPECIFIED.);
#611 = CARTESIAN_POINT('',(-3.316624790355,3.05,10.));
#612 = CARTESIAN_POINT('',(-3.316624790355,3.104042251793,10.));
#613 = CARTESIAN_POINT('',(-3.309736811979,3.156510505532,9.977115158938
    ));
#614 = CARTESIAN_POINT('',(-3.287158354015,3.229385147342,9.902641298839
    ));
#615 = CARTESIAN_POINT('',(-3.271400289183,3.25,9.850916345484));
#616 = CARTESIAN_POINT('',(-3.25576411922,3.25,9.8));
#617 = PCURVE('',#538,#618);
#618 = DEFINITIONAL_REPRESENTATION('',(#619),#645);
#619 = B_SPLINE_CURVE_WITH_KNOTS('',3,(#620,#621,#622,#623,#624,#625,
    #626,#627,#628,#629,#630,#631,#632,#633,#634,#635,#636,#637,#638,
    #639,#640,#641,#642,#643,#644),.UNSPECIFIED.,.F.,.F.,(4,1,1,1,1,1,1,
    1,1,1,1,1,1,1,1,1,1,1,1,1,1,1,4),(0.,1.452577563801E-05,
    2.905155127603E-05,4.357732691404E-05,5.810310255205E-05,
    7.262887819007E-05,8.715465382808E-05,1.016804294661E-04,
    1.162062051041E-04,1.307319807421E-04,1.452577563801E-04,
    1.597835320181E-04,1.743093076562E-04,1.888350832942E-04,
    2.033608589322E-04,2.178866345702E-04,2.324124102082E-04,
    2.469381858462E-04,2.614639614842E-04,2.759897371223E-04,
    2.905155127603E-04,3.050412883983E-04,3.195670640363E-04),
  .QUASI_UNIFORM_KNOTS.);
#620 = CARTESIAN_POINT('',(4.126703436928,0.));
#621 = CARTESIAN_POINT('',(4.12670343224,2.456146912011E-02));
#622 = CARTESIAN_POINT('',(4.126684404795,7.356657984287E-02));
#623 = CARTESIAN_POINT('',(4.126600702815,0.146784820475));
#624 = CARTESIAN_POINT('',(4.126463753917,0.219791412377));
#625 = CARTESIAN_POINT('',(4.126275400261,0.292616113597));
#626 = CARTESIAN_POINT('',(4.126037445271,0.365265275981));
#627 = CARTESIAN_POINT('',(4.125751652572,0.437724346492));
#628 = CARTESIAN_POINT('',(4.125419753954,0.509966977026));
#629 = CARTESIAN_POINT('',(4.125043453555,0.58196331514));
#630 = CARTESIAN_POINT('',(4.124624436493,0.653687113779));
#631 = CARTESIAN_POINT('',(4.124164361997,0.725128981402));
#632 = CARTESIAN_POINT('',(4.123664912727,0.796285301212));
#633 = CARTESIAN_POINT('',(4.123127633572,0.867236069709));
#634 = CARTESIAN_POINT('',(4.122555597512,0.938098176985));
#635 = CARTESIAN_POINT('',(4.121952034512,1.008896500125));
#636 = CARTESIAN_POINT('',(4.121320173281,1.079640482797));
#637 = CARTESIAN_POINT('',(4.120663292521,1.15031204225));
#638 = CARTESIAN_POINT('',(4.1199847152,1.220878033442));
#639 = CARTESIAN_POINT('',(4.119287817464,1.291296837044));
#640 = CARTESIAN_POINT('',(4.11857603205,1.361526565589));
#641 = CARTESIAN_POINT('',(4.117852855047,1.431533985023));
#642 = CARTESIAN_POINT('',(4.11712184055,1.501298744284));
#643 = CARTESIAN_POINT('',(4.116631704224,1.547655571171));
#644 = CARTESIAN_POINT('',(4.116386541197,1.570796326795));
#645 = ( GEOMETRIC_REPRESENTATION_CONTEXT(2) 
PARAMETRIC_REPRESENTATION_CONTEXT() REPRESENTATION_CONTEXT('2D SPACE',''
  ) );
#646 = ORIENTED_EDGE('',*,*,#647,.F.);
#647 = EDGE_CURVE('',#525,#607,#648,.T.);
#648 = SURFACE_CURVE('',#649,(#654),.PCURVE_S1.);
#649 = CIRCLE('',#650,5.8);
#650 = AXIS2_PLACEMENT_3D('',#651,#652,#653);
#651 = CARTESIAN_POINT('',(0.,3.25,5.));
#652 = DIRECTION('',(-0.,1.,0.));
#653 = DIRECTION('',(1.,0.,2.22044604925E-16));
#654 = PCURVE('',#538,#655);
#655 = DEFINITIONAL_REPRESENTATION('',(#656),#660);
#656 = LINE('',#657,#658);
#657 = CARTESIAN_POINT('',(0.,1.570796326795));
#658 = VECTOR('',#659,1.);
#659 = DIRECTION('',(1.,-7.972517340513E-16));
#660 = ( GEOMETRIC_REPRESENTATION_CONTEXT(2) 
PARAMETRIC_REPRESENTATION_CONTEXT() REPRESENTATION_CONTEXT('2D SPACE',''
  ) );
#661 = SHELL_BASED_SURFACE_MODEL('',(#662));
#662 = OPEN_SHELL('',(#663));
#663 = ADVANCED_FACE('',(#664),#678,.F.);
#664 = FACE_BOUND('',#665,.T.);
#665 = EDGE_LOOP('',(#666,#689,#705,#721,#737,#753,#769,#785));
#666 = ORIENTED_EDGE('',*,*,#667,.T.);
#667 = EDGE_CURVE('',#668,#670,#672,.T.);
#668 = VERTEX_POINT('',#669);
#669 = CARTESIAN_POINT('',(-3.316624790355,-11.85,10.));
#670 = VERTEX_POINT('',#671);
#671 = CARTESIAN_POINT('',(-0.75,-11.85,10.));
#672 = SURFACE_CURVE('',#673,(#677),.PCURVE_S1.);
#673 = LINE('',#674,#675);
#674 = CARTESIAN_POINT('',(-3.316624790355,-11.85,10.));
#675 = VECTOR('',#676,1.);
#676 = DIRECTION('',(1.,0.,2.22044604925E-16));
#677 = PCURVE('',#678,#683);
#678 = PLANE('',#679);
#679 = AXIS2_PLACEMENT_3D('',#680,#681,#682);
#680 = CARTESIAN_POINT('',(-3.316624790355,3.25,10.));
#681 = DIRECTION('',(2.22044604925E-16,0.,-1.));
#682 = DIRECTION('',(-1.,0.,-2.22044604925E-16));
#683 = DEFINITIONAL_REPRESENTATION('',(#684),#688);
#684 = LINE('',#685,#686);
#685 = CARTESIAN_POINT('',(0.,-15.1));
#686 = VECTOR('',#687,1.);
#687 = DIRECTION('',(-1.,0.));
#688 = ( GEOMETRIC_REPRESENTATION_CONTEXT(2) 
PARAMETRIC_REPRESENTATION_CONTEXT() REPRESENTATION_CONTEXT('2D SPACE',''
  ) );
#689 = ORIENTED_EDGE('',*,*,#690,.F.);
#690 = EDGE_CURVE('',#691,#670,#693,.T.);
#691 = VERTEX_POINT('',#692);
#692 = CARTESIAN_POINT('',(-0.75,-10.85,10.));
#693 = SURFACE_CURVE('',#694,(#698),.PCURVE_S1.);
#694 = LINE('',#695,#696);
#695 = CARTESIAN_POINT('',(-0.75,-11.85,10.));
#696 = VECTOR('',#697,1.);
#697 = DIRECTION('',(-0.,-1.,0.));
#698 = PCURVE('',#678,#699);
#699 = DEFINITIONAL_REPRESENTATION('',(#700),#704);
#700 = LINE('',#701,#702);
#701 = CARTESIAN_POINT('',(-2.566624790355,-15.1));
#702 = VECTOR('',#703,1.);
#703 = DIRECTION('',(0.,-1.));
#704 = ( GEOMETRIC_REPRESENTATION_CONTEXT(2) 
PARAMETRIC_REPRESENTATION_CONTEXT() REPRESENTATION_CONTEXT('2D SPACE',''
  ) );
#705 = ORIENTED_EDGE('',*,*,#706,.F.);
#706 = EDGE_CURVE('',#707,#691,#709,.T.);
#707 = VERTEX_POINT('',#708);
#708 = CARTESIAN_POINT('',(0.75,-10.85,10.));
#709 = SURFACE_CURVE('',#710,(#714),.PCURVE_S1.);
#710 = LINE('',#711,#712);
#711 = CARTESIAN_POINT('',(-0.75,-10.85,10.));
#712 = VECTOR('',#713,1.);
#713 = DIRECTION('',(-1.,-0.,-2.22044604925E-16));
#714 = PCURVE('',#678,#715);
#715 = DEFINITIONAL_REPRESENTATION('',(#716),#720);
#716 = LINE('',#717,#718);
#717 = CARTESIAN_POINT('',(-2.566624790355,-14.1));
#718 = VECTOR('',#719,1.);
#719 = DIRECTION('',(1.,0.));
#720 = ( GEOMETRIC_REPRESENTATION_CONTEXT(2) 
PARAMETRIC_REPRESENTATION_CONTEXT() REPRESENTATION_CONTEXT('2D SPACE',''
  ) );
#721 = ORIENTED_EDGE('',*,*,#722,.F.);
#722 = EDGE_CURVE('',#723,#707,#725,.T.);
#723 = VERTEX_POINT('',#724);
#724 = CARTESIAN_POINT('',(0.75,-11.85,10.));
#725 = SURFACE_CURVE('',#726,(#730),.PCURVE_S1.);
#726 = LINE('',#727,#728);
#727 = CARTESIAN_POINT('',(0.75,-11.85,10.));
#728 = VECTOR('',#729,1.);
#729 = DIRECTION('',(0.,1.,0.));
#730 = PCURVE('',#678,#731);
#731 = DEFINITIONAL_REPRESENTATION('',(#732),#736);
#732 = LINE('',#733,#734);
#733 = CARTESIAN_POINT('',(-4.066624790355,-15.1));
#734 = VECTOR('',#735,1.);
#735 = DIRECTION('',(0.,1.));
#736 = ( GEOMETRIC_REPRESENTATION_CONTEXT(2) 
PARAMETRIC_REPRESENTATION_CONTEXT() REPRESENTATION_CONTEXT('2D SPACE',''
  ) );
#737 = ORIENTED_EDGE('',*,*,#738,.T.);
#738 = EDGE_CURVE('',#723,#739,#741,.T.);
#739 = VERTEX_POINT('',#740);
#740 = CARTESIAN_POINT('',(3.316624790355,-11.85,10.));
#741 = SURFACE_CURVE('',#742,(#746),.PCURVE_S1.);
#742 = LINE('',#743,#744);
#743 = CARTESIAN_POINT('',(-3.316624790355,-11.85,10.));
#744 = VECTOR('',#745,1.);
#745 = DIRECTION('',(1.,0.,2.22044604925E-16));
#746 = PCURVE('',#678,#747);
#747 = DEFINITIONAL_REPRESENTATION('',(#748),#752);
#748 = LINE('',#749,#750);
#749 = CARTESIAN_POINT('',(0.,-15.1));
#750 = VECTOR('',#751,1.);
#751 = DIRECTION('',(-1.,0.));
#752 = ( GEOMETRIC_REPRESENTATION_CONTEXT(2) 
PARAMETRIC_REPRESENTATION_CONTEXT() REPRESENTATION_CONTEXT('2D SPACE',''
  ) );
#753 = ORIENTED_EDGE('',*,*,#754,.F.);
#754 = EDGE_CURVE('',#755,#739,#757,.T.);
#755 = VERTEX_POINT('',#756);
#756 = CARTESIAN_POINT('',(3.316624790355,3.05,10.));
#757 = SURFACE_CURVE('',#758,(#762),.PCURVE_S1.);
#758 = LINE('',#759,#760);
#759 = CARTESIAN_POINT('',(3.316624790355,3.25,10.));
#760 = VECTOR('',#761,1.);
#761 = DIRECTION('',(-0.,-1.,0.));
#762 = PCURVE('',#678,#763);
#763 = DEFINITIONAL_REPRESENTATION('',(#764),#768);
#764 = LINE('',#765,#766);
#765 = CARTESIAN_POINT('',(-6.633249580711,0.));
#766 = VECTOR('',#767,1.);
#767 = DIRECTION('',(0.,-1.));
#768 = ( GEOMETRIC_REPRESENTATION_CONTEXT(2) 
PARAMETRIC_REPRESENTATION_CONTEXT() REPRESENTATION_CONTEXT('2D SPACE',''
  ) );
#769 = ORIENTED_EDGE('',*,*,#770,.T.);
#770 = EDGE_CURVE('',#755,#771,#773,.T.);
#771 = VERTEX_POINT('',#772);
#772 = CARTESIAN_POINT('',(-3.316624790355,3.05,10.));
#773 = SURFACE_CURVE('',#774,(#778),.PCURVE_S1.);
#774 = LINE('',#775,#776);
#775 = CARTESIAN_POINT('',(-3.316624790355,3.05,10.));
#776 = VECTOR('',#777,1.);
#777 = DIRECTION('',(-1.,0.,-2.22044604925E-16));
#778 = PCURVE('',#678,#779);
#779 = DEFINITIONAL_REPRESENTATION('',(#780),#784);
#780 = LINE('',#781,#782);
#781 = CARTESIAN_POINT('',(0.,-0.2));
#782 = VECTOR('',#783,1.);
#783 = DIRECTION('',(1.,-0.));
#784 = ( GEOMETRIC_REPRESENTATION_CONTEXT(2) 
PARAMETRIC_REPRESENTATION_CONTEXT() REPRESENTATION_CONTEXT('2D SPACE',''
  ) );
#785 = ORIENTED_EDGE('',*,*,#786,.T.);
#786 = EDGE_CURVE('',#771,#668,#787,.T.);
#787 = SURFACE_CURVE('',#788,(#792),.PCURVE_S1.);
#788 = LINE('',#789,#790);
#789 = CARTESIAN_POINT('',(-3.316624790355,3.25,10.));
#790 = VECTOR('',#791,1.);
#791 = DIRECTION('',(-0.,-1.,0.));
#792 = PCURVE('',#678,#793);
#793 = DEFINITIONAL_REPRESENTATION('',(#794),#798);
#794 = LINE('',#795,#796);
#795 = CARTESIAN_POINT('',(0.,0.));
#796 = VECTOR('',#797,1.);
#797 = DIRECTION('',(0.,-1.));
#798 = ( GEOMETRIC_REPRESENTATION_CONTEXT(2) 
PARAMETRIC_REPRESENTATION_CONTEXT() REPRESENTATION_CONTEXT('2D SPACE',''
  ) );
#799 = SHELL_BASED_SURFACE_MODEL('',(#800));
#800 = OPEN_SHELL('',(#801));
#801 = ADVANCED_FACE('',(#802),#816,.T.);
#802 = FACE_BOUND('',#803,.T.);
#803 = EDGE_LOOP('',(#804,#827,#844,#860));
#804 = ORIENTED_EDGE('',*,*,#805,.F.);
#805 = EDGE_CURVE('',#806,#808,#810,.T.);
#806 = VERTEX_POINT('',#807);
#807 = CARTESIAN_POINT('',(-6.,3.05,5.));
#808 = VERTEX_POINT('',#809);
#809 = CARTESIAN_POINT('',(-6.,-11.85,5.));
#810 = SURFACE_CURVE('',#811,(#815),.PCURVE_S1.);
#811 = LINE('',#812,#813);
#812 = CARTESIAN_POINT('',(-6.,3.25,5.));
#813 = VECTOR('',#814,1.);
#814 = DIRECTION('',(-0.,-1.,0.));
#815 = PCURVE('',#816,#821);
#816 = CYLINDRICAL_SURFACE('',#817,6.);
#817 = AXIS2_PLACEMENT_3D('',#818,#819,#820);
#818 = CARTESIAN_POINT('',(0.,3.25,5.));
#819 = DIRECTION('',(-0.,-1.,0.));
#820 = DIRECTION('',(-1.,0.,-2.22044604925E-16));
#821 = DEFINITIONAL_REPRESENTATION('',(#822),#826);
#822 = LINE('',#823,#824);
#823 = CARTESIAN_POINT('',(0.,0.));
#824 = VECTOR('',#825,1.);
#825 = DIRECTION('',(0.,1.));
#826 = ( GEOMETRIC_REPRESENTATION_CONTEXT(2) 
PARAMETRIC_REPRESENTATION_CONTEXT() REPRESENTATION_CONTEXT('2D SPACE',''
  ) );
#827 = ORIENTED_EDGE('',*,*,#828,.T.);
#828 = EDGE_CURVE('',#806,#829,#831,.T.);
#829 = VERTEX_POINT('',#830);
#830 = CARTESIAN_POINT('',(-3.316624790355,3.05,-8.881784197001E-16));
#831 = SURFACE_CURVE('',#832,(#837),.PCURVE_S1.);
#832 = CIRCLE('',#833,6.);
#833 = AXIS2_PLACEMENT_3D('',#834,#835,#836);
#834 = CARTESIAN_POINT('',(0.,3.05,5.));
#835 = DIRECTION('',(0.,-1.,0.));
#836 = DIRECTION('',(1.,0.,2.22044604925E-16));
#837 = PCURVE('',#816,#838);
#838 = DEFINITIONAL_REPRESENTATION('',(#839),#843);
#839 = LINE('',#840,#841);
#840 = CARTESIAN_POINT('',(-3.14159265359,0.2));
#841 = VECTOR('',#842,1.);
#842 = DIRECTION('',(1.,0.));
#843 = ( GEOMETRIC_REPRESENTATION_CONTEXT(2) 
PARAMETRIC_REPRESENTATION_CONTEXT() REPRESENTATION_CONTEXT('2D SPACE',''
  ) );
#844 = ORIENTED_EDGE('',*,*,#845,.T.);
#845 = EDGE_CURVE('',#829,#846,#848,.T.);
#846 = VERTEX_POINT('',#847);
#847 = CARTESIAN_POINT('',(-3.316624790355,-11.85,-8.881784197001E-16));
#848 = SURFACE_CURVE('',#849,(#853),.PCURVE_S1.);
#849 = LINE('',#850,#851);
#850 = CARTESIAN_POINT('',(-3.316624790355,3.25,-8.881784197001E-16));
#851 = VECTOR('',#852,1.);
#852 = DIRECTION('',(-0.,-1.,0.));
#853 = PCURVE('',#816,#854);
#854 = DEFINITIONAL_REPRESENTATION('',(#855),#859);
#855 = LINE('',#856,#857);
#856 = CARTESIAN_POINT('',(0.985110783338,0.));
#857 = VECTOR('',#858,1.);
#858 = DIRECTION('',(0.,1.));
#859 = ( GEOMETRIC_REPRESENTATION_CONTEXT(2) 
PARAMETRIC_REPRESENTATION_CONTEXT() REPRESENTATION_CONTEXT('2D SPACE',''
  ) );
#860 = ORIENTED_EDGE('',*,*,#861,.T.);
#861 = EDGE_CURVE('',#846,#808,#862,.T.);
#862 = SURFACE_CURVE('',#863,(#868),.PCURVE_S1.);
#863 = CIRCLE('',#864,6.);
#864 = AXIS2_PLACEMENT_3D('',#865,#866,#867);
#865 = CARTESIAN_POINT('',(0.,-11.85,5.));
#866 = DIRECTION('',(-0.,1.,0.));
#867 = DIRECTION('',(1.,0.,2.22044604925E-16));
#868 = PCURVE('',#816,#869);
#869 = DEFINITIONAL_REPRESENTATION('',(#870),#874);
#870 = LINE('',#871,#872);
#871 = CARTESIAN_POINT('',(3.14159265359,15.1));
#872 = VECTOR('',#873,1.);
#873 = DIRECTION('',(-1.,0.));
#874 = ( GEOMETRIC_REPRESENTATION_CONTEXT(2) 
PARAMETRIC_REPRESENTATION_CONTEXT() REPRESENTATION_CONTEXT('2D SPACE',''
  ) );
#875 = SHELL_BASED_SURFACE_MODEL('',(#876));
#876 = OPEN_SHELL('',(#877));
#877 = ADVANCED_FACE('',(#878),#892,.F.);
#878 = FACE_BOUND('',#879,.T.);
#879 = EDGE_LOOP('',(#880,#903,#919,#935));
#880 = ORIENTED_EDGE('',*,*,#881,.F.);
#881 = EDGE_CURVE('',#882,#884,#886,.T.);
#882 = VERTEX_POINT('',#883);
#883 = CARTESIAN_POINT('',(-3.316624790355,3.05,-8.881784197001E-16));
#884 = VERTEX_POINT('',#885);
#885 = CARTESIAN_POINT('',(-3.316624790355,-11.85,-8.881784197001E-16));
#886 = SURFACE_CURVE('',#887,(#891),.PCURVE_S1.);
#887 = LINE('',#888,#889);
#888 = CARTESIAN_POINT('',(-3.316624790355,3.25,-8.881784197001E-16));
#889 = VECTOR('',#890,1.);
#890 = DIRECTION('',(-0.,-1.,0.));
#891 = PCURVE('',#892,#897);
#892 = PLANE('',#893);
#893 = AXIS2_PLACEMENT_3D('',#894,#895,#896);
#894 = CARTESIAN_POINT('',(-3.316624790355,3.25,0.));
#895 = DIRECTION('',(-2.22044604925E-16,0.,1.));
#896 = DIRECTION('',(1.,0.,2.22044604925E-16));
#897 = DEFINITIONAL_REPRESENTATION('',(#898),#902);
#898 = LINE('',#899,#900);
#899 = CARTESIAN_POINT('',(4.440892098501E-16,0.));
#900 = VECTOR('',#901,1.);
#901 = DIRECTION('',(0.,-1.));
#902 = ( GEOMETRIC_REPRESENTATION_CONTEXT(2) 
PARAMETRIC_REPRESENTATION_CONTEXT() REPRESENTATION_CONTEXT('2D SPACE',''
  ) );
#903 = ORIENTED_EDGE('',*,*,#904,.T.);
#904 = EDGE_CURVE('',#882,#905,#907,.T.);
#905 = VERTEX_POINT('',#906);
#906 = CARTESIAN_POINT('',(3.316624790355,3.05,1.7763568394E-15));
#907 = SURFACE_CURVE('',#908,(#912),.PCURVE_S1.);
#908 = LINE('',#909,#910);
#909 = CARTESIAN_POINT('',(3.316624790355,3.05,1.7763568394E-15));
#910 = VECTOR('',#911,1.);
#911 = DIRECTION('',(1.,0.,2.22044604925E-16));
#912 = PCURVE('',#892,#913);
#913 = DEFINITIONAL_REPRESENTATION('',(#914),#918);
#914 = LINE('',#915,#916);
#915 = CARTESIAN_POINT('',(6.633249580711,-0.2));
#916 = VECTOR('',#917,1.);
#917 = DIRECTION('',(1.,0.));
#918 = ( GEOMETRIC_REPRESENTATION_CONTEXT(2) 
PARAMETRIC_REPRESENTATION_CONTEXT() REPRESENTATION_CONTEXT('2D SPACE',''
  ) );
#919 = ORIENTED_EDGE('',*,*,#920,.T.);
#920 = EDGE_CURVE('',#905,#921,#923,.T.);
#921 = VERTEX_POINT('',#922);
#922 = CARTESIAN_POINT('',(3.316624790355,-11.85,1.7763568394E-15));
#923 = SURFACE_CURVE('',#924,(#928),.PCURVE_S1.);
#924 = LINE('',#925,#926);
#925 = CARTESIAN_POINT('',(3.316624790355,3.25,1.7763568394E-15));
#926 = VECTOR('',#927,1.);
#927 = DIRECTION('',(-0.,-1.,0.));
#928 = PCURVE('',#892,#929);
#929 = DEFINITIONAL_REPRESENTATION('',(#930),#934);
#930 = LINE('',#931,#932);
#931 = CARTESIAN_POINT('',(6.633249580711,0.));
#932 = VECTOR('',#933,1.);
#933 = DIRECTION('',(0.,-1.));
#934 = ( GEOMETRIC_REPRESENTATION_CONTEXT(2) 
PARAMETRIC_REPRESENTATION_CONTEXT() REPRESENTATION_CONTEXT('2D SPACE',''
  ) );
#935 = ORIENTED_EDGE('',*,*,#936,.T.);
#936 = EDGE_CURVE('',#921,#884,#937,.T.);
#937 = SURFACE_CURVE('',#938,(#942),.PCURVE_S1.);
#938 = LINE('',#939,#940);
#939 = CARTESIAN_POINT('',(-3.316624790355,-11.85,0.));
#940 = VECTOR('',#941,1.);
#941 = DIRECTION('',(-1.,-0.,-2.22044604925E-16));
#942 = PCURVE('',#892,#943);
#943 = DEFINITIONAL_REPRESENTATION('',(#944),#948);
#944 = LINE('',#945,#946);
#945 = CARTESIAN_POINT('',(0.,-15.1));
#946 = VECTOR('',#947,1.);
#947 = DIRECTION('',(-1.,0.));
#948 = ( GEOMETRIC_REPRESENTATION_CONTEXT(2) 
PARAMETRIC_REPRESENTATION_CONTEXT() REPRESENTATION_CONTEXT('2D SPACE',''
  ) );
#949 = SHELL_BASED_SURFACE_MODEL('',(#950));
#950 = OPEN_SHELL('',(#951));
#951 = ADVANCED_FACE('',(#952),#966,.T.);
#952 = FACE_BOUND('',#953,.T.);
#953 = EDGE_LOOP('',(#954,#977,#994,#1011,#1027));
#954 = ORIENTED_EDGE('',*,*,#955,.F.);
#955 = EDGE_CURVE('',#956,#958,#960,.T.);
#956 = VERTEX_POINT('',#957);
#957 = CARTESIAN_POINT('',(3.316624790355,3.05,1.7763568394E-15));
#958 = VERTEX_POINT('',#959);
#959 = CARTESIAN_POINT('',(3.316624790355,-11.85,1.7763568394E-15));
#960 = SURFACE_CURVE('',#961,(#965),.PCURVE_S1.);
#961 = LINE('',#962,#963);
#962 = CARTESIAN_POINT('',(3.316624790355,3.25,1.7763568394E-15));
#963 = VECTOR('',#964,1.);
#964 = DIRECTION('',(-0.,-1.,0.));
#965 = PCURVE('',#966,#971);
#966 = CYLINDRICAL_SURFACE('',#967,6.);
#967 = AXIS2_PLACEMENT_3D('',#968,#969,#970);
#968 = CARTESIAN_POINT('',(0.,3.25,5.));
#969 = DIRECTION('',(-0.,-1.,0.));
#970 = DIRECTION('',(-1.,0.,-2.22044604925E-16));
#971 = DEFINITIONAL_REPRESENTATION('',(#972),#976);
#972 = LINE('',#973,#974);
#973 = CARTESIAN_POINT('',(2.156481870252,0.));
#974 = VECTOR('',#975,1.);
#975 = DIRECTION('',(0.,1.));
#976 = ( GEOMETRIC_REPRESENTATION_CONTEXT(2) 
PARAMETRIC_REPRESENTATION_CONTEXT() REPRESENTATION_CONTEXT('2D SPACE',''
  ) );
#977 = ORIENTED_EDGE('',*,*,#978,.T.);
#978 = EDGE_CURVE('',#956,#979,#981,.T.);
#979 = VERTEX_POINT('',#980);
#980 = CARTESIAN_POINT('',(6.,3.05,5.));
#981 = SURFACE_CURVE('',#982,(#987),.PCURVE_S1.);
#982 = CIRCLE('',#983,6.);
#983 = AXIS2_PLACEMENT_3D('',#984,#985,#986);
#984 = CARTESIAN_POINT('',(0.,3.05,5.));
#985 = DIRECTION('',(0.,-1.,0.));
#986 = DIRECTION('',(1.,0.,2.22044604925E-16));
#987 = PCURVE('',#966,#988);
#988 = DEFINITIONAL_REPRESENTATION('',(#989),#993);
#989 = LINE('',#990,#991);
#990 = CARTESIAN_POINT('',(-3.14159265359,0.2));
#991 = VECTOR('',#992,1.);
#992 = DIRECTION('',(1.,0.));
#993 = ( GEOMETRIC_REPRESENTATION_CONTEXT(2) 
PARAMETRIC_REPRESENTATION_CONTEXT() REPRESENTATION_CONTEXT('2D SPACE',''
  ) );
#994 = ORIENTED_EDGE('',*,*,#995,.T.);
#995 = EDGE_CURVE('',#979,#996,#998,.T.);
#996 = VERTEX_POINT('',#997);
#997 = CARTESIAN_POINT('',(3.316624790355,3.05,10.));
#998 = SURFACE_CURVE('',#999,(#1004),.PCURVE_S1.);
#999 = CIRCLE('',#1000,6.);
#1000 = AXIS2_PLACEMENT_3D('',#1001,#1002,#1003);
#1001 = CARTESIAN_POINT('',(0.,3.05,5.));
#1002 = DIRECTION('',(0.,-1.,0.));
#1003 = DIRECTION('',(1.,0.,2.22044604925E-16));
#1004 = PCURVE('',#966,#1005);
#1005 = DEFINITIONAL_REPRESENTATION('',(#1006),#1010);
#1006 = LINE('',#1007,#1008);
#1007 = CARTESIAN_POINT('',(3.14159265359,0.2));
#1008 = VECTOR('',#1009,1.);
#1009 = DIRECTION('',(1.,0.));
#1010 = ( GEOMETRIC_REPRESENTATION_CONTEXT(2) 
PARAMETRIC_REPRESENTATION_CONTEXT() REPRESENTATION_CONTEXT('2D SPACE',''
  ) );
#1011 = ORIENTED_EDGE('',*,*,#1012,.T.);
#1012 = EDGE_CURVE('',#996,#1013,#1015,.T.);
#1013 = VERTEX_POINT('',#1014);
#1014 = CARTESIAN_POINT('',(3.316624790355,-11.85,10.));
#1015 = SURFACE_CURVE('',#1016,(#1020),.PCURVE_S1.);
#1016 = LINE('',#1017,#1018);
#1017 = CARTESIAN_POINT('',(3.316624790355,3.25,10.));
#1018 = VECTOR('',#1019,1.);
#1019 = DIRECTION('',(-0.,-1.,0.));
#1020 = PCURVE('',#966,#1021);
#1021 = DEFINITIONAL_REPRESENTATION('',(#1022),#1026);
#1022 = LINE('',#1023,#1024);
#1023 = CARTESIAN_POINT('',(4.126703436928,0.));
#1024 = VECTOR('',#1025,1.);
#1025 = DIRECTION('',(0.,1.));
#1026 = ( GEOMETRIC_REPRESENTATION_CONTEXT(2) 
PARAMETRIC_REPRESENTATION_CONTEXT() REPRESENTATION_CONTEXT('2D SPACE',''
  ) );
#1027 = ORIENTED_EDGE('',*,*,#1028,.T.);
#1028 = EDGE_CURVE('',#1013,#958,#1029,.T.);
#1029 = SURFACE_CURVE('',#1030,(#1035),.PCURVE_S1.);
#1030 = CIRCLE('',#1031,6.);
#1031 = AXIS2_PLACEMENT_3D('',#1032,#1033,#1034);
#1032 = CARTESIAN_POINT('',(0.,-11.85,5.));
#1033 = DIRECTION('',(-0.,1.,0.));
#1034 = DIRECTION('',(1.,0.,2.22044604925E-16));
#1035 = PCURVE('',#966,#1036);
#1036 = DEFINITIONAL_REPRESENTATION('',(#1037),#1041);
#1037 = LINE('',#1038,#1039);
#1038 = CARTESIAN_POINT('',(9.424777960769,15.1));
#1039 = VECTOR('',#1040,1.);
#1040 = DIRECTION('',(-1.,0.));
#1041 = ( GEOMETRIC_REPRESENTATION_CONTEXT(2) 
PARAMETRIC_REPRESENTATION_CONTEXT() REPRESENTATION_CONTEXT('2D SPACE',''
  ) );
#1042 = SHELL_BASED_SURFACE_MODEL('',(#1043));
#1043 = OPEN_SHELL('',(#1044));
#1044 = ADVANCED_FACE('',(#1045),#1060,.T.);
#1045 = FACE_BOUND('',#1046,.T.);
#1046 = EDGE_LOOP('',(#1047,#1071,#1088,#1129));
#1047 = ORIENTED_EDGE('',*,*,#1048,.F.);
#1048 = EDGE_CURVE('',#1049,#1051,#1053,.T.);
#1049 = VERTEX_POINT('',#1050);
#1050 = CARTESIAN_POINT('',(6.,3.05,5.));
#1051 = VERTEX_POINT('',#1052);
#1052 = CARTESIAN_POINT('',(5.8,3.25,5.));
#1053 = SURFACE_CURVE('',#1054,(#1059),.PCURVE_S1.);
#1054 = CIRCLE('',#1055,0.2);
#1055 = AXIS2_PLACEMENT_3D('',#1056,#1057,#1058);
#1056 = CARTESIAN_POINT('',(5.8,3.05,5.));
#1057 = DIRECTION('',(-2.22044604925E-16,0.,1.));
#1058 = DIRECTION('',(1.,0.,2.22044604925E-16));
#1059 = PCURVE('',#1060,#1065);
#1060 = TOROIDAL_SURFACE('',#1061,5.8,0.2);
#1061 = AXIS2_PLACEMENT_3D('',#1062,#1063,#1064);
#1062 = CARTESIAN_POINT('',(0.,3.05,5.));
#1063 = DIRECTION('',(0.,1.,0.));
#1064 = DIRECTION('',(1.,0.,2.22044604925E-16));
#1065 = DEFINITIONAL_REPRESENTATION('',(#1066),#1070);
#1066 = LINE('',#1067,#1068);
#1067 = CARTESIAN_POINT('',(0.,0.));
#1068 = VECTOR('',#1069,1.);
#1069 = DIRECTION('',(0.,1.));
#1070 = ( GEOMETRIC_REPRESENTATION_CONTEXT(2) 
PARAMETRIC_REPRESENTATION_CONTEXT() REPRESENTATION_CONTEXT('2D SPACE',''
  ) );
#1071 = ORIENTED_EDGE('',*,*,#1072,.F.);
#1072 = EDGE_CURVE('',#1073,#1049,#1075,.T.);
#1073 = VERTEX_POINT('',#1074);
#1074 = CARTESIAN_POINT('',(3.316624790355,3.05,1.7763568394E-15));
#1075 = SURFACE_CURVE('',#1076,(#1081),.PCURVE_S1.);
#1076 = CIRCLE('',#1077,6.);
#1077 = AXIS2_PLACEMENT_3D('',#1078,#1079,#1080);
#1078 = CARTESIAN_POINT('',(0.,3.05,5.));
#1079 = DIRECTION('',(0.,-1.,0.));
#1080 = DIRECTION('',(1.,0.,2.22044604925E-16));
#1081 = PCURVE('',#1060,#1082);
#1082 = DEFINITIONAL_REPRESENTATION('',(#1083),#1087);
#1083 = LINE('',#1084,#1085);
#1084 = CARTESIAN_POINT('',(6.28318530718,0.));
#1085 = VECTOR('',#1086,1.);
#1086 = DIRECTION('',(-1.,0.));
#1087 = ( GEOMETRIC_REPRESENTATION_CONTEXT(2) 
PARAMETRIC_REPRESENTATION_CONTEXT() REPRESENTATION_CONTEXT('2D SPACE',''
  ) );
#1088 = ORIENTED_EDGE('',*,*,#1089,.F.);
#1089 = EDGE_CURVE('',#1090,#1073,#1092,.T.);
#1090 = VERTEX_POINT('',#1091);
#1091 = CARTESIAN_POINT('',(3.25576411922,3.25,0.2));
#1092 = SURFACE_CURVE('',#1093,(#1100),.PCURVE_S1.);
#1093 = B_SPLINE_CURVE_WITH_KNOTS('',3,(#1094,#1095,#1096,#1097,#1098,
    #1099),.UNSPECIFIED.,.F.,.F.,(4,2,4),(-3.775275748586E-06,
    1.570336381714E-04,3.178425520914E-04),.UNSPECIFIED.);
#1094 = CARTESIAN_POINT('',(3.25576411922,3.25,0.2));
#1095 = CARTESIAN_POINT('',(3.271500631474,3.25,0.148756908083));
#1096 = CARTESIAN_POINT('',(3.287162422582,3.229376385233,
    9.734531034028E-02));
#1097 = CARTESIAN_POINT('',(3.309737906312,3.156502602771,
    2.288120232036E-02));
#1098 = CARTESIAN_POINT('',(3.316624790355,3.104038132491,
    1.7763568394E-15));
#1099 = CARTESIAN_POINT('',(3.316624790355,3.05,1.7763568394E-15));
#1100 = PCURVE('',#1060,#1101);
#1101 = DEFINITIONAL_REPRESENTATION('',(#1102),#1128);
#1102 = B_SPLINE_CURVE_WITH_KNOTS('',3,(#1103,#1104,#1105,#1106,#1107,
    #1108,#1109,#1110,#1111,#1112,#1113,#1114,#1115,#1116,#1117,#1118,
    #1119,#1120,#1121,#1122,#1123,#1124,#1125,#1126,#1127),
  .UNSPECIFIED.,.F.,.F.,(4,1,1,1,1,1,1,1,1,1,1,1,1,1,1,1,1,1,1,1,1,1,4),
  (-3.775275748586E-06,1.084371642596E-05,2.546270860051E-05,
    4.008170077505E-05,5.47006929496E-05,6.931968512415E-05,
    8.393867729869E-05,9.855766947324E-05,1.131766616478E-04,
    1.277956538223E-04,1.424146459969E-04,1.570336381714E-04,
    1.71652630346E-04,1.862716225205E-04,2.008906146951E-04,
    2.155096068696E-04,2.301285990442E-04,2.447475912187E-04,
    2.593665833932E-04,2.739855755678E-04,2.886045677423E-04,
    3.032235599169E-04,3.178425520914E-04),.UNSPECIFIED.);
#1103 = CARTESIAN_POINT('',(0.974793887607,1.570796326795));
#1104 = CARTESIAN_POINT('',(0.975040623514,1.547506796633));
#1105 = CARTESIAN_POINT('',(0.975533331628,1.500906254295));
#1106 = CARTESIAN_POINT('',(0.976266725833,1.430916515381));
#1107 = CARTESIAN_POINT('',(0.976991050315,1.360804826435));
#1108 = CARTESIAN_POINT('',(0.977702990428,1.290568071215));
#1109 = CARTESIAN_POINT('',(0.978399285352,1.22021482273));
#1110 = CARTESIAN_POINT('',(0.979076732637,1.149761784548));
#1111 = CARTESIAN_POINT('',(0.979732182807,1.079225999211));
#1112 = CARTESIAN_POINT('',(0.980362532102,1.008618005306));
#1113 = CARTESIAN_POINT('',(0.980964728983,0.937935252579));
#1114 = CARTESIAN_POINT('',(0.981535723994,0.867154549711));
#1115 = CARTESIAN_POINT('',(0.982072629043,0.79623022926));
#1116 = CARTESIAN_POINT('',(0.982572092348,0.725073384832));
#1117 = CARTESIAN_POINT('',(0.983032081908,0.653638292998));
#1118 = CARTESIAN_POINT('',(0.983451046199,0.58191939445));
#1119 = CARTESIAN_POINT('',(0.983827291464,0.509928535292));
#1120 = CARTESIAN_POINT('',(0.984159142448,0.437691292871));
#1121 = CARTESIAN_POINT('',(0.984444892984,0.365237683188));
#1122 = CARTESIAN_POINT('',(0.984682812445,0.292593994941));
#1123 = CARTESIAN_POINT('',(0.984871137517,0.21977478584));
#1124 = CARTESIAN_POINT('',(0.985008065333,0.146773700282));
#1125 = CARTESIAN_POINT('',(0.985091754232,7.356098940678E-02));
#1126 = CARTESIAN_POINT('',(0.985110778651,2.455959787021E-02));
#1127 = CARTESIAN_POINT('',(0.985110783338,0.));
#1128 = ( GEOMETRIC_REPRESENTATION_CONTEXT(2) 
PARAMETRIC_REPRESENTATION_CONTEXT() REPRESENTATION_CONTEXT('2D SPACE',''
  ) );
#1129 = ORIENTED_EDGE('',*,*,#1130,.F.);
#1130 = EDGE_CURVE('',#1051,#1090,#1131,.T.);
#1131 = SURFACE_CURVE('',#1132,(#1137),.PCURVE_S1.);
#1132 = CIRCLE('',#1133,5.8);
#1133 = AXIS2_PLACEMENT_3D('',#1134,#1135,#1136);
#1134 = CARTESIAN_POINT('',(0.,3.25,5.));
#1135 = DIRECTION('',(-0.,1.,0.));
#1136 = DIRECTION('',(1.,0.,2.22044604925E-16));
#1137 = PCURVE('',#1060,#1138);
#1138 = DEFINITIONAL_REPRESENTATION('',(#1139),#1143);
#1139 = LINE('',#1140,#1141);
#1140 = CARTESIAN_POINT('',(0.,1.570796326795));
#1141 = VECTOR('',#1142,1.);
#1142 = DIRECTION('',(1.,0.));
#1143 = ( GEOMETRIC_REPRESENTATION_CONTEXT(2) 
PARAMETRIC_REPRESENTATION_CONTEXT() REPRESENTATION_CONTEXT('2D SPACE',''
  ) );
#1144 = SHELL_BASED_SURFACE_MODEL('',(#1145));
#1145 = OPEN_SHELL('',(#1146));
#1146 = ADVANCED_FACE('',(#1147),#1164,.T.);
#1147 = FACE_BOUND('',#1148,.T.);
#1148 = EDGE_LOOP('',(#1149,#1197,#1213,#1254));
#1149 = ORIENTED_EDGE('',*,*,#1150,.T.);
#1150 = EDGE_CURVE('',#1151,#1153,#1155,.T.);
#1151 = VERTEX_POINT('',#1152);
#1152 = CARTESIAN_POINT('',(3.316624790355,3.05,10.));
#1153 = VERTEX_POINT('',#1154);
#1154 = CARTESIAN_POINT('',(3.25576411922,3.25,9.8));
#1155 = SURFACE_CURVE('',#1156,(#1163),.PCURVE_S1.);
#1156 = B_SPLINE_CURVE_WITH_KNOTS('',3,(#1157,#1158,#1159,#1160,#1161,
    #1162),.UNSPECIFIED.,.F.,.F.,(4,2,4),(0.,1.597835320181E-04,
    3.195670640363E-04),.UNSPECIFIED.);
#1157 = CARTESIAN_POINT('',(3.316624790355,3.05,10.));
#1158 = CARTESIAN_POINT('',(3.316624790355,3.104042251793,10.));
#1159 = CARTESIAN_POINT('',(3.309736811979,3.156510505532,9.977115158938
    ));
#1160 = CARTESIAN_POINT('',(3.287158354015,3.229385147342,9.902641298839
    ));
#1161 = CARTESIAN_POINT('',(3.271400289183,3.25,9.850916345484));
#1162 = CARTESIAN_POINT('',(3.25576411922,3.25,9.8));
#1163 = PCURVE('',#1164,#1169);
#1164 = CYLINDRICAL_SURFACE('',#1165,0.2);
#1165 = AXIS2_PLACEMENT_3D('',#1166,#1167,#1168);
#1166 = CARTESIAN_POINT('',(-1.06581410364E-15,3.05,9.8));
#1167 = DIRECTION('',(-1.,0.,-2.22044604925E-16));
#1168 = DIRECTION('',(-2.22044604925E-16,0.,1.));
#1169 = DEFINITIONAL_REPRESENTATION('',(#1170),#1196);
#1170 = B_SPLINE_CURVE_WITH_KNOTS('',3,(#1171,#1172,#1173,#1174,#1175,
    #1176,#1177,#1178,#1179,#1180,#1181,#1182,#1183,#1184,#1185,#1186,
    #1187,#1188,#1189,#1190,#1191,#1192,#1193,#1194,#1195),
  .UNSPECIFIED.,.F.,.F.,(4,1,1,1,1,1,1,1,1,1,1,1,1,1,1,1,1,1,1,1,1,1,4),
  (0.,1.452577563801E-05,2.905155127603E-05,4.357732691404E-05,
    5.810310255205E-05,7.262887819007E-05,8.715465382808E-05,
    1.016804294661E-04,1.162062051041E-04,1.307319807421E-04,
    1.452577563801E-04,1.597835320181E-04,1.743093076562E-04,
    1.888350832942E-04,2.033608589322E-04,2.178866345702E-04,
    2.324124102082E-04,2.469381858462E-04,2.614639614842E-04,
    2.759897371223E-04,2.905155127603E-04,3.050412883983E-04,
    3.195670640363E-04),.QUASI_UNIFORM_KNOTS.);
#1171 = CARTESIAN_POINT('',(0.,-3.316624790355));
#1172 = CARTESIAN_POINT('',(2.456145244239E-02,-3.316624790355));
#1173 = CARTESIAN_POINT('',(7.356659575488E-02,-3.316510939474));
#1174 = CARTESIAN_POINT('',(0.146785080636,-3.316009820393));
#1175 = CARTESIAN_POINT('',(0.219792167387,-3.315189568463));
#1176 = CARTESIAN_POINT('',(0.292617467312,-3.314061393517));
#1177 = CARTESIAN_POINT('',(0.365267154264,-3.312636505661));
#1178 = CARTESIAN_POINT('',(0.437726503827,-3.310926113999));
#1179 = CARTESIAN_POINT('',(0.509969063418,-3.308941431358));
#1180 = CARTESIAN_POINT('',(0.581964962575,-3.306693656679));
#1181 = CARTESIAN_POINT('',(0.653688094202,-3.304194040727));
#1182 = CARTESIAN_POINT('',(0.725129179255,-3.301453640852));
#1183 = CARTESIAN_POINT('',(0.796285390304,-3.298484236246));
#1184 = CARTESIAN_POINT('',(0.867235515488,-3.295294912142));
#1185 = CARTESIAN_POINT('',(0.938095316611,-3.291904238382));
#1186 = CARTESIAN_POINT('',(1.008890770343,-3.28833347877));
#1187 = CARTESIAN_POINT('',(1.079631898052,-3.284603175266));
#1188 = CARTESIAN_POINT('',(1.150301292484,-3.280734063249));
#1189 = CARTESIAN_POINT('',(1.220866302341,-3.276746826269));
#1190 = CARTESIAN_POINT('',(1.291285591571,-3.272662161765));
#1191 = CARTESIAN_POINT('',(1.361517271309,-3.268500763453));
#1192 = CARTESIAN_POINT('',(1.43152777124,-3.26428332605));
#1193 = CARTESIAN_POINT('',(1.501296089155,-3.260030544));
#1194 = CARTESIAN_POINT('',(1.547654865577,-3.257185589217));
#1195 = CARTESIAN_POINT('',(1.570796326795,-3.25576411922));
#1196 = ( GEOMETRIC_REPRESENTATION_CONTEXT(2) 
PARAMETRIC_REPRESENTATION_CONTEXT() REPRESENTATION_CONTEXT('2D SPACE',''
  ) );
#1197 = ORIENTED_EDGE('',*,*,#1198,.F.);
#1198 = EDGE_CURVE('',#1199,#1153,#1201,.T.);
#1199 = VERTEX_POINT('',#1200);
#1200 = CARTESIAN_POINT('',(-3.25576411922,3.25,9.8));
#1201 = SURFACE_CURVE('',#1202,(#1206),.PCURVE_S1.);
#1202 = LINE('',#1203,#1204);
#1203 = CARTESIAN_POINT('',(3.316624790355,3.25,9.8));
#1204 = VECTOR('',#1205,1.);
#1205 = DIRECTION('',(1.,0.,2.22044604925E-16));
#1206 = PCURVE('',#1164,#1207);
#1207 = DEFINITIONAL_REPRESENTATION('',(#1208),#1212);
#1208 = LINE('',#1209,#1210);
#1209 = CARTESIAN_POINT('',(1.570796326795,-3.316624790355));
#1210 = VECTOR('',#1211,1.);
#1211 = DIRECTION('',(0.,-1.));
#1212 = ( GEOMETRIC_REPRESENTATION_CONTEXT(2) 
PARAMETRIC_REPRESENTATION_CONTEXT() REPRESENTATION_CONTEXT('2D SPACE',''
  ) );
#1213 = ORIENTED_EDGE('',*,*,#1214,.F.);
#1214 = EDGE_CURVE('',#1215,#1199,#1217,.T.);
#1215 = VERTEX_POINT('',#1216);
#1216 = CARTESIAN_POINT('',(-3.316624790355,3.05,10.));
#1217 = SURFACE_CURVE('',#1218,(#1225),.PCURVE_S1.);
#1218 = B_SPLINE_CURVE_WITH_KNOTS('',3,(#1219,#1220,#1221,#1222,#1223,
    #1224),.UNSPECIFIED.,.F.,.F.,(4,2,4),(0.,1.597835320181E-04,
    3.195670640363E-04),.UNSPECIFIED.);
#1219 = CARTESIAN_POINT('',(-3.316624790355,3.05,10.));
#1220 = CARTESIAN_POINT('',(-3.316624790355,3.104042251793,10.));
#1221 = CARTESIAN_POINT('',(-3.309736811979,3.156510505532,
    9.977115158938));
#1222 = CARTESIAN_POINT('',(-3.287158354015,3.229385147342,
    9.902641298839));
#1223 = CARTESIAN_POINT('',(-3.271400289183,3.25,9.850916345484));
#1224 = CARTESIAN_POINT('',(-3.25576411922,3.25,9.8));
#1225 = PCURVE('',#1164,#1226);
#1226 = DEFINITIONAL_REPRESENTATION('',(#1227),#1253);
#1227 = B_SPLINE_CURVE_WITH_KNOTS('',3,(#1228,#1229,#1230,#1231,#1232,
    #1233,#1234,#1235,#1236,#1237,#1238,#1239,#1240,#1241,#1242,#1243,
    #1244,#1245,#1246,#1247,#1248,#1249,#1250,#1251,#1252),
  .UNSPECIFIED.,.F.,.F.,(4,1,1,1,1,1,1,1,1,1,1,1,1,1,1,1,1,1,1,1,1,1,4),
  (0.,1.452577563801E-05,2.905155127603E-05,4.357732691404E-05,
    5.810310255205E-05,7.262887819007E-05,8.715465382808E-05,
    1.016804294661E-04,1.162062051041E-04,1.307319807421E-04,
    1.452577563801E-04,1.597835320181E-04,1.743093076562E-04,
    1.888350832942E-04,2.033608589322E-04,2.178866345702E-04,
    2.324124102082E-04,2.469381858462E-04,2.614639614842E-04,
    2.759897371223E-04,2.905155127603E-04,3.050412883983E-04,
    3.195670640363E-04),.QUASI_UNIFORM_KNOTS.);
#1228 = CARTESIAN_POINT('',(0.,3.316624790355));
#1229 = CARTESIAN_POINT('',(2.456145244239E-02,3.316624790355));
#1230 = CARTESIAN_POINT('',(7.356659575488E-02,3.316510939474));
#1231 = CARTESIAN_POINT('',(0.146785080636,3.316009820393));
#1232 = CARTESIAN_POINT('',(0.219792167387,3.315189568463));
#1233 = CARTESIAN_POINT('',(0.292617467312,3.314061393517));
#1234 = CARTESIAN_POINT('',(0.365267154264,3.312636505661));
#1235 = CARTESIAN_POINT('',(0.437726503827,3.310926113999));
#1236 = CARTESIAN_POINT('',(0.509969063418,3.308941431358));
#1237 = CARTESIAN_POINT('',(0.581964962575,3.306693656679));
#1238 = CARTESIAN_POINT('',(0.653688094202,3.304194040727));
#1239 = CARTESIAN_POINT('',(0.725129179255,3.301453640852));
#1240 = CARTESIAN_POINT('',(0.796285390304,3.298484236246));
#1241 = CARTESIAN_POINT('',(0.867235515488,3.295294912142));
#1242 = CARTESIAN_POINT('',(0.938095316611,3.291904238382));
#1243 = CARTESIAN_POINT('',(1.008890770343,3.28833347877));
#1244 = CARTESIAN_POINT('',(1.079631898052,3.284603175266));
#1245 = CARTESIAN_POINT('',(1.150301292484,3.280734063249));
#1246 = CARTESIAN_POINT('',(1.220866302341,3.276746826269));
#1247 = CARTESIAN_POINT('',(1.291285591571,3.272662161765));
#1248 = CARTESIAN_POINT('',(1.361517271309,3.268500763453));
#1249 = CARTESIAN_POINT('',(1.43152777124,3.26428332605));
#1250 = CARTESIAN_POINT('',(1.501296089155,3.260030544));
#1251 = CARTESIAN_POINT('',(1.547654865577,3.257185589217));
#1252 = CARTESIAN_POINT('',(1.570796326795,3.25576411922));
#1253 = ( GEOMETRIC_REPRESENTATION_CONTEXT(2) 
PARAMETRIC_REPRESENTATION_CONTEXT() REPRESENTATION_CONTEXT('2D SPACE',''
  ) );
#1254 = ORIENTED_EDGE('',*,*,#1255,.F.);
#1255 = EDGE_CURVE('',#1151,#1215,#1256,.T.);
#1256 = SURFACE_CURVE('',#1257,(#1261),.PCURVE_S1.);
#1257 = LINE('',#1258,#1259);
#1258 = CARTESIAN_POINT('',(-3.316624790355,3.05,10.));
#1259 = VECTOR('',#1260,1.);
#1260 = DIRECTION('',(-1.,0.,-2.22044604925E-16));
#1261 = PCURVE('',#1164,#1262);
#1262 = DEFINITIONAL_REPRESENTATION('',(#1263),#1267);
#1263 = LINE('',#1264,#1265);
#1264 = CARTESIAN_POINT('',(0.,3.316624790355));
#1265 = VECTOR('',#1266,1.);
#1266 = DIRECTION('',(0.,1.));
#1267 = ( GEOMETRIC_REPRESENTATION_CONTEXT(2) 
PARAMETRIC_REPRESENTATION_CONTEXT() REPRESENTATION_CONTEXT('2D SPACE',''
  ) );
#1268 = SHELL_BASED_SURFACE_MODEL('',(#1269));
#1269 = OPEN_SHELL('',(#1270));
#1270 = ADVANCED_FACE('',(#1271,#1312),#1286,.T.);
#1271 = FACE_BOUND('',#1272,.T.);
#1272 = EDGE_LOOP('',(#1273,#1297));
#1273 = ORIENTED_EDGE('',*,*,#1274,.T.);
#1274 = EDGE_CURVE('',#1275,#1277,#1279,.T.);
#1275 = VERTEX_POINT('',#1276);
#1276 = CARTESIAN_POINT('',(4.522749488124,3.35,3.153524202221));
#1277 = VERTEX_POINT('',#1278);
#1278 = CARTESIAN_POINT('',(3.072807134202,3.35,1.241021347242));
#1279 = SURFACE_CURVE('',#1280,(#1285),.PCURVE_S1.);
#1280 = CIRCLE('',#1281,1.2);
#1281 = AXIS2_PLACEMENT_3D('',#1282,#1283,#1284);
#1282 = CARTESIAN_POINT('',(3.797778311163,3.35,2.197272774731));
#1283 = DIRECTION('',(0.,-1.,0.));
#1284 = DIRECTION('',(0.604142647468,0.,0.796876189575));
#1285 = PCURVE('',#1286,#1291);
#1286 = PLANE('',#1287);
#1287 = AXIS2_PLACEMENT_3D('',#1288,#1289,#1290);
#1288 = CARTESIAN_POINT('',(2.841526883673,3.35,2.922243951693));
#1289 = DIRECTION('',(0.,-1.,0.));
#1290 = DIRECTION('',(0.604142647468,0.,0.796876189575));
#1291 = DEFINITIONAL_REPRESENTATION('',(#1292),#1296);
#1292 = CIRCLE('',#1293,1.2);
#1293 = AXIS2_PLACEMENT_2D('',#1294,#1295);
#1294 = CARTESIAN_POINT('',(1.36047442595E-16,-1.2));
#1295 = DIRECTION('',(1.,-9.69966125146E-17));
#1296 = ( GEOMETRIC_REPRESENTATION_CONTEXT(2) 
PARAMETRIC_REPRESENTATION_CONTEXT() REPRESENTATION_CONTEXT('2D SPACE',''
  ) );
#1297 = ORIENTED_EDGE('',*,*,#1298,.T.);
#1298 = EDGE_CURVE('',#1277,#1275,#1299,.T.);
#1299 = SURFACE_CURVE('',#1300,(#1305),.PCURVE_S1.);
#1300 = CIRCLE('',#1301,1.2);
#1301 = AXIS2_PLACEMENT_3D('',#1302,#1303,#1304);
#1302 = CARTESIAN_POINT('',(3.797778311163,3.35,2.197272774731));
#1303 = DIRECTION('',(0.,-1.,0.));
#1304 = DIRECTION('',(0.604142647468,0.,0.796876189575));
#1305 = PCURVE('',#1286,#1306);
#1306 = DEFINITIONAL_REPRESENTATION('',(#1307),#1311);
#1307 = CIRCLE('',#1308,1.2);
#1308 = AXIS2_PLACEMENT_2D('',#1309,#1310);
#1309 = CARTESIAN_POINT('',(1.36047442595E-16,-1.2));
#1310 = DIRECTION('',(1.,-9.69966125146E-17));
#1311 = ( GEOMETRIC_REPRESENTATION_CONTEXT(2) 
PARAMETRIC_REPRESENTATION_CONTEXT() REPRESENTATION_CONTEXT('2D SPACE',''
  ) );
#1312 = FACE_BOUND('',#1313,.T.);
#1313 = EDGE_LOOP('',(#1314,#1333));
#1314 = ORIENTED_EDGE('',*,*,#1315,.F.);
#1315 = EDGE_CURVE('',#1316,#1318,#1320,.T.);
#1316 = VERTEX_POINT('',#1317);
#1317 = CARTESIAN_POINT('',(4.235781730577,3.35,2.775008012173));
#1318 = VERTEX_POINT('',#1319);
#1319 = CARTESIAN_POINT('',(3.359774891749,3.35,1.61953753729));
#1320 = SURFACE_CURVE('',#1321,(#1326),.PCURVE_S1.);
#1321 = CIRCLE('',#1322,0.725);
#1322 = AXIS2_PLACEMENT_3D('',#1323,#1324,#1325);
#1323 = CARTESIAN_POINT('',(3.797778311163,3.35,2.197272774731));
#1324 = DIRECTION('',(0.,-1.,0.));
#1325 = DIRECTION('',(0.604142647468,0.,0.796876189575));
#1326 = PCURVE('',#1286,#1327);
#1327 = DEFINITIONAL_REPRESENTATION('',(#1328),#1332);
#1328 = CIRCLE('',#1329,0.725);
#1329 = AXIS2_PLACEMENT_2D('',#1330,#1331);
#1330 = CARTESIAN_POINT('',(1.36047442595E-16,-1.2));
#1331 = DIRECTION('',(1.,3.349499292115E-16));
#1332 = ( GEOMETRIC_REPRESENTATION_CONTEXT(2) 
PARAMETRIC_REPRESENTATION_CONTEXT() REPRESENTATION_CONTEXT('2D SPACE',''
  ) );
#1333 = ORIENTED_EDGE('',*,*,#1334,.F.);
#1334 = EDGE_CURVE('',#1318,#1316,#1335,.T.);
#1335 = SURFACE_CURVE('',#1336,(#1341),.PCURVE_S1.);
#1336 = CIRCLE('',#1337,0.725);
#1337 = AXIS2_PLACEMENT_3D('',#1338,#1339,#1340);
#1338 = CARTESIAN_POINT('',(3.797778311163,3.35,2.197272774731));
#1339 = DIRECTION('',(0.,-1.,0.));
#1340 = DIRECTION('',(0.604142647468,0.,0.796876189575));
#1341 = PCURVE('',#1286,#1342);
#1342 = DEFINITIONAL_REPRESENTATION('',(#1343),#1347);
#1343 = CIRCLE('',#1344,0.725);
#1344 = AXIS2_PLACEMENT_2D('',#1345,#1346);
#1345 = CARTESIAN_POINT('',(1.36047442595E-16,-1.2));
#1346 = DIRECTION('',(1.,3.349499292115E-16));
#1347 = ( GEOMETRIC_REPRESENTATION_CONTEXT(2) 
PARAMETRIC_REPRESENTATION_CONTEXT() REPRESENTATION_CONTEXT('2D SPACE',''
  ) );
#1348 = SHELL_BASED_SURFACE_MODEL('',(#1349));
#1349 = OPEN_SHELL('',(#1350));
#1350 = ADVANCED_FACE('',(#1351,#1392),#1366,.T.);
#1351 = FACE_BOUND('',#1352,.T.);
#1352 = EDGE_LOOP('',(#1353,#1377));
#1353 = ORIENTED_EDGE('',*,*,#1354,.T.);
#1354 = EDGE_CURVE('',#1355,#1357,#1359,.T.);
#1355 = VERTEX_POINT('',#1356);
#1356 = CARTESIAN_POINT('',(-3.085220542027,3.35,8.768264084039));
#1357 = VERTEX_POINT('',#1358);
#1358 = CARTESIAN_POINT('',(-4.510336080299,3.35,6.837190366498));
#1359 = SURFACE_CURVE('',#1360,(#1365),.PCURVE_S1.);
#1360 = CIRCLE('',#1361,1.2);
#1361 = AXIS2_PLACEMENT_3D('',#1362,#1363,#1364);
#1362 = CARTESIAN_POINT('',(-3.797778311163,3.35,7.802727225269));
#1363 = DIRECTION('',(0.,-1.,0.));
#1364 = DIRECTION('',(0.593798140947,0.,0.804614048975));
#1365 = PCURVE('',#1366,#1371);
#1366 = PLANE('',#1367);
#1367 = AXIS2_PLACEMENT_3D('',#1368,#1369,#1370);
#1368 = CARTESIAN_POINT('',(-4.763315169933,3.35,8.515284994405));
#1369 = DIRECTION('',(0.,-1.,0.));
#1370 = DIRECTION('',(0.593798140947,0.,0.804614048975));
#1371 = DEFINITIONAL_REPRESENTATION('',(#1372),#1376);
#1372 = CIRCLE('',#1373,1.2);
#1373 = AXIS2_PLACEMENT_2D('',#1374,#1375);
#1374 = CARTESIAN_POINT('',(-1.837937364077E-16,-1.2));
#1375 = DIRECTION('',(1.,-7.577124090363E-18));
#1376 = ( GEOMETRIC_REPRESENTATION_CONTEXT(2) 
PARAMETRIC_REPRESENTATION_CONTEXT() REPRESENTATION_CONTEXT('2D SPACE',''
  ) );
#1377 = ORIENTED_EDGE('',*,*,#1378,.T.);
#1378 = EDGE_CURVE('',#1357,#1355,#1379,.T.);
#1379 = SURFACE_CURVE('',#1380,(#1385),.PCURVE_S1.);
#1380 = CIRCLE('',#1381,1.2);
#1381 = AXIS2_PLACEMENT_3D('',#1382,#1383,#1384);
#1382 = CARTESIAN_POINT('',(-3.797778311163,3.35,7.802727225269));
#1383 = DIRECTION('',(0.,-1.,0.));
#1384 = DIRECTION('',(0.593798140947,0.,0.804614048975));
#1385 = PCURVE('',#1366,#1386);
#1386 = DEFINITIONAL_REPRESENTATION('',(#1387),#1391);
#1387 = CIRCLE('',#1388,1.2);
#1388 = AXIS2_PLACEMENT_2D('',#1389,#1390);
#1389 = CARTESIAN_POINT('',(-1.837937364077E-16,-1.2));
#1390 = DIRECTION('',(1.,-7.577124090363E-18));
#1391 = ( GEOMETRIC_REPRESENTATION_CONTEXT(2) 
PARAMETRIC_REPRESENTATION_CONTEXT() REPRESENTATION_CONTEXT('2D SPACE',''
  ) );
#1392 = FACE_BOUND('',#1393,.T.);
#1393 = EDGE_LOOP('',(#1394,#1413));
#1394 = ORIENTED_EDGE('',*,*,#1395,.F.);
#1395 = EDGE_CURVE('',#1396,#1398,#1400,.T.);
#1396 = VERTEX_POINT('',#1397);
#1397 = CARTESIAN_POINT('',(-3.367274658976,3.35,8.386072410776));
#1398 = VERTEX_POINT('',#1399);
#1399 = CARTESIAN_POINT('',(-4.228281963349,3.35,7.219382039762));
#1400 = SURFACE_CURVE('',#1401,(#1406),.PCURVE_S1.);
#1401 = CIRCLE('',#1402,0.725);
#1402 = AXIS2_PLACEMENT_3D('',#1403,#1404,#1405);
#1403 = CARTESIAN_POINT('',(-3.797778311163,3.35,7.802727225269));
#1404 = DIRECTION('',(0.,-1.,0.));
#1405 = DIRECTION('',(0.593798140947,0.,0.804614048975));
#1406 = PCURVE('',#1366,#1407);
#1407 = DEFINITIONAL_REPRESENTATION('',(#1408),#1412);
#1408 = CIRCLE('',#1409,0.725);
#1409 = AXIS2_PLACEMENT_2D('',#1410,#1411);
#1410 = CARTESIAN_POINT('',(-1.837937364077E-16,-1.2));
#1411 = DIRECTION('',(1.,-9.690722840127E-17));
#1412 = ( GEOMETRIC_REPRESENTATION_CONTEXT(2) 
PARAMETRIC_REPRESENTATION_CONTEXT() REPRESENTATION_CONTEXT('2D SPACE',''
  ) );
#1413 = ORIENTED_EDGE('',*,*,#1414,.F.);
#1414 = EDGE_CURVE('',#1398,#1396,#1415,.T.);
#1415 = SURFACE_CURVE('',#1416,(#1421),.PCURVE_S1.);
#1416 = CIRCLE('',#1417,0.725);
#1417 = AXIS2_PLACEMENT_3D('',#1418,#1419,#1420);
#1418 = CARTESIAN_POINT('',(-3.797778311163,3.35,7.802727225269));
#1419 = DIRECTION('',(0.,-1.,0.));
#1420 = DIRECTION('',(0.593798140947,0.,0.804614048975));
#1421 = PCURVE('',#1366,#1422);
#1422 = DEFINITIONAL_REPRESENTATION('',(#1423),#1427);
#1423 = CIRCLE('',#1424,0.725);
#1424 = AXIS2_PLACEMENT_2D('',#1425,#1426);
#1425 = CARTESIAN_POINT('',(-1.837937364077E-16,-1.2));
#1426 = DIRECTION('',(1.,-9.690722840127E-17));
#1427 = ( GEOMETRIC_REPRESENTATION_CONTEXT(2) 
PARAMETRIC_REPRESENTATION_CONTEXT() REPRESENTATION_CONTEXT('2D SPACE',''
  ) );
#1428 = SHELL_BASED_SURFACE_MODEL('',(#1429));
#1429 = OPEN_SHELL('',(#1430));
#1430 = ADVANCED_FACE('',(#1431),#1445,.F.);
#1431 = FACE_BOUND('',#1432,.F.);
#1432 = EDGE_LOOP('',(#1433,#1478,#1495,#1511));
#1433 = ORIENTED_EDGE('',*,*,#1434,.T.);
#1434 = EDGE_CURVE('',#1435,#1437,#1439,.T.);
#1435 = VERTEX_POINT('',#1436);
#1436 = CARTESIAN_POINT('',(3.085220542027,3.55,1.231735915961));
#1437 = VERTEX_POINT('',#1438);
#1438 = CARTESIAN_POINT('',(2.907081099743,3.25,0.990351701269));
#1439 = SURFACE_CURVE('',#1440,(#1444),.PCURVE_S1.);
#1440 = LINE('',#1441,#1442);
#1441 = CARTESIAN_POINT('',(2.907081099743,3.25,0.990351701269));
#1442 = VECTOR('',#1443,1.);
#1443 = DIRECTION('',(-0.419878692119,-0.707106781187,-0.568948050268));
#1444 = PCURVE('',#1445,#1450);
#1445 = CONICAL_SURFACE('',#1446,1.5,0.785398163397);
#1446 = AXIS2_PLACEMENT_3D('',#1447,#1448,#1449);
#1447 = CARTESIAN_POINT('',(3.797778311163,3.25,2.197272774731));
#1448 = DIRECTION('',(0.,-1.,-0.));
#1449 = DIRECTION('',(-0.593798140947,0.,-0.804614048975));
#1450 = DEFINITIONAL_REPRESENTATION('',(#1451),#1477);
#1451 = B_SPLINE_CURVE_WITH_KNOTS('',3,(#1452,#1453,#1454,#1455,#1456,
    #1457,#1458,#1459,#1460,#1461,#1462,#1463,#1464,#1465,#1466,#1467,
    #1468,#1469,#1470,#1471,#1472,#1473,#1474,#1475,#1476),
  .UNSPECIFIED.,.F.,.F.,(4,1,1,1,1,1,1,1,1,1,1,1,1,1,1,1,1,1,1,1,1,1,4),
  (-0.424264068712,-0.404979338316,-0.38569460792,-0.366409877524,
    -0.347125147128,-0.327840416732,-0.308555686336,-0.28927095594,
    -0.269986225544,-0.250701495148,-0.231416764752,-0.212132034356,
    -0.19284730396,-0.173562573564,-0.154277843168,-0.134993112772,
    -0.115708382376,-9.642365197998E-02,-7.713892158399E-02,
    -5.785419118799E-02,-3.856946079199E-02,-1.9284730396E-02,0.),
  .QUASI_UNIFORM_KNOTS.);
#1452 = CARTESIAN_POINT('',(6.28318530718,-0.3));
#1453 = CARTESIAN_POINT('',(6.28318530718,-0.295454545455));
#1454 = CARTESIAN_POINT('',(6.28318530718,-0.286363636364));
#1455 = CARTESIAN_POINT('',(6.28318530718,-0.272727272727));
#1456 = CARTESIAN_POINT('',(6.28318530718,-0.259090909091));
#1457 = CARTESIAN_POINT('',(6.28318530718,-0.245454545455));
#1458 = CARTESIAN_POINT('',(6.28318530718,-0.231818181818));
#1459 = CARTESIAN_POINT('',(6.28318530718,-0.218181818182));
#1460 = CARTESIAN_POINT('',(6.28318530718,-0.204545454545));
#1461 = CARTESIAN_POINT('',(6.28318530718,-0.190909090909));
#1462 = CARTESIAN_POINT('',(6.28318530718,-0.177272727273));
#1463 = CARTESIAN_POINT('',(6.28318530718,-0.163636363636));
#1464 = CARTESIAN_POINT('',(6.28318530718,-0.15));
#1465 = CARTESIAN_POINT('',(6.28318530718,-0.136363636364));
#1466 = CARTESIAN_POINT('',(6.28318530718,-0.122727272727));
#1467 = CARTESIAN_POINT('',(6.28318530718,-0.109090909091));
#1468 = CARTESIAN_POINT('',(6.28318530718,-9.545454545455E-02));
#1469 = CARTESIAN_POINT('',(6.28318530718,-8.181818181818E-02));
#1470 = CARTESIAN_POINT('',(6.28318530718,-6.818181818182E-02));
#1471 = CARTESIAN_POINT('',(6.28318530718,-5.454545454545E-02));
#1472 = CARTESIAN_POINT('',(6.28318530718,-4.090909090909E-02));
#1473 = CARTESIAN_POINT('',(6.28318530718,-2.727272727273E-02));
#1474 = CARTESIAN_POINT('',(6.28318530718,-1.363636363636E-02));
#1475 = CARTESIAN_POINT('',(6.28318530718,-4.545454545454E-03));
#1476 = CARTESIAN_POINT('',(6.28318530718,0.));
#1477 = ( GEOMETRIC_REPRESENTATION_CONTEXT(2) 
PARAMETRIC_REPRESENTATION_CONTEXT() REPRESENTATION_CONTEXT('2D SPACE',''
  ) );
#1478 = ORIENTED_EDGE('',*,*,#1479,.T.);
#1479 = EDGE_CURVE('',#1437,#1480,#1482,.T.);
#1480 = VERTEX_POINT('',#1481);
#1481 = CARTESIAN_POINT('',(4.688475522583,3.25,3.404193848194));
#1482 = SURFACE_CURVE('',#1483,(#1488),.PCURVE_S1.);
#1483 = CIRCLE('',#1484,1.5);
#1484 = AXIS2_PLACEMENT_3D('',#1485,#1486,#1487);
#1485 = CARTESIAN_POINT('',(3.797778311163,3.25,2.197272774731));
#1486 = DIRECTION('',(-0.,1.,0.));
#1487 = DIRECTION('',(0.593798140947,0.,0.804614048975));
#1488 = PCURVE('',#1445,#1489);
#1489 = DEFINITIONAL_REPRESENTATION('',(#1490),#1494);
#1490 = LINE('',#1491,#1492);
#1491 = CARTESIAN_POINT('',(9.424777960769,7.771561172376E-16));
#1492 = VECTOR('',#1493,1.);
#1493 = DIRECTION('',(-1.,-7.067899292141E-17));
#1494 = ( GEOMETRIC_REPRESENTATION_CONTEXT(2) 
PARAMETRIC_REPRESENTATION_CONTEXT() REPRESENTATION_CONTEXT('2D SPACE',''
  ) );
#1495 = ORIENTED_EDGE('',*,*,#1496,.F.);
#1496 = EDGE_CURVE('',#1497,#1480,#1499,.T.);
#1497 = VERTEX_POINT('',#1498);
#1498 = CARTESIAN_POINT('',(4.510336080299,3.55,3.162809633502));
#1499 = SURFACE_CURVE('',#1500,(#1504),.PCURVE_S1.);
#1500 = LINE('',#1501,#1502);
#1501 = CARTESIAN_POINT('',(4.688475522583,3.25,3.404193848194));
#1502 = VECTOR('',#1503,1.);
#1503 = DIRECTION('',(0.419878692119,-0.707106781187,0.568948050268));
#1504 = PCURVE('',#1445,#1505);
#1505 = DEFINITIONAL_REPRESENTATION('',(#1506),#1510);
#1506 = LINE('',#1507,#1508);
#1507 = CARTESIAN_POINT('',(3.14159265359,2.355138688026E-16));
#1508 = VECTOR('',#1509,1.);
#1509 = DIRECTION('',(-1.480297366167E-15,1.));
#1510 = ( GEOMETRIC_REPRESENTATION_CONTEXT(2) 
PARAMETRIC_REPRESENTATION_CONTEXT() REPRESENTATION_CONTEXT('2D SPACE',''
  ) );
#1511 = ORIENTED_EDGE('',*,*,#1512,.T.);
#1512 = EDGE_CURVE('',#1497,#1435,#1513,.T.);
#1513 = SURFACE_CURVE('',#1514,(#1519),.PCURVE_S1.);
#1514 = CIRCLE('',#1515,1.2);
#1515 = AXIS2_PLACEMENT_3D('',#1516,#1517,#1518);
#1516 = CARTESIAN_POINT('',(3.797778311163,3.55,2.197272774731));
#1517 = DIRECTION('',(0.,-1.,0.));
#1518 = DIRECTION('',(0.593798140947,0.,0.804614048975));
#1519 = PCURVE('',#1445,#1520);
#1520 = DEFINITIONAL_REPRESENTATION('',(#1521),#1525);
#1521 = LINE('',#1522,#1523);
#1522 = CARTESIAN_POINT('',(3.14159265359,-0.3));
#1523 = VECTOR('',#1524,1.);
#1524 = DIRECTION('',(1.,-3.748319638662E-17));
#1525 = ( GEOMETRIC_REPRESENTATION_CONTEXT(2) 
PARAMETRIC_REPRESENTATION_CONTEXT() REPRESENTATION_CONTEXT('2D SPACE',''
  ) );
#1526 = SHELL_BASED_SURFACE_MODEL('',(#1527));
#1527 = OPEN_SHELL('',(#1528));
#1528 = ADVANCED_FACE('',(#1529),#1543,.F.);
#1529 = FACE_BOUND('',#1530,.F.);
#1530 = EDGE_LOOP('',(#1531,#1554,#1571,#1587));
#1531 = ORIENTED_EDGE('',*,*,#1532,.T.);
#1532 = EDGE_CURVE('',#1533,#1535,#1537,.T.);
#1533 = VERTEX_POINT('',#1534);
#1534 = CARTESIAN_POINT('',(-4.510336080299,3.55,6.837190366498));
#1535 = VERTEX_POINT('',#1536);
#1536 = CARTESIAN_POINT('',(-4.688475522583,3.25,6.595806151806));
#1537 = SURFACE_CURVE('',#1538,(#1542),.PCURVE_S1.);
#1538 = LINE('',#1539,#1540);
#1539 = CARTESIAN_POINT('',(-4.688475522583,3.25,6.595806151806));
#1540 = VECTOR('',#1541,1.);
#1541 = DIRECTION('',(-0.419878692119,-0.707106781187,-0.568948050268));
#1542 = PCURVE('',#1543,#1548);
#1543 = CONICAL_SURFACE('',#1544,1.5,0.785398163397);
#1544 = AXIS2_PLACEMENT_3D('',#1545,#1546,#1547);
#1545 = CARTESIAN_POINT('',(-3.797778311163,3.25,7.802727225269));
#1546 = DIRECTION('',(0.,-1.,-0.));
#1547 = DIRECTION('',(-0.593798140947,0.,-0.804614048975));
#1548 = DEFINITIONAL_REPRESENTATION('',(#1549),#1553);
#1549 = LINE('',#1550,#1551);
#1550 = CARTESIAN_POINT('',(6.28318530718,7.850462293419E-17));
#1551 = VECTOR('',#1552,1.);
#1552 = DIRECTION('',(0.,1.));
#1553 = ( GEOMETRIC_REPRESENTATION_CONTEXT(2) 
PARAMETRIC_REPRESENTATION_CONTEXT() REPRESENTATION_CONTEXT('2D SPACE',''
  ) );
#1554 = ORIENTED_EDGE('',*,*,#1555,.T.);
#1555 = EDGE_CURVE('',#1535,#1556,#1558,.T.);
#1556 = VERTEX_POINT('',#1557);
#1557 = CARTESIAN_POINT('',(-2.907081099743,3.25,9.009648298731));
#1558 = SURFACE_CURVE('',#1559,(#1564),.PCURVE_S1.);
#1559 = CIRCLE('',#1560,1.5);
#1560 = AXIS2_PLACEMENT_3D('',#1561,#1562,#1563);
#1561 = CARTESIAN_POINT('',(-3.797778311163,3.25,7.802727225269));
#1562 = DIRECTION('',(-0.,1.,0.));
#1563 = DIRECTION('',(0.593798140947,0.,0.804614048975));
#1564 = PCURVE('',#1543,#1565);
#1565 = DEFINITIONAL_REPRESENTATION('',(#1566),#1570);
#1566 = LINE('',#1567,#1568);
#1567 = CARTESIAN_POINT('',(9.424777960769,-3.330669073875E-16));
#1568 = VECTOR('',#1569,1.);
#1569 = DIRECTION('',(-1.,0.));
#1570 = ( GEOMETRIC_REPRESENTATION_CONTEXT(2) 
PARAMETRIC_REPRESENTATION_CONTEXT() REPRESENTATION_CONTEXT('2D SPACE',''
  ) );
#1571 = ORIENTED_EDGE('',*,*,#1572,.F.);
#1572 = EDGE_CURVE('',#1573,#1556,#1575,.T.);
#1573 = VERTEX_POINT('',#1574);
#1574 = CARTESIAN_POINT('',(-3.085220542027,3.55,8.768264084039));
#1575 = SURFACE_CURVE('',#1576,(#1580),.PCURVE_S1.);
#1576 = LINE('',#1577,#1578);
#1577 = CARTESIAN_POINT('',(-2.907081099743,3.25,9.009648298731));
#1578 = VECTOR('',#1579,1.);
#1579 = DIRECTION('',(0.419878692119,-0.707106781187,0.568948050268));
#1580 = PCURVE('',#1543,#1581);
#1581 = DEFINITIONAL_REPRESENTATION('',(#1582),#1586);
#1582 = LINE('',#1583,#1584);
#1583 = CARTESIAN_POINT('',(3.14159265359,2.747661802697E-16));
#1584 = VECTOR('',#1585,1.);
#1585 = DIRECTION('',(1.480297366167E-15,1.));
#1586 = ( GEOMETRIC_REPRESENTATION_CONTEXT(2) 
PARAMETRIC_REPRESENTATION_CONTEXT() REPRESENTATION_CONTEXT('2D SPACE',''
  ) );
#1587 = ORIENTED_EDGE('',*,*,#1588,.T.);
#1588 = EDGE_CURVE('',#1573,#1533,#1589,.T.);
#1589 = SURFACE_CURVE('',#1590,(#1595),.PCURVE_S1.);
#1590 = CIRCLE('',#1591,1.2);
#1591 = AXIS2_PLACEMENT_3D('',#1592,#1593,#1594);
#1592 = CARTESIAN_POINT('',(-3.797778311163,3.55,7.802727225269));
#1593 = DIRECTION('',(0.,-1.,0.));
#1594 = DIRECTION('',(0.593798140947,0.,0.804614048975));
#1595 = PCURVE('',#1543,#1596);
#1596 = DEFINITIONAL_REPRESENTATION('',(#1597),#1601);
#1597 = LINE('',#1598,#1599);
#1598 = CARTESIAN_POINT('',(3.14159265359,-0.3));
#1599 = VECTOR('',#1600,1.);
#1600 = DIRECTION('',(1.,0.));
#1601 = ( GEOMETRIC_REPRESENTATION_CONTEXT(2) 
PARAMETRIC_REPRESENTATION_CONTEXT() REPRESENTATION_CONTEXT('2D SPACE',''
  ) );
#1602 = SHELL_BASED_SURFACE_MODEL('',(#1603));
#1603 = OPEN_SHELL('',(#1604));
#1604 = ADVANCED_FACE('',(#1605),#1620,.T.);
#1605 = FACE_BOUND('',#1606,.T.);
#1606 = EDGE_LOOP('',(#1607,#1631,#1647,#1664));
#1607 = ORIENTED_EDGE('',*,*,#1608,.F.);
#1608 = EDGE_CURVE('',#1609,#1611,#1613,.T.);
#1609 = VERTEX_POINT('',#1610);
#1610 = CARTESIAN_POINT('',(-5.593798140947,4.05,0.199693475274));
#1611 = VERTEX_POINT('',#1612);
#1612 = CARTESIAN_POINT('',(-6.,4.05,1.004307524249));
#1613 = SURFACE_CURVE('',#1614,(#1619),.PCURVE_S1.);
#1614 = CIRCLE('',#1615,1.);
#1615 = AXIS2_PLACEMENT_3D('',#1616,#1617,#1618);
#1616 = CARTESIAN_POINT('',(-5.,4.05,1.004307524249));
#1617 = DIRECTION('',(-0.,1.,0.));
#1618 = DIRECTION('',(0.593798140947,0.,0.804614048975));
#1619 = PCURVE('',#1620,#1625);
#1620 = CYLINDRICAL_SURFACE('',#1621,1.);
#1621 = AXIS2_PLACEMENT_3D('',#1622,#1623,#1624);
#1622 = CARTESIAN_POINT('',(-5.,4.05,1.004307524249));
#1623 = DIRECTION('',(0.,-1.,0.));
#1624 = DIRECTION('',(-0.593798140947,0.,-0.804614048975));
#1625 = DEFINITIONAL_REPRESENTATION('',(#1626),#1630);
#1626 = LINE('',#1627,#1628);
#1627 = CARTESIAN_POINT('',(9.424777960769,0.));
#1628 = VECTOR('',#1629,1.);
#1629 = DIRECTION('',(-1.,0.));
#1630 = ( GEOMETRIC_REPRESENTATION_CONTEXT(2) 
PARAMETRIC_REPRESENTATION_CONTEXT() REPRESENTATION_CONTEXT('2D SPACE',''
  ) );
#1631 = ORIENTED_EDGE('',*,*,#1632,.T.);
#1632 = EDGE_CURVE('',#1609,#1633,#1635,.T.);
#1633 = VERTEX_POINT('',#1634);
#1634 = CARTESIAN_POINT('',(-5.593798140947,3.25,0.199693475274));
#1635 = SURFACE_CURVE('',#1636,(#1640),.PCURVE_S1.);
#1636 = LINE('',#1637,#1638);
#1637 = CARTESIAN_POINT('',(-5.593798140947,4.05,0.199693475274));
#1638 = VECTOR('',#1639,1.);
#1639 = DIRECTION('',(0.,-1.,0.));
#1640 = PCURVE('',#1620,#1641);
#1641 = DEFINITIONAL_REPRESENTATION('',(#1642),#1646);
#1642 = LINE('',#1643,#1644);
#1643 = CARTESIAN_POINT('',(6.28318530718,0.));
#1644 = VECTOR('',#1645,1.);
#1645 = DIRECTION('',(0.,1.));
#1646 = ( GEOMETRIC_REPRESENTATION_CONTEXT(2) 
PARAMETRIC_REPRESENTATION_CONTEXT() REPRESENTATION_CONTEXT('2D SPACE',''
  ) );
#1647 = ORIENTED_EDGE('',*,*,#1648,.F.);
#1648 = EDGE_CURVE('',#1649,#1633,#1651,.T.);
#1649 = VERTEX_POINT('',#1650);
#1650 = CARTESIAN_POINT('',(-6.,3.25,1.004307524249));
#1651 = SURFACE_CURVE('',#1652,(#1657),.PCURVE_S1.);
#1652 = CIRCLE('',#1653,1.);
#1653 = AXIS2_PLACEMENT_3D('',#1654,#1655,#1656);
#1654 = CARTESIAN_POINT('',(-5.,3.25,1.004307524249));
#1655 = DIRECTION('',(0.,-1.,0.));
#1656 = DIRECTION('',(0.593798140947,0.,0.804614048975));
#1657 = PCURVE('',#1620,#1658);
#1658 = DEFINITIONAL_REPRESENTATION('',(#1659),#1663);
#1659 = LINE('',#1660,#1661);
#1660 = CARTESIAN_POINT('',(3.14159265359,0.8));
#1661 = VECTOR('',#1662,1.);
#1662 = DIRECTION('',(1.,0.));
#1663 = ( GEOMETRIC_REPRESENTATION_CONTEXT(2) 
PARAMETRIC_REPRESENTATION_CONTEXT() REPRESENTATION_CONTEXT('2D SPACE',''
  ) );
#1664 = ORIENTED_EDGE('',*,*,#1665,.F.);
#1665 = EDGE_CURVE('',#1611,#1649,#1666,.T.);
#1666 = SURFACE_CURVE('',#1667,(#1671),.PCURVE_S1.);
#1667 = LINE('',#1668,#1669);
#1668 = CARTESIAN_POINT('',(-6.,4.05,1.004307524249));
#1669 = VECTOR('',#1670,1.);
#1670 = DIRECTION('',(0.,-1.,0.));
#1671 = PCURVE('',#1620,#1672);
#1672 = DEFINITIONAL_REPRESENTATION('',(#1673),#1677);
#1673 = LINE('',#1674,#1675);
#1674 = CARTESIAN_POINT('',(5.348160095569,0.));
#1675 = VECTOR('',#1676,1.);
#1676 = DIRECTION('',(0.,1.));
#1677 = ( GEOMETRIC_REPRESENTATION_CONTEXT(2) 
PARAMETRIC_REPRESENTATION_CONTEXT() REPRESENTATION_CONTEXT('2D SPACE',''
  ) );
#1678 = SHELL_BASED_SURFACE_MODEL('',(#1679));
#1679 = OPEN_SHELL('',(#1680));
#1680 = ADVANCED_FACE('',(#1681),#1695,.T.);
#1681 = FACE_BOUND('',#1682,.T.);
#1682 = EDGE_LOOP('',(#1683,#1706,#1723,#1739));
#1683 = ORIENTED_EDGE('',*,*,#1684,.F.);
#1684 = EDGE_CURVE('',#1685,#1687,#1689,.T.);
#1685 = VERTEX_POINT('',#1686);
#1686 = CARTESIAN_POINT('',(-5.593798140947,4.05,0.199693475274));
#1687 = VERTEX_POINT('',#1688);
#1688 = CARTESIAN_POINT('',(-5.593798140947,3.25,0.199693475274));
#1689 = SURFACE_CURVE('',#1690,(#1694),.PCURVE_S1.);
#1690 = LINE('',#1691,#1692);
#1691 = CARTESIAN_POINT('',(-5.593798140947,4.05,0.199693475274));
#1692 = VECTOR('',#1693,1.);
#1693 = DIRECTION('',(0.,-1.,0.));
#1694 = PCURVE('',#1695,#1700);
#1695 = CYLINDRICAL_SURFACE('',#1696,1.);
#1696 = AXIS2_PLACEMENT_3D('',#1697,#1698,#1699);
#1697 = CARTESIAN_POINT('',(-5.,4.05,1.004307524249));
#1698 = DIRECTION('',(0.,-1.,0.));
#1699 = DIRECTION('',(-0.593798140947,0.,-0.804614048975));
#1700 = DEFINITIONAL_REPRESENTATION('',(#1701),#1705);
#1701 = LINE('',#1702,#1703);
#1702 = CARTESIAN_POINT('',(0.,0.));
#1703 = VECTOR('',#1704,1.);
#1704 = DIRECTION('',(0.,1.));
#1705 = ( GEOMETRIC_REPRESENTATION_CONTEXT(2) 
PARAMETRIC_REPRESENTATION_CONTEXT() REPRESENTATION_CONTEXT('2D SPACE',''
  ) );
#1706 = ORIENTED_EDGE('',*,*,#1707,.F.);
#1707 = EDGE_CURVE('',#1708,#1685,#1710,.T.);
#1708 = VERTEX_POINT('',#1709);
#1709 = CARTESIAN_POINT('',(-5.,4.05,4.30752424879E-03));
#1710 = SURFACE_CURVE('',#1711,(#1716),.PCURVE_S1.);
#1711 = CIRCLE('',#1712,1.);
#1712 = AXIS2_PLACEMENT_3D('',#1713,#1714,#1715);
#1713 = CARTESIAN_POINT('',(-5.,4.05,1.004307524249));
#1714 = DIRECTION('',(-0.,1.,0.));
#1715 = DIRECTION('',(0.593798140947,0.,0.804614048975));
#1716 = PCURVE('',#1695,#1717);
#1717 = DEFINITIONAL_REPRESENTATION('',(#1718),#1722);
#1718 = LINE('',#1719,#1720);
#1719 = CARTESIAN_POINT('',(3.14159265359,0.));
#1720 = VECTOR('',#1721,1.);
#1721 = DIRECTION('',(-1.,0.));
#1722 = ( GEOMETRIC_REPRESENTATION_CONTEXT(2) 
PARAMETRIC_REPRESENTATION_CONTEXT() REPRESENTATION_CONTEXT('2D SPACE',''
  ) );
#1723 = ORIENTED_EDGE('',*,*,#1724,.F.);
#1724 = EDGE_CURVE('',#1725,#1708,#1727,.T.);
#1725 = VERTEX_POINT('',#1726);
#1726 = CARTESIAN_POINT('',(-5.,3.25,4.30752424879E-03));
#1727 = SURFACE_CURVE('',#1728,(#1732),.PCURVE_S1.);
#1728 = LINE('',#1729,#1730);
#1729 = CARTESIAN_POINT('',(-5.,4.05,4.30752424879E-03));
#1730 = VECTOR('',#1731,1.);
#1731 = DIRECTION('',(0.,1.,0.));
#1732 = PCURVE('',#1695,#1733);
#1733 = DEFINITIONAL_REPRESENTATION('',(#1734),#1738);
#1734 = LINE('',#1735,#1736);
#1735 = CARTESIAN_POINT('',(0.635771115184,0.));
#1736 = VECTOR('',#1737,1.);
#1737 = DIRECTION('',(0.,-1.));
#1738 = ( GEOMETRIC_REPRESENTATION_CONTEXT(2) 
PARAMETRIC_REPRESENTATION_CONTEXT() REPRESENTATION_CONTEXT('2D SPACE',''
  ) );
#1739 = ORIENTED_EDGE('',*,*,#1740,.F.);
#1740 = EDGE_CURVE('',#1687,#1725,#1741,.T.);
#1741 = SURFACE_CURVE('',#1742,(#1747),.PCURVE_S1.);
#1742 = CIRCLE('',#1743,1.);
#1743 = AXIS2_PLACEMENT_3D('',#1744,#1745,#1746);
#1744 = CARTESIAN_POINT('',(-5.,3.25,1.004307524249));
#1745 = DIRECTION('',(0.,-1.,0.));
#1746 = DIRECTION('',(0.593798140947,0.,0.804614048975));
#1747 = PCURVE('',#1695,#1748);
#1748 = DEFINITIONAL_REPRESENTATION('',(#1749),#1753);
#1749 = LINE('',#1750,#1751);
#1750 = CARTESIAN_POINT('',(-3.14159265359,0.8));
#1751 = VECTOR('',#1752,1.);
#1752 = DIRECTION('',(1.,0.));
#1753 = ( GEOMETRIC_REPRESENTATION_CONTEXT(2) 
PARAMETRIC_REPRESENTATION_CONTEXT() REPRESENTATION_CONTEXT('2D SPACE',''
  ) );
#1754 = SHELL_BASED_SURFACE_MODEL('',(#1755));
#1755 = OPEN_SHELL('',(#1756));
#1756 = ADVANCED_FACE('',(#1757),#1771,.F.);
#1757 = FACE_BOUND('',#1758,.T.);
#1758 = EDGE_LOOP('',(#1759,#1782,#1798,#1814));
#1759 = ORIENTED_EDGE('',*,*,#1760,.F.);
#1760 = EDGE_CURVE('',#1761,#1763,#1765,.T.);
#1761 = VERTEX_POINT('',#1762);
#1762 = CARTESIAN_POINT('',(-6.,4.05,1.004307524249));
#1763 = VERTEX_POINT('',#1764);
#1764 = CARTESIAN_POINT('',(-6.,4.05,9.004307524249));
#1765 = SURFACE_CURVE('',#1766,(#1770),.PCURVE_S1.);
#1766 = LINE('',#1767,#1768);
#1767 = CARTESIAN_POINT('',(-6.,4.05,4.307524248791E-03));
#1768 = VECTOR('',#1769,1.);
#1769 = DIRECTION('',(-3.885780586188E-16,0.,1.));
#1770 = PCURVE('',#1771,#1776);
#1771 = PLANE('',#1772);
#1772 = AXIS2_PLACEMENT_3D('',#1773,#1774,#1775);
#1773 = CARTESIAN_POINT('',(-6.,4.05,4.307524248791E-03));
#1774 = DIRECTION('',(1.,0.,3.330669073875E-16));
#1775 = DIRECTION('',(3.330669073875E-16,0.,-1.));
#1776 = DEFINITIONAL_REPRESENTATION('',(#1777),#1781);
#1777 = LINE('',#1778,#1779);
#1778 = CARTESIAN_POINT('',(0.,0.));
#1779 = VECTOR('',#1780,1.);
#1780 = DIRECTION('',(-1.,0.));
#1781 = ( GEOMETRIC_REPRESENTATION_CONTEXT(2) 
PARAMETRIC_REPRESENTATION_CONTEXT() REPRESENTATION_CONTEXT('2D SPACE',''
  ) );
#1782 = ORIENTED_EDGE('',*,*,#1783,.T.);
#1783 = EDGE_CURVE('',#1761,#1784,#1786,.T.);
#1784 = VERTEX_POINT('',#1785);
#1785 = CARTESIAN_POINT('',(-6.,3.25,1.004307524249));
#1786 = SURFACE_CURVE('',#1787,(#1791),.PCURVE_S1.);
#1787 = LINE('',#1788,#1789);
#1788 = CARTESIAN_POINT('',(-6.,4.05,1.004307524249));
#1789 = VECTOR('',#1790,1.);
#1790 = DIRECTION('',(0.,-1.,0.));
#1791 = PCURVE('',#1771,#1792);
#1792 = DEFINITIONAL_REPRESENTATION('',(#1793),#1797);
#1793 = LINE('',#1794,#1795);
#1794 = CARTESIAN_POINT('',(-1.,0.));
#1795 = VECTOR('',#1796,1.);
#1796 = DIRECTION('',(0.,-1.));
#1797 = ( GEOMETRIC_REPRESENTATION_CONTEXT(2) 
PARAMETRIC_REPRESENTATION_CONTEXT() REPRESENTATION_CONTEXT('2D SPACE',''
  ) );
#1798 = ORIENTED_EDGE('',*,*,#1799,.T.);
#1799 = EDGE_CURVE('',#1784,#1800,#1802,.T.);
#1800 = VERTEX_POINT('',#1801);
#1801 = CARTESIAN_POINT('',(-6.,3.25,9.004307524249));
#1802 = SURFACE_CURVE('',#1803,(#1807),.PCURVE_S1.);
#1803 = LINE('',#1804,#1805);
#1804 = CARTESIAN_POINT('',(-6.,3.25,4.307524248791E-03));
#1805 = VECTOR('',#1806,1.);
#1806 = DIRECTION('',(-3.885780586188E-16,0.,1.));
#1807 = PCURVE('',#1771,#1808);
#1808 = DEFINITIONAL_REPRESENTATION('',(#1809),#1813);
#1809 = LINE('',#1810,#1811);
#1810 = CARTESIAN_POINT('',(0.,-0.8));
#1811 = VECTOR('',#1812,1.);
#1812 = DIRECTION('',(-1.,0.));
#1813 = ( GEOMETRIC_REPRESENTATION_CONTEXT(2) 
PARAMETRIC_REPRESENTATION_CONTEXT() REPRESENTATION_CONTEXT('2D SPACE',''
  ) );
#1814 = ORIENTED_EDGE('',*,*,#1815,.T.);
#1815 = EDGE_CURVE('',#1800,#1763,#1816,.T.);
#1816 = SURFACE_CURVE('',#1817,(#1821),.PCURVE_S1.);
#1817 = LINE('',#1818,#1819);
#1818 = CARTESIAN_POINT('',(-6.,4.05,9.004307524249));
#1819 = VECTOR('',#1820,1.);
#1820 = DIRECTION('',(0.,1.,0.));
#1821 = PCURVE('',#1771,#1822);
#1822 = DEFINITIONAL_REPRESENTATION('',(#1823),#1827);
#1823 = LINE('',#1824,#1825);
#1824 = CARTESIAN_POINT('',(-9.,0.));
#1825 = VECTOR('',#1826,1.);
#1826 = DIRECTION('',(0.,1.));
#1827 = ( GEOMETRIC_REPRESENTATION_CONTEXT(2) 
PARAMETRIC_REPRESENTATION_CONTEXT() REPRESENTATION_CONTEXT('2D SPACE',''
  ) );
#1828 = SHELL_BASED_SURFACE_MODEL('',(#1829));
#1829 = OPEN_SHELL('',(#1830));
#1830 = ADVANCED_FACE('',(#1831),#1846,.T.);
#1831 = FACE_BOUND('',#1832,.T.);
#1832 = EDGE_LOOP('',(#1833,#1857,#1873,#1890));
#1833 = ORIENTED_EDGE('',*,*,#1834,.F.);
#1834 = EDGE_CURVE('',#1835,#1837,#1839,.T.);
#1835 = VERTEX_POINT('',#1836);
#1836 = CARTESIAN_POINT('',(-6.,4.05,9.004307524249));
#1837 = VERTEX_POINT('',#1838);
#1838 = CARTESIAN_POINT('',(-5.,4.05,10.004307524249));
#1839 = SURFACE_CURVE('',#1840,(#1845),.PCURVE_S1.);
#1840 = CIRCLE('',#1841,1.);
#1841 = AXIS2_PLACEMENT_3D('',#1842,#1843,#1844);
#1842 = CARTESIAN_POINT('',(-5.,4.05,9.004307524249));
#1843 = DIRECTION('',(-0.,1.,0.));
#1844 = DIRECTION('',(0.593798140947,0.,0.804614048975));
#1845 = PCURVE('',#1846,#1851);
#1846 = CYLINDRICAL_SURFACE('',#1847,1.);
#1847 = AXIS2_PLACEMENT_3D('',#1848,#1849,#1850);
#1848 = CARTESIAN_POINT('',(-5.,4.05,9.004307524249));
#1849 = DIRECTION('',(0.,-1.,0.));
#1850 = DIRECTION('',(-0.593798140947,0.,-0.804614048975));
#1851 = DEFINITIONAL_REPRESENTATION('',(#1852),#1856);
#1852 = LINE('',#1853,#1854);
#1853 = CARTESIAN_POINT('',(9.424777960769,0.));
#1854 = VECTOR('',#1855,1.);
#1855 = DIRECTION('',(-1.,0.));
#1856 = ( GEOMETRIC_REPRESENTATION_CONTEXT(2) 
PARAMETRIC_REPRESENTATION_CONTEXT() REPRESENTATION_CONTEXT('2D SPACE',''
  ) );
#1857 = ORIENTED_EDGE('',*,*,#1858,.F.);
#1858 = EDGE_CURVE('',#1859,#1835,#1861,.T.);
#1859 = VERTEX_POINT('',#1860);
#1860 = CARTESIAN_POINT('',(-6.,3.25,9.004307524249));
#1861 = SURFACE_CURVE('',#1862,(#1866),.PCURVE_S1.);
#1862 = LINE('',#1863,#1864);
#1863 = CARTESIAN_POINT('',(-6.,4.05,9.004307524249));
#1864 = VECTOR('',#1865,1.);
#1865 = DIRECTION('',(0.,1.,0.));
#1866 = PCURVE('',#1846,#1867);
#1867 = DEFINITIONAL_REPRESENTATION('',(#1868),#1872);
#1868 = LINE('',#1869,#1870);
#1869 = CARTESIAN_POINT('',(5.348160095569,0.));
#1870 = VECTOR('',#1871,1.);
#1871 = DIRECTION('',(0.,-1.));
#1872 = ( GEOMETRIC_REPRESENTATION_CONTEXT(2) 
PARAMETRIC_REPRESENTATION_CONTEXT() REPRESENTATION_CONTEXT('2D SPACE',''
  ) );
#1873 = ORIENTED_EDGE('',*,*,#1874,.F.);
#1874 = EDGE_CURVE('',#1875,#1859,#1877,.T.);
#1875 = VERTEX_POINT('',#1876);
#1876 = CARTESIAN_POINT('',(-5.,3.25,10.004307524249));
#1877 = SURFACE_CURVE('',#1878,(#1883),.PCURVE_S1.);
#1878 = CIRCLE('',#1879,1.);
#1879 = AXIS2_PLACEMENT_3D('',#1880,#1881,#1882);
#1880 = CARTESIAN_POINT('',(-5.,3.25,9.004307524249));
#1881 = DIRECTION('',(0.,-1.,0.));
#1882 = DIRECTION('',(0.593798140947,0.,0.804614048975));
#1883 = PCURVE('',#1846,#1884);
#1884 = DEFINITIONAL_REPRESENTATION('',(#1885),#1889);
#1885 = LINE('',#1886,#1887);
#1886 = CARTESIAN_POINT('',(3.14159265359,0.8));
#1887 = VECTOR('',#1888,1.);
#1888 = DIRECTION('',(1.,0.));
#1889 = ( GEOMETRIC_REPRESENTATION_CONTEXT(2) 
PARAMETRIC_REPRESENTATION_CONTEXT() REPRESENTATION_CONTEXT('2D SPACE',''
  ) );
#1890 = ORIENTED_EDGE('',*,*,#1891,.F.);
#1891 = EDGE_CURVE('',#1837,#1875,#1892,.T.);
#1892 = SURFACE_CURVE('',#1893,(#1897),.PCURVE_S1.);
#1893 = LINE('',#1894,#1895);
#1894 = CARTESIAN_POINT('',(-5.,4.05,10.004307524249));
#1895 = VECTOR('',#1896,1.);
#1896 = DIRECTION('',(0.,-1.,0.));
#1897 = PCURVE('',#1846,#1898);
#1898 = DEFINITIONAL_REPRESENTATION('',(#1899),#1903);
#1899 = LINE('',#1900,#1901);
#1900 = CARTESIAN_POINT('',(3.777363768774,0.));
#1901 = VECTOR('',#1902,1.);
#1902 = DIRECTION('',(0.,1.));
#1903 = ( GEOMETRIC_REPRESENTATION_CONTEXT(2) 
PARAMETRIC_REPRESENTATION_CONTEXT() REPRESENTATION_CONTEXT('2D SPACE',''
  ) );
#1904 = SHELL_BASED_SURFACE_MODEL('',(#1905));
#1905 = OPEN_SHELL('',(#1906));
#1906 = ADVANCED_FACE('',(#1907),#1921,.F.);
#1907 = FACE_BOUND('',#1908,.T.);
#1908 = EDGE_LOOP('',(#1909,#1932,#1948,#1964));
#1909 = ORIENTED_EDGE('',*,*,#1910,.F.);
#1910 = EDGE_CURVE('',#1911,#1913,#1915,.T.);
#1911 = VERTEX_POINT('',#1912);
#1912 = CARTESIAN_POINT('',(-5.,4.05,10.004307524249));
#1913 = VERTEX_POINT('',#1914);
#1914 = CARTESIAN_POINT('',(-0.5,4.05,10.004307524249));
#1915 = SURFACE_CURVE('',#1916,(#1920),.PCURVE_S1.);
#1916 = LINE('',#1917,#1918);
#1917 = CARTESIAN_POINT('',(-6.,4.05,10.004307524249));
#1918 = VECTOR('',#1919,1.);
#1919 = DIRECTION('',(1.,0.,2.22044604925E-16));
#1920 = PCURVE('',#1921,#1926);
#1921 = PLANE('',#1922);
#1922 = AXIS2_PLACEMENT_3D('',#1923,#1924,#1925);
#1923 = CARTESIAN_POINT('',(-6.,4.05,10.004307524249));
#1924 = DIRECTION('',(5.551115123126E-17,0.,-1.));
#1925 = DIRECTION('',(-1.,0.,-5.551115123126E-17));
#1926 = DEFINITIONAL_REPRESENTATION('',(#1927),#1931);
#1927 = LINE('',#1928,#1929);
#1928 = CARTESIAN_POINT('',(0.,0.));
#1929 = VECTOR('',#1930,1.);
#1930 = DIRECTION('',(-1.,0.));
#1931 = ( GEOMETRIC_REPRESENTATION_CONTEXT(2) 
PARAMETRIC_REPRESENTATION_CONTEXT() REPRESENTATION_CONTEXT('2D SPACE',''
  ) );
#1932 = ORIENTED_EDGE('',*,*,#1933,.T.);
#1933 = EDGE_CURVE('',#1911,#1934,#1936,.T.);
#1934 = VERTEX_POINT('',#1935);
#1935 = CARTESIAN_POINT('',(-5.,3.25,10.004307524249));
#1936 = SURFACE_CURVE('',#1937,(#1941),.PCURVE_S1.);
#1937 = LINE('',#1938,#1939);
#1938 = CARTESIAN_POINT('',(-5.,4.05,10.004307524249));
#1939 = VECTOR('',#1940,1.);
#1940 = DIRECTION('',(0.,-1.,0.));
#1941 = PCURVE('',#1921,#1942);
#1942 = DEFINITIONAL_REPRESENTATION('',(#1943),#1947);
#1943 = LINE('',#1944,#1945);
#1944 = CARTESIAN_POINT('',(-1.,0.));
#1945 = VECTOR('',#1946,1.);
#1946 = DIRECTION('',(-0.,-1.));
#1947 = ( GEOMETRIC_REPRESENTATION_CONTEXT(2) 
PARAMETRIC_REPRESENTATION_CONTEXT() REPRESENTATION_CONTEXT('2D SPACE',''
  ) );
#1948 = ORIENTED_EDGE('',*,*,#1949,.T.);
#1949 = EDGE_CURVE('',#1934,#1950,#1952,.T.);
#1950 = VERTEX_POINT('',#1951);
#1951 = CARTESIAN_POINT('',(-0.5,3.25,10.004307524249));
#1952 = SURFACE_CURVE('',#1953,(#1957),.PCURVE_S1.);
#1953 = LINE('',#1954,#1955);
#1954 = CARTESIAN_POINT('',(-6.,3.25,10.004307524249));
#1955 = VECTOR('',#1956,1.);
#1956 = DIRECTION('',(1.,0.,2.22044604925E-16));
#1957 = PCURVE('',#1921,#1958);
#1958 = DEFINITIONAL_REPRESENTATION('',(#1959),#1963);
#1959 = LINE('',#1960,#1961);
#1960 = CARTESIAN_POINT('',(-0.,-0.8));
#1961 = VECTOR('',#1962,1.);
#1962 = DIRECTION('',(-1.,0.));
#1963 = ( GEOMETRIC_REPRESENTATION_CONTEXT(2) 
PARAMETRIC_REPRESENTATION_CONTEXT() REPRESENTATION_CONTEXT('2D SPACE',''
  ) );
#1964 = ORIENTED_EDGE('',*,*,#1965,.T.);
#1965 = EDGE_CURVE('',#1950,#1913,#1966,.T.);
#1966 = SURFACE_CURVE('',#1967,(#1971),.PCURVE_S1.);
#1967 = LINE('',#1968,#1969);
#1968 = CARTESIAN_POINT('',(-0.5,3.25,10.004307524249));
#1969 = VECTOR('',#1970,1.);
#1970 = DIRECTION('',(0.,1.,0.));
#1971 = PCURVE('',#1921,#1972);
#1972 = DEFINITIONAL_REPRESENTATION('',(#1973),#1977);
#1973 = LINE('',#1974,#1975);
#1974 = CARTESIAN_POINT('',(-5.5,-0.8));
#1975 = VECTOR('',#1976,1.);
#1976 = DIRECTION('',(0.,1.));
#1977 = ( GEOMETRIC_REPRESENTATION_CONTEXT(2) 
PARAMETRIC_REPRESENTATION_CONTEXT() REPRESENTATION_CONTEXT('2D SPACE',''
  ) );
#1978 = SHELL_BASED_SURFACE_MODEL('',(#1979));
#1979 = OPEN_SHELL('',(#1980));
#1980 = ADVANCED_FACE('',(#1981),#1995,.F.);
#1981 = FACE_BOUND('',#1982,.F.);
#1982 = EDGE_LOOP('',(#1983,#2006,#2023,#2039));
#1983 = ORIENTED_EDGE('',*,*,#1984,.T.);
#1984 = EDGE_CURVE('',#1985,#1987,#1989,.T.);
#1985 = VERTEX_POINT('',#1986);
#1986 = CARTESIAN_POINT('',(-0.5,3.25,10.004307524249));
#1987 = VERTEX_POINT('',#1988);
#1988 = CARTESIAN_POINT('',(-0.5,4.05,10.004307524249));
#1989 = SURFACE_CURVE('',#1990,(#1994),.PCURVE_S1.);
#1990 = LINE('',#1991,#1992);
#1991 = CARTESIAN_POINT('',(-0.5,3.25,10.004307524249));
#1992 = VECTOR('',#1993,1.);
#1993 = DIRECTION('',(0.,1.,0.));
#1994 = PCURVE('',#1995,#2000);
#1995 = CYLINDRICAL_SURFACE('',#1996,0.5);
#1996 = AXIS2_PLACEMENT_3D('',#1997,#1998,#1999);
#1997 = CARTESIAN_POINT('',(-1.111179487145E-15,3.25,10.004307524249));
#1998 = DIRECTION('',(0.,1.,0.));
#1999 = DIRECTION('',(0.593798140947,0.,0.804614048975));
#2000 = DEFINITIONAL_REPRESENTATION('',(#2001),#2005);
#2001 = LINE('',#2002,#2003);
#2002 = CARTESIAN_POINT('',(4.0766178652,0.));
#2003 = VECTOR('',#2004,1.);
#2004 = DIRECTION('',(0.,1.));
#2005 = ( GEOMETRIC_REPRESENTATION_CONTEXT(2) 
PARAMETRIC_REPRESENTATION_CONTEXT() REPRESENTATION_CONTEXT('2D SPACE',''
  ) );
#2006 = ORIENTED_EDGE('',*,*,#2007,.F.);
#2007 = EDGE_CURVE('',#2008,#1987,#2010,.T.);
#2008 = VERTEX_POINT('',#2009);
#2009 = CARTESIAN_POINT('',(0.5,4.05,10.004307524249));
#2010 = SURFACE_CURVE('',#2011,(#2016),.PCURVE_S1.);
#2011 = CIRCLE('',#2012,0.5);
#2012 = AXIS2_PLACEMENT_3D('',#2013,#2014,#2015);
#2013 = CARTESIAN_POINT('',(-1.111179487145E-15,4.05,10.004307524249));
#2014 = DIRECTION('',(-0.,1.,0.));
#2015 = DIRECTION('',(0.593798140947,0.,0.804614048975));
#2016 = PCURVE('',#1995,#2017);
#2017 = DEFINITIONAL_REPRESENTATION('',(#2018),#2022);
#2018 = LINE('',#2019,#2020);
#2019 = CARTESIAN_POINT('',(-2.22044604925E-16,0.8));
#2020 = VECTOR('',#2021,1.);
#2021 = DIRECTION('',(1.,0.));
#2022 = ( GEOMETRIC_REPRESENTATION_CONTEXT(2) 
PARAMETRIC_REPRESENTATION_CONTEXT() REPRESENTATION_CONTEXT('2D SPACE',''
  ) );
#2023 = ORIENTED_EDGE('',*,*,#2024,.T.);
#2024 = EDGE_CURVE('',#2008,#2025,#2027,.T.);
#2025 = VERTEX_POINT('',#2026);
#2026 = CARTESIAN_POINT('',(0.5,3.25,10.004307524249));
#2027 = SURFACE_CURVE('',#2028,(#2032),.PCURVE_S1.);
#2028 = LINE('',#2029,#2030);
#2029 = CARTESIAN_POINT('',(0.5,3.25,10.004307524249));
#2030 = VECTOR('',#2031,1.);
#2031 = DIRECTION('',(-0.,-1.,0.));
#2032 = PCURVE('',#1995,#2033);
#2033 = DEFINITIONAL_REPRESENTATION('',(#2034),#2038);
#2034 = LINE('',#2035,#2036);
#2035 = CARTESIAN_POINT('',(0.935025211611,0.));
#2036 = VECTOR('',#2037,1.);
#2037 = DIRECTION('',(0.,-1.));
#2038 = ( GEOMETRIC_REPRESENTATION_CONTEXT(2) 
PARAMETRIC_REPRESENTATION_CONTEXT() REPRESENTATION_CONTEXT('2D SPACE',''
  ) );
#2039 = ORIENTED_EDGE('',*,*,#2040,.T.);
#2040 = EDGE_CURVE('',#2025,#1985,#2041,.T.);
#2041 = SURFACE_CURVE('',#2042,(#2047),.PCURVE_S1.);
#2042 = CIRCLE('',#2043,0.5);
#2043 = AXIS2_PLACEMENT_3D('',#2044,#2045,#2046);
#2044 = CARTESIAN_POINT('',(-1.111179487145E-15,3.25,10.004307524249));
#2045 = DIRECTION('',(-0.,1.,0.));
#2046 = DIRECTION('',(0.593798140947,0.,0.804614048975));
#2047 = PCURVE('',#1995,#2048);
#2048 = DEFINITIONAL_REPRESENTATION('',(#2049),#2053);
#2049 = LINE('',#2050,#2051);
#2050 = CARTESIAN_POINT('',(-2.22044604925E-16,0.));
#2051 = VECTOR('',#2052,1.);
#2052 = DIRECTION('',(1.,0.));
#2053 = ( GEOMETRIC_REPRESENTATION_CONTEXT(2) 
PARAMETRIC_REPRESENTATION_CONTEXT() REPRESENTATION_CONTEXT('2D SPACE',''
  ) );
#2054 = SHELL_BASED_SURFACE_MODEL('',(#2055));
#2055 = OPEN_SHELL('',(#2056));
#2056 = ADVANCED_FACE('',(#2057),#2071,.F.);
#2057 = FACE_BOUND('',#2058,.T.);
#2058 = EDGE_LOOP('',(#2059,#2082,#2098,#2114));
#2059 = ORIENTED_EDGE('',*,*,#2060,.T.);
#2060 = EDGE_CURVE('',#2061,#2063,#2065,.T.);
#2061 = VERTEX_POINT('',#2062);
#2062 = CARTESIAN_POINT('',(0.5,3.25,10.004307524249));
#2063 = VERTEX_POINT('',#2064);
#2064 = CARTESIAN_POINT('',(5.,3.25,10.004307524249));
#2065 = SURFACE_CURVE('',#2066,(#2070),.PCURVE_S1.);
#2066 = LINE('',#2067,#2068);
#2067 = CARTESIAN_POINT('',(-6.,3.25,10.004307524249));
#2068 = VECTOR('',#2069,1.);
#2069 = DIRECTION('',(1.,0.,2.22044604925E-16));
#2070 = PCURVE('',#2071,#2076);
#2071 = PLANE('',#2072);
#2072 = AXIS2_PLACEMENT_3D('',#2073,#2074,#2075);
#2073 = CARTESIAN_POINT('',(-6.,4.05,10.004307524249));
#2074 = DIRECTION('',(5.551115123126E-17,0.,-1.));
#2075 = DIRECTION('',(-1.,0.,-5.551115123126E-17));
#2076 = DEFINITIONAL_REPRESENTATION('',(#2077),#2081);
#2077 = LINE('',#2078,#2079);
#2078 = CARTESIAN_POINT('',(-0.,-0.8));
#2079 = VECTOR('',#2080,1.);
#2080 = DIRECTION('',(-1.,0.));
#2081 = ( GEOMETRIC_REPRESENTATION_CONTEXT(2) 
PARAMETRIC_REPRESENTATION_CONTEXT() REPRESENTATION_CONTEXT('2D SPACE',''
  ) );
#2082 = ORIENTED_EDGE('',*,*,#2083,.T.);
#2083 = EDGE_CURVE('',#2063,#2084,#2086,.T.);
#2084 = VERTEX_POINT('',#2085);
#2085 = CARTESIAN_POINT('',(5.,4.05,10.004307524249));
#2086 = SURFACE_CURVE('',#2087,(#2091),.PCURVE_S1.);
#2087 = LINE('',#2088,#2089);
#2088 = CARTESIAN_POINT('',(5.,4.05,10.004307524249));
#2089 = VECTOR('',#2090,1.);
#2090 = DIRECTION('',(0.,1.,0.));
#2091 = PCURVE('',#2071,#2092);
#2092 = DEFINITIONAL_REPRESENTATION('',(#2093),#2097);
#2093 = LINE('',#2094,#2095);
#2094 = CARTESIAN_POINT('',(-11.,0.));
#2095 = VECTOR('',#2096,1.);
#2096 = DIRECTION('',(0.,1.));
#2097 = ( GEOMETRIC_REPRESENTATION_CONTEXT(2) 
PARAMETRIC_REPRESENTATION_CONTEXT() REPRESENTATION_CONTEXT('2D SPACE',''
  ) );
#2098 = ORIENTED_EDGE('',*,*,#2099,.F.);
#2099 = EDGE_CURVE('',#2100,#2084,#2102,.T.);
#2100 = VERTEX_POINT('',#2101);
#2101 = CARTESIAN_POINT('',(0.5,4.05,10.004307524249));
#2102 = SURFACE_CURVE('',#2103,(#2107),.PCURVE_S1.);
#2103 = LINE('',#2104,#2105);
#2104 = CARTESIAN_POINT('',(-6.,4.05,10.004307524249));
#2105 = VECTOR('',#2106,1.);
#2106 = DIRECTION('',(1.,0.,2.22044604925E-16));
#2107 = PCURVE('',#2071,#2108);
#2108 = DEFINITIONAL_REPRESENTATION('',(#2109),#2113);
#2109 = LINE('',#2110,#2111);
#2110 = CARTESIAN_POINT('',(0.,0.));
#2111 = VECTOR('',#2112,1.);
#2112 = DIRECTION('',(-1.,0.));
#2113 = ( GEOMETRIC_REPRESENTATION_CONTEXT(2) 
PARAMETRIC_REPRESENTATION_CONTEXT() REPRESENTATION_CONTEXT('2D SPACE',''
  ) );
#2114 = ORIENTED_EDGE('',*,*,#2115,.T.);
#2115 = EDGE_CURVE('',#2100,#2061,#2116,.T.);
#2116 = SURFACE_CURVE('',#2117,(#2121),.PCURVE_S1.);
#2117 = LINE('',#2118,#2119);
#2118 = CARTESIAN_POINT('',(0.5,3.25,10.004307524249));
#2119 = VECTOR('',#2120,1.);
#2120 = DIRECTION('',(-0.,-1.,0.));
#2121 = PCURVE('',#2071,#2122);
#2122 = DEFINITIONAL_REPRESENTATION('',(#2123),#2127);
#2123 = LINE('',#2124,#2125);
#2124 = CARTESIAN_POINT('',(-6.5,-0.8));
#2125 = VECTOR('',#2126,1.);
#2126 = DIRECTION('',(0.,-1.));
#2127 = ( GEOMETRIC_REPRESENTATION_CONTEXT(2) 
PARAMETRIC_REPRESENTATION_CONTEXT() REPRESENTATION_CONTEXT('2D SPACE',''
  ) );
#2128 = SHELL_BASED_SURFACE_MODEL('',(#2129));
#2129 = OPEN_SHELL('',(#2130));
#2130 = ADVANCED_FACE('',(#2131),#2146,.T.);
#2131 = FACE_BOUND('',#2132,.T.);
#2132 = EDGE_LOOP('',(#2133,#2157,#2173,#2190));
#2133 = ORIENTED_EDGE('',*,*,#2134,.F.);
#2134 = EDGE_CURVE('',#2135,#2137,#2139,.T.);
#2135 = VERTEX_POINT('',#2136);
#2136 = CARTESIAN_POINT('',(5.,4.05,10.004307524249));
#2137 = VERTEX_POINT('',#2138);
#2138 = CARTESIAN_POINT('',(6.,4.05,9.004307524249));
#2139 = SURFACE_CURVE('',#2140,(#2145),.PCURVE_S1.);
#2140 = CIRCLE('',#2141,1.);
#2141 = AXIS2_PLACEMENT_3D('',#2142,#2143,#2144);
#2142 = CARTESIAN_POINT('',(5.,4.05,9.004307524249));
#2143 = DIRECTION('',(-0.,1.,0.));
#2144 = DIRECTION('',(0.593798140947,0.,0.804614048975));
#2145 = PCURVE('',#2146,#2151);
#2146 = CYLINDRICAL_SURFACE('',#2147,1.);
#2147 = AXIS2_PLACEMENT_3D('',#2148,#2149,#2150);
#2148 = CARTESIAN_POINT('',(5.,4.05,9.004307524249));
#2149 = DIRECTION('',(0.,-1.,0.));
#2150 = DIRECTION('',(-0.593798140947,0.,-0.804614048975));
#2151 = DEFINITIONAL_REPRESENTATION('',(#2152),#2156);
#2152 = LINE('',#2153,#2154);
#2153 = CARTESIAN_POINT('',(9.424777960769,0.));
#2154 = VECTOR('',#2155,1.);
#2155 = DIRECTION('',(-1.,0.));
#2156 = ( GEOMETRIC_REPRESENTATION_CONTEXT(2) 
PARAMETRIC_REPRESENTATION_CONTEXT() REPRESENTATION_CONTEXT('2D SPACE',''
  ) );
#2157 = ORIENTED_EDGE('',*,*,#2158,.F.);
#2158 = EDGE_CURVE('',#2159,#2135,#2161,.T.);
#2159 = VERTEX_POINT('',#2160);
#2160 = CARTESIAN_POINT('',(5.,3.25,10.004307524249));
#2161 = SURFACE_CURVE('',#2162,(#2166),.PCURVE_S1.);
#2162 = LINE('',#2163,#2164);
#2163 = CARTESIAN_POINT('',(5.,4.05,10.004307524249));
#2164 = VECTOR('',#2165,1.);
#2165 = DIRECTION('',(0.,1.,0.));
#2166 = PCURVE('',#2146,#2167);
#2167 = DEFINITIONAL_REPRESENTATION('',(#2168),#2172);
#2168 = LINE('',#2169,#2170);
#2169 = CARTESIAN_POINT('',(3.777363768774,0.));
#2170 = VECTOR('',#2171,1.);
#2171 = DIRECTION('',(0.,-1.));
#2172 = ( GEOMETRIC_REPRESENTATION_CONTEXT(2) 
PARAMETRIC_REPRESENTATION_CONTEXT() REPRESENTATION_CONTEXT('2D SPACE',''
  ) );
#2173 = ORIENTED_EDGE('',*,*,#2174,.F.);
#2174 = EDGE_CURVE('',#2175,#2159,#2177,.T.);
#2175 = VERTEX_POINT('',#2176);
#2176 = CARTESIAN_POINT('',(6.,3.25,9.004307524249));
#2177 = SURFACE_CURVE('',#2178,(#2183),.PCURVE_S1.);
#2178 = CIRCLE('',#2179,1.);
#2179 = AXIS2_PLACEMENT_3D('',#2180,#2181,#2182);
#2180 = CARTESIAN_POINT('',(5.,3.25,9.004307524249));
#2181 = DIRECTION('',(0.,-1.,0.));
#2182 = DIRECTION('',(0.593798140947,0.,0.804614048975));
#2183 = PCURVE('',#2146,#2184);
#2184 = DEFINITIONAL_REPRESENTATION('',(#2185),#2189);
#2185 = LINE('',#2186,#2187);
#2186 = CARTESIAN_POINT('',(-3.14159265359,0.8));
#2187 = VECTOR('',#2188,1.);
#2188 = DIRECTION('',(1.,0.));
#2189 = ( GEOMETRIC_REPRESENTATION_CONTEXT(2) 
PARAMETRIC_REPRESENTATION_CONTEXT() REPRESENTATION_CONTEXT('2D SPACE',''
  ) );
#2190 = ORIENTED_EDGE('',*,*,#2191,.F.);
#2191 = EDGE_CURVE('',#2137,#2175,#2192,.T.);
#2192 = SURFACE_CURVE('',#2193,(#2197),.PCURVE_S1.);
#2193 = LINE('',#2194,#2195);
#2194 = CARTESIAN_POINT('',(6.,4.05,9.004307524249));
#2195 = VECTOR('',#2196,1.);
#2196 = DIRECTION('',(0.,-1.,0.));
#2197 = PCURVE('',#2146,#2198);
#2198 = DEFINITIONAL_REPRESENTATION('',(#2199),#2203);
#2199 = LINE('',#2200,#2201);
#2200 = CARTESIAN_POINT('',(2.206567441979,0.));
#2201 = VECTOR('',#2202,1.);
#2202 = DIRECTION('',(0.,1.));
#2203 = ( GEOMETRIC_REPRESENTATION_CONTEXT(2) 
PARAMETRIC_REPRESENTATION_CONTEXT() REPRESENTATION_CONTEXT('2D SPACE',''
  ) );
#2204 = SHELL_BASED_SURFACE_MODEL('',(#2205));
#2205 = OPEN_SHELL('',(#2206));
#2206 = ADVANCED_FACE('',(#2207),#2222,.T.);
#2207 = FACE_BOUND('',#2208,.T.);
#2208 = EDGE_LOOP('',(#2209,#2233,#2249,#2266));
#2209 = ORIENTED_EDGE('',*,*,#2210,.F.);
#2210 = EDGE_CURVE('',#2211,#2213,#2215,.T.);
#2211 = VERTEX_POINT('',#2212);
#2212 = CARTESIAN_POINT('',(6.,4.05,1.004307524249));
#2213 = VERTEX_POINT('',#2214);
#2214 = CARTESIAN_POINT('',(5.,4.05,4.307524248792E-03));
#2215 = SURFACE_CURVE('',#2216,(#2221),.PCURVE_S1.);
#2216 = CIRCLE('',#2217,1.);
#2217 = AXIS2_PLACEMENT_3D('',#2218,#2219,#2220);
#2218 = CARTESIAN_POINT('',(5.,4.05,1.004307524249));
#2219 = DIRECTION('',(-0.,1.,0.));
#2220 = DIRECTION('',(0.593798140947,0.,0.804614048975));
#2221 = PCURVE('',#2222,#2227);
#2222 = CYLINDRICAL_SURFACE('',#2223,1.);
#2223 = AXIS2_PLACEMENT_3D('',#2224,#2225,#2226);
#2224 = CARTESIAN_POINT('',(5.,4.05,1.004307524249));
#2225 = DIRECTION('',(0.,-1.,0.));
#2226 = DIRECTION('',(-0.593798140947,0.,-0.804614048975));
#2227 = DEFINITIONAL_REPRESENTATION('',(#2228),#2232);
#2228 = LINE('',#2229,#2230);
#2229 = CARTESIAN_POINT('',(3.14159265359,0.));
#2230 = VECTOR('',#2231,1.);
#2231 = DIRECTION('',(-1.,0.));
#2232 = ( GEOMETRIC_REPRESENTATION_CONTEXT(2) 
PARAMETRIC_REPRESENTATION_CONTEXT() REPRESENTATION_CONTEXT('2D SPACE',''
  ) );
#2233 = ORIENTED_EDGE('',*,*,#2234,.F.);
#2234 = EDGE_CURVE('',#2235,#2211,#2237,.T.);
#2235 = VERTEX_POINT('',#2236);
#2236 = CARTESIAN_POINT('',(6.,3.25,1.004307524249));
#2237 = SURFACE_CURVE('',#2238,(#2242),.PCURVE_S1.);
#2238 = LINE('',#2239,#2240);
#2239 = CARTESIAN_POINT('',(6.,4.05,1.004307524249));
#2240 = VECTOR('',#2241,1.);
#2241 = DIRECTION('',(0.,1.,0.));
#2242 = PCURVE('',#2222,#2243);
#2243 = DEFINITIONAL_REPRESENTATION('',(#2244),#2248);
#2244 = LINE('',#2245,#2246);
#2245 = CARTESIAN_POINT('',(2.206567441979,0.));
#2246 = VECTOR('',#2247,1.);
#2247 = DIRECTION('',(0.,-1.));
#2248 = ( GEOMETRIC_REPRESENTATION_CONTEXT(2) 
PARAMETRIC_REPRESENTATION_CONTEXT() REPRESENTATION_CONTEXT('2D SPACE',''
  ) );
#2249 = ORIENTED_EDGE('',*,*,#2250,.F.);
#2250 = EDGE_CURVE('',#2251,#2235,#2253,.T.);
#2251 = VERTEX_POINT('',#2252);
#2252 = CARTESIAN_POINT('',(5.,3.25,4.307524248792E-03));
#2253 = SURFACE_CURVE('',#2254,(#2259),.PCURVE_S1.);
#2254 = CIRCLE('',#2255,1.);
#2255 = AXIS2_PLACEMENT_3D('',#2256,#2257,#2258);
#2256 = CARTESIAN_POINT('',(5.,3.25,1.004307524249));
#2257 = DIRECTION('',(0.,-1.,0.));
#2258 = DIRECTION('',(0.593798140947,0.,0.804614048975));
#2259 = PCURVE('',#2222,#2260);
#2260 = DEFINITIONAL_REPRESENTATION('',(#2261),#2265);
#2261 = LINE('',#2262,#2263);
#2262 = CARTESIAN_POINT('',(-3.14159265359,0.8));
#2263 = VECTOR('',#2264,1.);
#2264 = DIRECTION('',(1.,0.));
#2265 = ( GEOMETRIC_REPRESENTATION_CONTEXT(2) 
PARAMETRIC_REPRESENTATION_CONTEXT() REPRESENTATION_CONTEXT('2D SPACE',''
  ) );
#2266 = ORIENTED_EDGE('',*,*,#2267,.F.);
#2267 = EDGE_CURVE('',#2213,#2251,#2268,.T.);
#2268 = SURFACE_CURVE('',#2269,(#2273),.PCURVE_S1.);
#2269 = LINE('',#2270,#2271);
#2270 = CARTESIAN_POINT('',(5.,4.05,4.307524248792E-03));
#2271 = VECTOR('',#2272,1.);
#2272 = DIRECTION('',(0.,-1.,0.));
#2273 = PCURVE('',#2222,#2274);
#2274 = DEFINITIONAL_REPRESENTATION('',(#2275),#2279);
#2275 = LINE('',#2276,#2277);
#2276 = CARTESIAN_POINT('',(0.635771115184,0.));
#2277 = VECTOR('',#2278,1.);
#2278 = DIRECTION('',(0.,1.));
#2279 = ( GEOMETRIC_REPRESENTATION_CONTEXT(2) 
PARAMETRIC_REPRESENTATION_CONTEXT() REPRESENTATION_CONTEXT('2D SPACE',''
  ) );
#2280 = SHELL_BASED_SURFACE_MODEL('',(#2281));
#2281 = OPEN_SHELL('',(#2282));
#2282 = ADVANCED_FACE('',(#2283),#2297,.F.);
#2283 = FACE_BOUND('',#2284,.T.);
#2284 = EDGE_LOOP('',(#2285,#2308,#2324,#2340));
#2285 = ORIENTED_EDGE('',*,*,#2286,.T.);
#2286 = EDGE_CURVE('',#2287,#2289,#2291,.T.);
#2287 = VERTEX_POINT('',#2288);
#2288 = CARTESIAN_POINT('',(6.,3.25,9.004307524249));
#2289 = VERTEX_POINT('',#2290);
#2290 = CARTESIAN_POINT('',(6.,3.25,1.004307524249));
#2291 = SURFACE_CURVE('',#2292,(#2296),.PCURVE_S1.);
#2292 = LINE('',#2293,#2294);
#2293 = CARTESIAN_POINT('',(6.,3.25,10.004307524249));
#2294 = VECTOR('',#2295,1.);
#2295 = DIRECTION('',(3.885780586188E-16,0.,-1.));
#2296 = PCURVE('',#2297,#2302);
#2297 = PLANE('',#2298);
#2298 = AXIS2_PLACEMENT_3D('',#2299,#2300,#2301);
#2299 = CARTESIAN_POINT('',(6.,4.05,10.004307524249));
#2300 = DIRECTION('',(-1.,0.,-3.330669073875E-16));
#2301 = DIRECTION('',(-3.330669073875E-16,0.,1.));
#2302 = DEFINITIONAL_REPRESENTATION('',(#2303),#2307);
#2303 = LINE('',#2304,#2305);
#2304 = CARTESIAN_POINT('',(-0.,-0.8));
#2305 = VECTOR('',#2306,1.);
#2306 = DIRECTION('',(-1.,0.));
#2307 = ( GEOMETRIC_REPRESENTATION_CONTEXT(2) 
PARAMETRIC_REPRESENTATION_CONTEXT() REPRESENTATION_CONTEXT('2D SPACE',''
  ) );
#2308 = ORIENTED_EDGE('',*,*,#2309,.T.);
#2309 = EDGE_CURVE('',#2289,#2310,#2312,.T.);
#2310 = VERTEX_POINT('',#2311);
#2311 = CARTESIAN_POINT('',(6.,4.05,1.004307524249));
#2312 = SURFACE_CURVE('',#2313,(#2317),.PCURVE_S1.);
#2313 = LINE('',#2314,#2315);
#2314 = CARTESIAN_POINT('',(6.,4.05,1.004307524249));
#2315 = VECTOR('',#2316,1.);
#2316 = DIRECTION('',(0.,1.,0.));
#2317 = PCURVE('',#2297,#2318);
#2318 = DEFINITIONAL_REPRESENTATION('',(#2319),#2323);
#2319 = LINE('',#2320,#2321);
#2320 = CARTESIAN_POINT('',(-9.,0.));
#2321 = VECTOR('',#2322,1.);
#2322 = DIRECTION('',(0.,1.));
#2323 = ( GEOMETRIC_REPRESENTATION_CONTEXT(2) 
PARAMETRIC_REPRESENTATION_CONTEXT() REPRESENTATION_CONTEXT('2D SPACE',''
  ) );
#2324 = ORIENTED_EDGE('',*,*,#2325,.F.);
#2325 = EDGE_CURVE('',#2326,#2310,#2328,.T.);
#2326 = VERTEX_POINT('',#2327);
#2327 = CARTESIAN_POINT('',(6.,4.05,9.004307524249));
#2328 = SURFACE_CURVE('',#2329,(#2333),.PCURVE_S1.);
#2329 = LINE('',#2330,#2331);
#2330 = CARTESIAN_POINT('',(6.,4.05,10.004307524249));
#2331 = VECTOR('',#2332,1.);
#2332 = DIRECTION('',(3.885780586188E-16,0.,-1.));
#2333 = PCURVE('',#2297,#2334);
#2334 = DEFINITIONAL_REPRESENTATION('',(#2335),#2339);
#2335 = LINE('',#2336,#2337);
#2336 = CARTESIAN_POINT('',(0.,0.));
#2337 = VECTOR('',#2338,1.);
#2338 = DIRECTION('',(-1.,0.));
#2339 = ( GEOMETRIC_REPRESENTATION_CONTEXT(2) 
PARAMETRIC_REPRESENTATION_CONTEXT() REPRESENTATION_CONTEXT('2D SPACE',''
  ) );
#2340 = ORIENTED_EDGE('',*,*,#2341,.T.);
#2341 = EDGE_CURVE('',#2326,#2287,#2342,.T.);
#2342 = SURFACE_CURVE('',#2343,(#2347),.PCURVE_S1.);
#2343 = LINE('',#2344,#2345);
#2344 = CARTESIAN_POINT('',(6.,4.05,9.004307524249));
#2345 = VECTOR('',#2346,1.);
#2346 = DIRECTION('',(0.,-1.,0.));
#2347 = PCURVE('',#2297,#2348);
#2348 = DEFINITIONAL_REPRESENTATION('',(#2349),#2353);
#2349 = LINE('',#2350,#2351);
#2350 = CARTESIAN_POINT('',(-1.,0.));
#2351 = VECTOR('',#2352,1.);
#2352 = DIRECTION('',(-0.,-1.));
#2353 = ( GEOMETRIC_REPRESENTATION_CONTEXT(2) 
PARAMETRIC_REPRESENTATION_CONTEXT() REPRESENTATION_CONTEXT('2D SPACE',''
  ) );
#2354 = SHELL_BASED_SURFACE_MODEL('',(#2355));
#2355 = OPEN_SHELL('',(#2356));
#2356 = ADVANCED_FACE('',(#2357,#2546,#2582,#2618,#2654,#2690),#2371,.T.
  );
#2357 = FACE_BOUND('',#2358,.T.);
#2358 = EDGE_LOOP('',(#2359,#2382,#2399,#2415,#2432,#2449,#2465,#2482,
    #2498,#2515,#2531));
#2359 = ORIENTED_EDGE('',*,*,#2360,.T.);
#2360 = EDGE_CURVE('',#2361,#2363,#2365,.T.);
#2361 = VERTEX_POINT('',#2362);
#2362 = CARTESIAN_POINT('',(6.,4.05,9.004307524249));
#2363 = VERTEX_POINT('',#2364);
#2364 = CARTESIAN_POINT('',(6.,4.05,1.004307524249));
#2365 = SURFACE_CURVE('',#2366,(#2370),.PCURVE_S1.);
#2366 = LINE('',#2367,#2368);
#2367 = CARTESIAN_POINT('',(6.,4.05,10.004307524249));
#2368 = VECTOR('',#2369,1.);
#2369 = DIRECTION('',(3.885780586188E-16,0.,-1.));
#2370 = PCURVE('',#2371,#2376);
#2371 = PLANE('',#2372);
#2372 = AXIS2_PLACEMENT_3D('',#2373,#2374,#2375);
#2373 = CARTESIAN_POINT('',(-3.797778311163,4.05,7.802727225269));
#2374 = DIRECTION('',(0.,1.,0.));
#2375 = DIRECTION('',(0.593798140947,0.,0.804614048975));
#2376 = DEFINITIONAL_REPRESENTATION('',(#2377),#2381);
#2377 = LINE('',#2378,#2379);
#2378 = CARTESIAN_POINT('',(7.589324985083,6.576135789226));
#2379 = VECTOR('',#2380,1.);
#2380 = DIRECTION('',(-0.804614048975,0.593798140947));
#2381 = ( GEOMETRIC_REPRESENTATION_CONTEXT(2) 
PARAMETRIC_REPRESENTATION_CONTEXT() REPRESENTATION_CONTEXT('2D SPACE',''
  ) );
#2382 = ORIENTED_EDGE('',*,*,#2383,.T.);
#2383 = EDGE_CURVE('',#2363,#2384,#2386,.T.);
#2384 = VERTEX_POINT('',#2385);
#2385 = CARTESIAN_POINT('',(5.,4.05,4.307524248792E-03));
#2386 = SURFACE_CURVE('',#2387,(#2392),.PCURVE_S1.);
#2387 = CIRCLE('',#2388,1.);
#2388 = AXIS2_PLACEMENT_3D('',#2389,#2390,#2391);
#2389 = CARTESIAN_POINT('',(5.,4.05,1.004307524249));
#2390 = DIRECTION('',(-0.,1.,0.));
#2391 = DIRECTION('',(0.593798140947,0.,0.804614048975));
#2392 = PCURVE('',#2371,#2393);
#2393 = DEFINITIONAL_REPRESENTATION('',(#2394),#2398);
#2394 = CIRCLE('',#2395,1.);
#2395 = AXIS2_PLACEMENT_2D('',#2396,#2397);
#2396 = CARTESIAN_POINT('',(-0.24599959664,11.115705008772));
#2397 = DIRECTION('',(1.,-3.376165382252E-16));
#2398 = ( GEOMETRIC_REPRESENTATION_CONTEXT(2) 
PARAMETRIC_REPRESENTATION_CONTEXT() REPRESENTATION_CONTEXT('2D SPACE',''
  ) );
#2399 = ORIENTED_EDGE('',*,*,#2400,.T.);
#2400 = EDGE_CURVE('',#2384,#2401,#2403,.T.);
#2401 = VERTEX_POINT('',#2402);
#2402 = CARTESIAN_POINT('',(-5.,4.05,4.30752424879E-03));
#2403 = SURFACE_CURVE('',#2404,(#2408),.PCURVE_S1.);
#2404 = LINE('',#2405,#2406);
#2405 = CARTESIAN_POINT('',(6.,4.05,4.307524248793E-03));
#2406 = VECTOR('',#2407,1.);
#2407 = DIRECTION('',(-1.,0.,-2.22044604925E-16));
#2408 = PCURVE('',#2371,#2409);
#2409 = DEFINITIONAL_REPRESENTATION('',(#2410),#2414);
#2410 = LINE('',#2411,#2412);
#2411 = CARTESIAN_POINT('',(-0.456815504669,12.514117198694));
#2412 = VECTOR('',#2413,1.);
#2413 = DIRECTION('',(-0.593798140947,-0.804614048975));
#2414 = ( GEOMETRIC_REPRESENTATION_CONTEXT(2) 
PARAMETRIC_REPRESENTATION_CONTEXT() REPRESENTATION_CONTEXT('2D SPACE',''
  ) );
#2415 = ORIENTED_EDGE('',*,*,#2416,.T.);
#2416 = EDGE_CURVE('',#2401,#2417,#2419,.T.);
#2417 = VERTEX_POINT('',#2418);
#2418 = CARTESIAN_POINT('',(-5.593798140947,4.05,0.199693475274));
#2419 = SURFACE_CURVE('',#2420,(#2425),.PCURVE_S1.);
#2420 = CIRCLE('',#2421,1.);
#2421 = AXIS2_PLACEMENT_3D('',#2422,#2423,#2424);
#2422 = CARTESIAN_POINT('',(-5.,4.05,1.004307524249));
#2423 = DIRECTION('',(-0.,1.,0.));
#2424 = DIRECTION('',(0.593798140947,0.,0.804614048975));
#2425 = PCURVE('',#2371,#2426);
#2426 = DEFINITIONAL_REPRESENTATION('',(#2427),#2431);
#2427 = CIRCLE('',#2428,1.);
#2428 = AXIS2_PLACEMENT_2D('',#2429,#2430);
#2429 = CARTESIAN_POINT('',(-6.183981006107,3.06956451902));
#2430 = DIRECTION('',(1.,-3.376165382252E-16));
#2431 = ( GEOMETRIC_REPRESENTATION_CONTEXT(2) 
PARAMETRIC_REPRESENTATION_CONTEXT() REPRESENTATION_CONTEXT('2D SPACE',''
  ) );
#2432 = ORIENTED_EDGE('',*,*,#2433,.T.);
#2433 = EDGE_CURVE('',#2417,#2434,#2436,.T.);
#2434 = VERTEX_POINT('',#2435);
#2435 = CARTESIAN_POINT('',(-6.,4.05,1.004307524249));
#2436 = SURFACE_CURVE('',#2437,(#2442),.PCURVE_S1.);
#2437 = CIRCLE('',#2438,1.);
#2438 = AXIS2_PLACEMENT_3D('',#2439,#2440,#2441);
#2439 = CARTESIAN_POINT('',(-5.,4.05,1.004307524249));
#2440 = DIRECTION('',(-0.,1.,0.));
#2441 = DIRECTION('',(0.593798140947,0.,0.804614048975));
#2442 = PCURVE('',#2371,#2443);
#2443 = DEFINITIONAL_REPRESENTATION('',(#2444),#2448);
#2444 = CIRCLE('',#2445,1.);
#2445 = AXIS2_PLACEMENT_2D('',#2446,#2447);
#2446 = CARTESIAN_POINT('',(-6.183981006107,3.06956451902));
#2447 = DIRECTION('',(1.,-3.376165382252E-16));
#2448 = ( GEOMETRIC_REPRESENTATION_CONTEXT(2) 
PARAMETRIC_REPRESENTATION_CONTEXT() REPRESENTATION_CONTEXT('2D SPACE',''
  ) );
#2449 = ORIENTED_EDGE('',*,*,#2450,.T.);
#2450 = EDGE_CURVE('',#2434,#2451,#2453,.T.);
#2451 = VERTEX_POINT('',#2452);
#2452 = CARTESIAN_POINT('',(-6.,4.05,9.004307524249));
#2453 = SURFACE_CURVE('',#2454,(#2458),.PCURVE_S1.);
#2454 = LINE('',#2455,#2456);
#2455 = CARTESIAN_POINT('',(-6.,4.05,4.307524248791E-03));
#2456 = VECTOR('',#2457,1.);
#2457 = DIRECTION('',(-3.885780586188E-16,0.,1.));
#2458 = PCURVE('',#2371,#2459);
#2459 = DEFINITIONAL_REPRESENTATION('',(#2460),#2464);
#2460 = LINE('',#2461,#2462);
#2461 = CARTESIAN_POINT('',(-7.582393196029,2.858748610992));
#2462 = VECTOR('',#2463,1.);
#2463 = DIRECTION('',(0.804614048975,-0.593798140947));
#2464 = ( GEOMETRIC_REPRESENTATION_CONTEXT(2) 
PARAMETRIC_REPRESENTATION_CONTEXT() REPRESENTATION_CONTEXT('2D SPACE',''
  ) );
#2465 = ORIENTED_EDGE('',*,*,#2466,.T.);
#2466 = EDGE_CURVE('',#2451,#2467,#2469,.T.);
#2467 = VERTEX_POINT('',#2468);
#2468 = CARTESIAN_POINT('',(-5.,4.05,10.004307524249));
#2469 = SURFACE_CURVE('',#2470,(#2475),.PCURVE_S1.);
#2470 = CIRCLE('',#2471,1.);
#2471 = AXIS2_PLACEMENT_3D('',#2472,#2473,#2474);
#2472 = CARTESIAN_POINT('',(-5.,4.05,9.004307524249));
#2473 = DIRECTION('',(-0.,1.,0.));
#2474 = DIRECTION('',(0.593798140947,0.,0.804614048975));
#2475 = PCURVE('',#2371,#2476);
#2476 = DEFINITIONAL_REPRESENTATION('',(#2477),#2481);
#2477 = CIRCLE('',#2478,1.);
#2478 = AXIS2_PLACEMENT_2D('',#2479,#2480);
#2479 = CARTESIAN_POINT('',(0.252931385694,-1.680820608554));
#2480 = DIRECTION('',(1.,-3.376165382252E-16));
#2481 = ( GEOMETRIC_REPRESENTATION_CONTEXT(2) 
PARAMETRIC_REPRESENTATION_CONTEXT() REPRESENTATION_CONTEXT('2D SPACE',''
  ) );
#2482 = ORIENTED_EDGE('',*,*,#2483,.T.);
#2483 = EDGE_CURVE('',#2467,#2484,#2486,.T.);
#2484 = VERTEX_POINT('',#2485);
#2485 = CARTESIAN_POINT('',(-0.5,4.05,10.004307524249));
#2486 = SURFACE_CURVE('',#2487,(#2491),.PCURVE_S1.);
#2487 = LINE('',#2488,#2489);
#2488 = CARTESIAN_POINT('',(-6.,4.05,10.004307524249));
#2489 = VECTOR('',#2490,1.);
#2490 = DIRECTION('',(1.,0.,2.22044604925E-16));
#2491 = PCURVE('',#2371,#2492);
#2492 = DEFINITIONAL_REPRESENTATION('',(#2493),#2497);
#2493 = LINE('',#2494,#2495);
#2494 = CARTESIAN_POINT('',(0.463747293722,-3.079232798476));
#2495 = VECTOR('',#2496,1.);
#2496 = DIRECTION('',(0.593798140947,0.804614048975));
#2497 = ( GEOMETRIC_REPRESENTATION_CONTEXT(2) 
PARAMETRIC_REPRESENTATION_CONTEXT() REPRESENTATION_CONTEXT('2D SPACE',''
  ) );
#2498 = ORIENTED_EDGE('',*,*,#2499,.F.);
#2499 = EDGE_CURVE('',#2500,#2484,#2502,.T.);
#2500 = VERTEX_POINT('',#2501);
#2501 = CARTESIAN_POINT('',(0.5,4.05,10.004307524249));
#2502 = SURFACE_CURVE('',#2503,(#2508),.PCURVE_S1.);
#2503 = CIRCLE('',#2504,0.5);
#2504 = AXIS2_PLACEMENT_3D('',#2505,#2506,#2507);
#2505 = CARTESIAN_POINT('',(-1.111179487145E-15,4.05,10.004307524249));
#2506 = DIRECTION('',(-0.,1.,0.));
#2507 = DIRECTION('',(0.593798140947,0.,0.804614048975));
#2508 = PCURVE('',#2371,#2509);
#2509 = DEFINITIONAL_REPRESENTATION('',(#2510),#2514);
#2510 = CIRCLE('',#2511,0.5);
#2511 = AXIS2_PLACEMENT_2D('',#2512,#2513);
#2512 = CARTESIAN_POINT('',(4.026536139403,1.748451495375));
#2513 = DIRECTION('',(1.,-1.372641314518E-16));
#2514 = ( GEOMETRIC_REPRESENTATION_CONTEXT(2) 
PARAMETRIC_REPRESENTATION_CONTEXT() REPRESENTATION_CONTEXT('2D SPACE',''
  ) );
#2515 = ORIENTED_EDGE('',*,*,#2516,.T.);
#2516 = EDGE_CURVE('',#2500,#2517,#2519,.T.);
#2517 = VERTEX_POINT('',#2518);
#2518 = CARTESIAN_POINT('',(5.,4.05,10.004307524249));
#2519 = SURFACE_CURVE('',#2520,(#2524),.PCURVE_S1.);
#2520 = LINE('',#2521,#2522);
#2521 = CARTESIAN_POINT('',(-6.,4.05,10.004307524249));
#2522 = VECTOR('',#2523,1.);
#2523 = DIRECTION('',(1.,0.,2.22044604925E-16));
#2524 = PCURVE('',#2371,#2525);
#2525 = DEFINITIONAL_REPRESENTATION('',(#2526),#2530);
#2526 = LINE('',#2527,#2528);
#2527 = CARTESIAN_POINT('',(0.463747293722,-3.079232798476));
#2528 = VECTOR('',#2529,1.);
#2529 = DIRECTION('',(0.593798140947,0.804614048975));
#2530 = ( GEOMETRIC_REPRESENTATION_CONTEXT(2) 
PARAMETRIC_REPRESENTATION_CONTEXT() REPRESENTATION_CONTEXT('2D SPACE',''
  ) );
#2531 = ORIENTED_EDGE('',*,*,#2532,.T.);
#2532 = EDGE_CURVE('',#2517,#2361,#2533,.T.);
#2533 = SURFACE_CURVE('',#2534,(#2539),.PCURVE_S1.);
#2534 = CIRCLE('',#2535,1.);
#2535 = AXIS2_PLACEMENT_3D('',#2536,#2537,#2538);
#2536 = CARTESIAN_POINT('',(5.,4.05,9.004307524249));
#2537 = DIRECTION('',(-0.,1.,0.));
#2538 = DIRECTION('',(0.593798140947,0.,0.804614048975));
#2539 = PCURVE('',#2371,#2540);
#2540 = DEFINITIONAL_REPRESENTATION('',(#2541),#2545);
#2541 = CIRCLE('',#2542,1.);
#2542 = AXIS2_PLACEMENT_2D('',#2543,#2544);
#2543 = CARTESIAN_POINT('',(6.190912795161,6.365319881198));
#2544 = DIRECTION('',(1.,-3.376165382252E-16));
#2545 = ( GEOMETRIC_REPRESENTATION_CONTEXT(2) 
PARAMETRIC_REPRESENTATION_CONTEXT() REPRESENTATION_CONTEXT('2D SPACE',''
  ) );
#2546 = FACE_BOUND('',#2547,.T.);
#2547 = EDGE_LOOP('',(#2548,#2567));
#2548 = ORIENTED_EDGE('',*,*,#2549,.F.);
#2549 = EDGE_CURVE('',#2550,#2552,#2554,.T.);
#2550 = VERTEX_POINT('',#2551);
#2551 = CARTESIAN_POINT('',(-2.889031744417,4.05,3.544024526391));
#2552 = VERTEX_POINT('',#2553);
#2553 = CARTESIAN_POINT('',(-3.364070257174,4.05,2.900333287211));
#2554 = SURFACE_CURVE('',#2555,(#2560),.PCURVE_S1.);
#2555 = CIRCLE('',#2556,0.4);
#2556 = AXIS2_PLACEMENT_3D('',#2557,#2558,#2559);
#2557 = CARTESIAN_POINT('',(-3.126551000796,4.05,3.222178906801));
#2558 = DIRECTION('',(-0.,1.,0.));
#2559 = DIRECTION('',(0.593798140947,0.,0.804614048975));
#2560 = PCURVE('',#2371,#2561);
#2561 = DEFINITIONAL_REPRESENTATION('',(#2562),#2566);
#2562 = CIRCLE('',#2563,0.4);
#2563 = AXIS2_PLACEMENT_2D('',#2564,#2565);
#2564 = CARTESIAN_POINT('',(-3.287,3.26));
#2565 = DIRECTION('',(1.,9.690722840127E-17));
#2566 = ( GEOMETRIC_REPRESENTATION_CONTEXT(2) 
PARAMETRIC_REPRESENTATION_CONTEXT() REPRESENTATION_CONTEXT('2D SPACE',''
  ) );
#2567 = ORIENTED_EDGE('',*,*,#2568,.F.);
#2568 = EDGE_CURVE('',#2552,#2550,#2569,.T.);
#2569 = SURFACE_CURVE('',#2570,(#2575),.PCURVE_S1.);
#2570 = CIRCLE('',#2571,0.4);
#2571 = AXIS2_PLACEMENT_3D('',#2572,#2573,#2574);
#2572 = CARTESIAN_POINT('',(-3.126551000796,4.05,3.222178906801));
#2573 = DIRECTION('',(-0.,1.,0.));
#2574 = DIRECTION('',(0.593798140947,0.,0.804614048975));
#2575 = PCURVE('',#2371,#2576);
#2576 = DEFINITIONAL_REPRESENTATION('',(#2577),#2581);
#2577 = CIRCLE('',#2578,0.4);
#2578 = AXIS2_PLACEMENT_2D('',#2579,#2580);
#2579 = CARTESIAN_POINT('',(-3.287,3.26));
#2580 = DIRECTION('',(1.,9.690722840127E-17));
#2581 = ( GEOMETRIC_REPRESENTATION_CONTEXT(2) 
PARAMETRIC_REPRESENTATION_CONTEXT() REPRESENTATION_CONTEXT('2D SPACE',''
  ) );
#2582 = FACE_BOUND('',#2583,.T.);
#2583 = EDGE_LOOP('',(#2584,#2603));
#2584 = ORIENTED_EDGE('',*,*,#2585,.F.);
#2585 = EDGE_CURVE('',#2586,#2588,#2590,.T.);
#2586 = VERTEX_POINT('',#2587);
#2587 = CARTESIAN_POINT('',(1.187596281893,4.05,6.60922809795));
#2588 = VERTEX_POINT('',#2589);
#2589 = CARTESIAN_POINT('',(-1.187596281893,4.05,3.39077190205));
#2590 = SURFACE_CURVE('',#2591,(#2596),.PCURVE_S1.);
#2591 = CIRCLE('',#2592,2.);
#2592 = AXIS2_PLACEMENT_3D('',#2593,#2594,#2595);
#2593 = CARTESIAN_POINT('',(0.,4.05,5.));
#2594 = DIRECTION('',(-0.,1.,0.));
#2595 = DIRECTION('',(0.593798140947,0.,0.804614048975));
#2596 = PCURVE('',#2371,#2597);
#2597 = DEFINITIONAL_REPRESENTATION('',(#2598),#2602);
#2598 = CIRCLE('',#2599,2.);
#2599 = AXIS2_PLACEMENT_2D('',#2600,#2601);
#2600 = CARTESIAN_POINT('',(5.322481127186E-17,4.72));
#2601 = DIRECTION('',(1.,9.690722840127E-17));
#2602 = ( GEOMETRIC_REPRESENTATION_CONTEXT(2) 
PARAMETRIC_REPRESENTATION_CONTEXT() REPRESENTATION_CONTEXT('2D SPACE',''
  ) );
#2603 = ORIENTED_EDGE('',*,*,#2604,.F.);
#2604 = EDGE_CURVE('',#2588,#2586,#2605,.T.);
#2605 = SURFACE_CURVE('',#2606,(#2611),.PCURVE_S1.);
#2606 = CIRCLE('',#2607,2.);
#2607 = AXIS2_PLACEMENT_3D('',#2608,#2609,#2610);
#2608 = CARTESIAN_POINT('',(0.,4.05,5.));
#2609 = DIRECTION('',(-0.,1.,0.));
#2610 = DIRECTION('',(0.593798140947,0.,0.804614048975));
#2611 = PCURVE('',#2371,#2612);
#2612 = DEFINITIONAL_REPRESENTATION('',(#2613),#2617);
#2613 = CIRCLE('',#2614,2.);
#2614 = AXIS2_PLACEMENT_2D('',#2615,#2616);
#2615 = CARTESIAN_POINT('',(5.322481127186E-17,4.72));
#2616 = DIRECTION('',(1.,9.690722840127E-17));
#2617 = ( GEOMETRIC_REPRESENTATION_CONTEXT(2) 
PARAMETRIC_REPRESENTATION_CONTEXT() REPRESENTATION_CONTEXT('2D SPACE',''
  ) );
#2618 = FACE_BOUND('',#2619,.T.);
#2619 = EDGE_LOOP('',(#2620,#2639));
#2620 = ORIENTED_EDGE('',*,*,#2621,.F.);
#2621 = EDGE_CURVE('',#2622,#2624,#2626,.T.);
#2622 = VERTEX_POINT('',#2623);
#2623 = CARTESIAN_POINT('',(-3.085220542027,4.05,8.768264084039));
#2624 = VERTEX_POINT('',#2625);
#2625 = CARTESIAN_POINT('',(-4.510336080299,4.05,6.837190366498));
#2626 = SURFACE_CURVE('',#2627,(#2632),.PCURVE_S1.);
#2627 = CIRCLE('',#2628,1.2);
#2628 = AXIS2_PLACEMENT_3D('',#2629,#2630,#2631);
#2629 = CARTESIAN_POINT('',(-3.797778311163,4.05,7.802727225269));
#2630 = DIRECTION('',(-0.,1.,0.));
#2631 = DIRECTION('',(0.593798140947,0.,0.804614048975));
#2632 = PCURVE('',#2371,#2633);
#2633 = DEFINITIONAL_REPRESENTATION('',(#2634),#2638);
#2634 = CIRCLE('',#2635,1.2);
#2635 = AXIS2_PLACEMENT_2D('',#2636,#2637);
#2636 = CARTESIAN_POINT('',(0.,0.));
#2637 = DIRECTION('',(1.,-4.793402714089E-17));
#2638 = ( GEOMETRIC_REPRESENTATION_CONTEXT(2) 
PARAMETRIC_REPRESENTATION_CONTEXT() REPRESENTATION_CONTEXT('2D SPACE',''
  ) );
#2639 = ORIENTED_EDGE('',*,*,#2640,.F.);
#2640 = EDGE_CURVE('',#2624,#2622,#2641,.T.);
#2641 = SURFACE_CURVE('',#2642,(#2647),.PCURVE_S1.);
#2642 = CIRCLE('',#2643,1.2);
#2643 = AXIS2_PLACEMENT_3D('',#2644,#2645,#2646);
#2644 = CARTESIAN_POINT('',(-3.797778311163,4.05,7.802727225269));
#2645 = DIRECTION('',(-0.,1.,0.));
#2646 = DIRECTION('',(0.593798140947,0.,0.804614048975));
#2647 = PCURVE('',#2371,#2648);
#2648 = DEFINITIONAL_REPRESENTATION('',(#2649),#2653);
#2649 = CIRCLE('',#2650,1.2);
#2650 = AXIS2_PLACEMENT_2D('',#2651,#2652);
#2651 = CARTESIAN_POINT('',(0.,0.));
#2652 = DIRECTION('',(1.,-4.793402714089E-17));
#2653 = ( GEOMETRIC_REPRESENTATION_CONTEXT(2) 
PARAMETRIC_REPRESENTATION_CONTEXT() REPRESENTATION_CONTEXT('2D SPACE',''
  ) );
#2654 = FACE_BOUND('',#2655,.T.);
#2655 = EDGE_LOOP('',(#2656,#2675));
#2656 = ORIENTED_EDGE('',*,*,#2657,.F.);
#2657 = EDGE_CURVE('',#2658,#2660,#2662,.T.);
#2658 = VERTEX_POINT('',#2659);
#2659 = CARTESIAN_POINT('',(4.510336080299,4.05,3.162809633502));
#2660 = VERTEX_POINT('',#2661);
#2661 = CARTESIAN_POINT('',(3.085220542027,4.05,1.231735915961));
#2662 = SURFACE_CURVE('',#2663,(#2668),.PCURVE_S1.);
#2663 = CIRCLE('',#2664,1.2);
#2664 = AXIS2_PLACEMENT_3D('',#2665,#2666,#2667);
#2665 = CARTESIAN_POINT('',(3.797778311163,4.05,2.197272774731));
#2666 = DIRECTION('',(-0.,1.,0.));
#2667 = DIRECTION('',(0.593798140947,0.,0.804614048975));
#2668 = PCURVE('',#2371,#2669);
#2669 = DEFINITIONAL_REPRESENTATION('',(#2670),#2674);
#2670 = CIRCLE('',#2671,1.2);
#2671 = AXIS2_PLACEMENT_2D('',#2672,#2673);
#2672 = CARTESIAN_POINT('',(1.064496225437E-16,9.44));
#2673 = DIRECTION('',(1.,7.577124090363E-18));
#2674 = ( GEOMETRIC_REPRESENTATION_CONTEXT(2) 
PARAMETRIC_REPRESENTATION_CONTEXT() REPRESENTATION_CONTEXT('2D SPACE',''
  ) );
#2675 = ORIENTED_EDGE('',*,*,#2676,.F.);
#2676 = EDGE_CURVE('',#2660,#2658,#2677,.T.);
#2677 = SURFACE_CURVE('',#2678,(#2683),.PCURVE_S1.);
#2678 = CIRCLE('',#2679,1.2);
#2679 = AXIS2_PLACEMENT_3D('',#2680,#2681,#2682);
#2680 = CARTESIAN_POINT('',(3.797778311163,4.05,2.197272774731));
#2681 = DIRECTION('',(-0.,1.,0.));
#2682 = DIRECTION('',(0.593798140947,0.,0.804614048975));
#2683 = PCURVE('',#2371,#2684);
#2684 = DEFINITIONAL_REPRESENTATION('',(#2685),#2689);
#2685 = CIRCLE('',#2686,1.2);
#2686 = AXIS2_PLACEMENT_2D('',#2687,#2688);
#2687 = CARTESIAN_POINT('',(1.064496225437E-16,9.44));
#2688 = DIRECTION('',(1.,7.577124090363E-18));
#2689 = ( GEOMETRIC_REPRESENTATION_CONTEXT(2) 
PARAMETRIC_REPRESENTATION_CONTEXT() REPRESENTATION_CONTEXT('2D SPACE',''
  ) );
#2690 = FACE_BOUND('',#2691,.T.);
#2691 = EDGE_LOOP('',(#2692,#2711));
#2692 = ORIENTED_EDGE('',*,*,#2693,.F.);
#2693 = EDGE_CURVE('',#2694,#2696,#2698,.T.);
#2694 = VERTEX_POINT('',#2695);
#2695 = CARTESIAN_POINT('',(0.237519256379,4.05,2.475760589237));
#2696 = VERTEX_POINT('',#2697);
#2697 = CARTESIAN_POINT('',(-0.237519256379,4.05,1.832069350057));
#2698 = SURFACE_CURVE('',#2699,(#2704),.PCURVE_S1.);
#2699 = CIRCLE('',#2700,0.4);
#2700 = AXIS2_PLACEMENT_3D('',#2701,#2702,#2703);
#2701 = CARTESIAN_POINT('',(1.499319564136E-15,4.05,2.153914969647));
#2702 = DIRECTION('',(-0.,1.,0.));
#2703 = DIRECTION('',(0.593798140947,0.,0.804614048975));
#2704 = PCURVE('',#2371,#2705);
#2705 = DEFINITIONAL_REPRESENTATION('',(#2706),#2710);
#2706 = CIRCLE('',#2707,0.4);
#2707 = AXIS2_PLACEMENT_2D('',#2708,#2709);
#2708 = CARTESIAN_POINT('',(-2.29,6.41));
#2709 = DIRECTION('',(1.,-1.372641314518E-16));
#2710 = ( GEOMETRIC_REPRESENTATION_CONTEXT(2) 
PARAMETRIC_REPRESENTATION_CONTEXT() REPRESENTATION_CONTEXT('2D SPACE',''
  ) );
#2711 = ORIENTED_EDGE('',*,*,#2712,.F.);
#2712 = EDGE_CURVE('',#2696,#2694,#2713,.T.);
#2713 = SURFACE_CURVE('',#2714,(#2719),.PCURVE_S1.);
#2714 = CIRCLE('',#2715,0.4);
#2715 = AXIS2_PLACEMENT_3D('',#2716,#2717,#2718);
#2716 = CARTESIAN_POINT('',(1.499319564136E-15,4.05,2.153914969647));
#2717 = DIRECTION('',(-0.,1.,0.));
#2718 = DIRECTION('',(0.593798140947,0.,0.804614048975));
#2719 = PCURVE('',#2371,#2720);
#2720 = DEFINITIONAL_REPRESENTATION('',(#2721),#2725);
#2721 = CIRCLE('',#2722,0.4);
#2722 = AXIS2_PLACEMENT_2D('',#2723,#2724);
#2723 = CARTESIAN_POINT('',(-2.29,6.41));
#2724 = DIRECTION('',(1.,-1.372641314518E-16));
#2725 = ( GEOMETRIC_REPRESENTATION_CONTEXT(2) 
PARAMETRIC_REPRESENTATION_CONTEXT() REPRESENTATION_CONTEXT('2D SPACE',''
  ) );
#2726 = SHELL_BASED_SURFACE_MODEL('',(#2727));
#2727 = OPEN_SHELL('',(#2728));
#2728 = ADVANCED_FACE('',(#2729),#2743,.F.);
#2729 = FACE_BOUND('',#2730,.T.);
#2730 = EDGE_LOOP('',(#2731,#2754,#2770,#2786));
#2731 = ORIENTED_EDGE('',*,*,#2732,.F.);
#2732 = EDGE_CURVE('',#2733,#2735,#2737,.T.);
#2733 = VERTEX_POINT('',#2734);
#2734 = CARTESIAN_POINT('',(5.,4.05,4.307524248792E-03));
#2735 = VERTEX_POINT('',#2736);
#2736 = CARTESIAN_POINT('',(-5.,4.05,4.30752424879E-03));
#2737 = SURFACE_CURVE('',#2738,(#2742),.PCURVE_S1.);
#2738 = LINE('',#2739,#2740);
#2739 = CARTESIAN_POINT('',(6.,4.05,4.307524248793E-03));
#2740 = VECTOR('',#2741,1.);
#2741 = DIRECTION('',(-1.,0.,-2.22044604925E-16));
#2742 = PCURVE('',#2743,#2748);
#2743 = PLANE('',#2744);
#2744 = AXIS2_PLACEMENT_3D('',#2745,#2746,#2747);
#2745 = CARTESIAN_POINT('',(6.,4.05,4.307524248793E-03));
#2746 = DIRECTION('',(-2.22044604925E-16,0.,1.));
#2747 = DIRECTION('',(1.,0.,2.22044604925E-16));
#2748 = DEFINITIONAL_REPRESENTATION('',(#2749),#2753);
#2749 = LINE('',#2750,#2751);
#2750 = CARTESIAN_POINT('',(0.,0.));
#2751 = VECTOR('',#2752,1.);
#2752 = DIRECTION('',(-1.,0.));
#2753 = ( GEOMETRIC_REPRESENTATION_CONTEXT(2) 
PARAMETRIC_REPRESENTATION_CONTEXT() REPRESENTATION_CONTEXT('2D SPACE',''
  ) );
#2754 = ORIENTED_EDGE('',*,*,#2755,.T.);
#2755 = EDGE_CURVE('',#2733,#2756,#2758,.T.);
#2756 = VERTEX_POINT('',#2757);
#2757 = CARTESIAN_POINT('',(5.,3.25,4.307524248792E-03));
#2758 = SURFACE_CURVE('',#2759,(#2763),.PCURVE_S1.);
#2759 = LINE('',#2760,#2761);
#2760 = CARTESIAN_POINT('',(5.,4.05,4.307524248792E-03));
#2761 = VECTOR('',#2762,1.);
#2762 = DIRECTION('',(0.,-1.,0.));
#2763 = PCURVE('',#2743,#2764);
#2764 = DEFINITIONAL_REPRESENTATION('',(#2765),#2769);
#2765 = LINE('',#2766,#2767);
#2766 = CARTESIAN_POINT('',(-1.,0.));
#2767 = VECTOR('',#2768,1.);
#2768 = DIRECTION('',(0.,-1.));
#2769 = ( GEOMETRIC_REPRESENTATION_CONTEXT(2) 
PARAMETRIC_REPRESENTATION_CONTEXT() REPRESENTATION_CONTEXT('2D SPACE',''
  ) );
#2770 = ORIENTED_EDGE('',*,*,#2771,.T.);
#2771 = EDGE_CURVE('',#2756,#2772,#2774,.T.);
#2772 = VERTEX_POINT('',#2773);
#2773 = CARTESIAN_POINT('',(-5.,3.25,4.30752424879E-03));
#2774 = SURFACE_CURVE('',#2775,(#2779),.PCURVE_S1.);
#2775 = LINE('',#2776,#2777);
#2776 = CARTESIAN_POINT('',(6.,3.25,4.307524248793E-03));
#2777 = VECTOR('',#2778,1.);
#2778 = DIRECTION('',(-1.,0.,-2.22044604925E-16));
#2779 = PCURVE('',#2743,#2780);
#2780 = DEFINITIONAL_REPRESENTATION('',(#2781),#2785);
#2781 = LINE('',#2782,#2783);
#2782 = CARTESIAN_POINT('',(0.,-0.8));
#2783 = VECTOR('',#2784,1.);
#2784 = DIRECTION('',(-1.,0.));
#2785 = ( GEOMETRIC_REPRESENTATION_CONTEXT(2) 
PARAMETRIC_REPRESENTATION_CONTEXT() REPRESENTATION_CONTEXT('2D SPACE',''
  ) );
#2786 = ORIENTED_EDGE('',*,*,#2787,.T.);
#2787 = EDGE_CURVE('',#2772,#2735,#2788,.T.);
#2788 = SURFACE_CURVE('',#2789,(#2793),.PCURVE_S1.);
#2789 = LINE('',#2790,#2791);
#2790 = CARTESIAN_POINT('',(-5.,4.05,4.30752424879E-03));
#2791 = VECTOR('',#2792,1.);
#2792 = DIRECTION('',(0.,1.,0.));
#2793 = PCURVE('',#2743,#2794);
#2794 = DEFINITIONAL_REPRESENTATION('',(#2795),#2799);
#2795 = LINE('',#2796,#2797);
#2796 = CARTESIAN_POINT('',(-11.,0.));
#2797 = VECTOR('',#2798,1.);
#2798 = DIRECTION('',(0.,1.));
#2799 = ( GEOMETRIC_REPRESENTATION_CONTEXT(2) 
PARAMETRIC_REPRESENTATION_CONTEXT() REPRESENTATION_CONTEXT('2D SPACE',''
  ) );
#2800 = SHELL_BASED_SURFACE_MODEL('',(#2801));
#2801 = OPEN_SHELL('',(#2802));
#2802 = ADVANCED_FACE('',(#2803),#2818,.F.);
#2803 = FACE_BOUND('',#2804,.F.);
#2804 = EDGE_LOOP('',(#2805,#2829,#2845,#2862));
#2805 = ORIENTED_EDGE('',*,*,#2806,.T.);
#2806 = EDGE_CURVE('',#2807,#2809,#2811,.T.);
#2807 = VERTEX_POINT('',#2808);
#2808 = CARTESIAN_POINT('',(-2.907081099743,3.25,9.009648298731));
#2809 = VERTEX_POINT('',#2810);
#2810 = CARTESIAN_POINT('',(-4.688475522583,3.25,6.595806151806));
#2811 = SURFACE_CURVE('',#2812,(#2817),.PCURVE_S1.);
#2812 = CIRCLE('',#2813,1.5);
#2813 = AXIS2_PLACEMENT_3D('',#2814,#2815,#2816);
#2814 = CARTESIAN_POINT('',(-3.797778311163,3.25,7.802727225269));
#2815 = DIRECTION('',(-0.,1.,0.));
#2816 = DIRECTION('',(0.593798140947,0.,0.804614048975));
#2817 = PCURVE('',#2818,#2823);
#2818 = CONICAL_SURFACE('',#2819,1.5,0.785398163397);
#2819 = AXIS2_PLACEMENT_3D('',#2820,#2821,#2822);
#2820 = CARTESIAN_POINT('',(-3.797778311163,3.25,7.802727225269));
#2821 = DIRECTION('',(0.,-1.,-0.));
#2822 = DIRECTION('',(-0.593798140947,0.,-0.804614048975));
#2823 = DEFINITIONAL_REPRESENTATION('',(#2824),#2828);
#2824 = LINE('',#2825,#2826);
#2825 = CARTESIAN_POINT('',(3.14159265359,-1.110223024625E-16));
#2826 = VECTOR('',#2827,1.);
#2827 = DIRECTION('',(-1.,-7.067899292141E-17));
#2828 = ( GEOMETRIC_REPRESENTATION_CONTEXT(2) 
PARAMETRIC_REPRESENTATION_CONTEXT() REPRESENTATION_CONTEXT('2D SPACE',''
  ) );
#2829 = ORIENTED_EDGE('',*,*,#2830,.F.);
#2830 = EDGE_CURVE('',#2831,#2809,#2833,.T.);
#2831 = VERTEX_POINT('',#2832);
#2832 = CARTESIAN_POINT('',(-4.510336080299,3.55,6.837190366498));
#2833 = SURFACE_CURVE('',#2834,(#2838),.PCURVE_S1.);
#2834 = LINE('',#2835,#2836);
#2835 = CARTESIAN_POINT('',(-4.688475522583,3.25,6.595806151806));
#2836 = VECTOR('',#2837,1.);
#2837 = DIRECTION('',(-0.419878692119,-0.707106781187,-0.568948050268));
#2838 = PCURVE('',#2818,#2839);
#2839 = DEFINITIONAL_REPRESENTATION('',(#2840),#2844);
#2840 = LINE('',#2841,#2842);
#2841 = CARTESIAN_POINT('',(0.,7.850462293419E-17));
#2842 = VECTOR('',#2843,1.);
#2843 = DIRECTION('',(0.,1.));
#2844 = ( GEOMETRIC_REPRESENTATION_CONTEXT(2) 
PARAMETRIC_REPRESENTATION_CONTEXT() REPRESENTATION_CONTEXT('2D SPACE',''
  ) );
#2845 = ORIENTED_EDGE('',*,*,#2846,.T.);
#2846 = EDGE_CURVE('',#2831,#2847,#2849,.T.);
#2847 = VERTEX_POINT('',#2848);
#2848 = CARTESIAN_POINT('',(-3.085220542027,3.55,8.768264084039));
#2849 = SURFACE_CURVE('',#2850,(#2855),.PCURVE_S1.);
#2850 = CIRCLE('',#2851,1.2);
#2851 = AXIS2_PLACEMENT_3D('',#2852,#2853,#2854);
#2852 = CARTESIAN_POINT('',(-3.797778311163,3.55,7.802727225269));
#2853 = DIRECTION('',(0.,-1.,0.));
#2854 = DIRECTION('',(0.593798140947,0.,0.804614048975));
#2855 = PCURVE('',#2818,#2856);
#2856 = DEFINITIONAL_REPRESENTATION('',(#2857),#2861);
#2857 = LINE('',#2858,#2859);
#2858 = CARTESIAN_POINT('',(-3.14159265359,-0.3));
#2859 = VECTOR('',#2860,1.);
#2860 = DIRECTION('',(1.,1.124495891599E-16));
#2861 = ( GEOMETRIC_REPRESENTATION_CONTEXT(2) 
PARAMETRIC_REPRESENTATION_CONTEXT() REPRESENTATION_CONTEXT('2D SPACE',''
  ) );
#2862 = ORIENTED_EDGE('',*,*,#2863,.T.);
#2863 = EDGE_CURVE('',#2847,#2807,#2864,.T.);
#2864 = SURFACE_CURVE('',#2865,(#2869),.PCURVE_S1.);
#2865 = LINE('',#2866,#2867);
#2866 = CARTESIAN_POINT('',(-2.907081099743,3.25,9.009648298731));
#2867 = VECTOR('',#2868,1.);
#2868 = DIRECTION('',(0.419878692119,-0.707106781187,0.568948050268));
#2869 = PCURVE('',#2818,#2870);
#2870 = DEFINITIONAL_REPRESENTATION('',(#2871),#2875);
#2871 = LINE('',#2872,#2873);
#2872 = CARTESIAN_POINT('',(3.14159265359,2.747661802697E-16));
#2873 = VECTOR('',#2874,1.);
#2874 = DIRECTION('',(1.480297366167E-15,1.));
#2875 = ( GEOMETRIC_REPRESENTATION_CONTEXT(2) 
PARAMETRIC_REPRESENTATION_CONTEXT() REPRESENTATION_CONTEXT('2D SPACE',''
  ) );
#2876 = SHELL_BASED_SURFACE_MODEL('',(#2877));
#2877 = OPEN_SHELL('',(#2878));
#2878 = ADVANCED_FACE('',(#2879,#2920,#2956,#2992,#3028,#3232),#2894,.F.
  );
#2879 = FACE_BOUND('',#2880,.T.);
#2880 = EDGE_LOOP('',(#2881,#2905));
#2881 = ORIENTED_EDGE('',*,*,#2882,.T.);
#2882 = EDGE_CURVE('',#2883,#2885,#2887,.T.);
#2883 = VERTEX_POINT('',#2884);
#2884 = CARTESIAN_POINT('',(2.907081099743,3.25,0.990351701269));
#2885 = VERTEX_POINT('',#2886);
#2886 = CARTESIAN_POINT('',(4.688475522583,3.25,3.404193848194));
#2887 = SURFACE_CURVE('',#2888,(#2893),.PCURVE_S1.);
#2888 = CIRCLE('',#2889,1.5);
#2889 = AXIS2_PLACEMENT_3D('',#2890,#2891,#2892);
#2890 = CARTESIAN_POINT('',(3.797778311163,3.25,2.197272774731));
#2891 = DIRECTION('',(-0.,1.,0.));
#2892 = DIRECTION('',(0.593798140947,0.,0.804614048975));
#2893 = PCURVE('',#2894,#2899);
#2894 = PLANE('',#2895);
#2895 = AXIS2_PLACEMENT_3D('',#2896,#2897,#2898);
#2896 = CARTESIAN_POINT('',(-3.797778311163,3.25,7.802727225269));
#2897 = DIRECTION('',(0.,1.,0.));
#2898 = DIRECTION('',(0.593798140947,0.,0.804614048975));
#2899 = DEFINITIONAL_REPRESENTATION('',(#2900),#2904);
#2900 = CIRCLE('',#2901,1.5);
#2901 = AXIS2_PLACEMENT_2D('',#2902,#2903);
#2902 = CARTESIAN_POINT('',(1.064496225437E-16,9.44));
#2903 = DIRECTION('',(1.,1.524183796325E-16));
#2904 = ( GEOMETRIC_REPRESENTATION_CONTEXT(2) 
PARAMETRIC_REPRESENTATION_CONTEXT() REPRESENTATION_CONTEXT('2D SPACE',''
  ) );
#2905 = ORIENTED_EDGE('',*,*,#2906,.T.);
#2906 = EDGE_CURVE('',#2885,#2883,#2907,.T.);
#2907 = SURFACE_CURVE('',#2908,(#2913),.PCURVE_S1.);
#2908 = CIRCLE('',#2909,1.5);
#2909 = AXIS2_PLACEMENT_3D('',#2910,#2911,#2912);
#2910 = CARTESIAN_POINT('',(3.797778311163,3.25,2.197272774731));
#2911 = DIRECTION('',(-0.,1.,0.));
#2912 = DIRECTION('',(0.593798140947,0.,0.804614048975));
#2913 = PCURVE('',#2894,#2914);
#2914 = DEFINITIONAL_REPRESENTATION('',(#2915),#2919);
#2915 = CIRCLE('',#2916,1.5);
#2916 = AXIS2_PLACEMENT_2D('',#2917,#2918);
#2917 = CARTESIAN_POINT('',(1.064496225437E-16,9.44));
#2918 = DIRECTION('',(1.,1.524183796325E-16));
#2919 = ( GEOMETRIC_REPRESENTATION_CONTEXT(2) 
PARAMETRIC_REPRESENTATION_CONTEXT() REPRESENTATION_CONTEXT('2D SPACE',''
  ) );
#2920 = FACE_BOUND('',#2921,.T.);
#2921 = EDGE_LOOP('',(#2922,#2941));
#2922 = ORIENTED_EDGE('',*,*,#2923,.T.);
#2923 = EDGE_CURVE('',#2924,#2926,#2928,.T.);
#2924 = VERTEX_POINT('',#2925);
#2925 = CARTESIAN_POINT('',(-4.688475522583,3.25,6.595806151806));
#2926 = VERTEX_POINT('',#2927);
#2927 = CARTESIAN_POINT('',(-2.907081099743,3.25,9.009648298731));
#2928 = SURFACE_CURVE('',#2929,(#2934),.PCURVE_S1.);
#2929 = CIRCLE('',#2930,1.5);
#2930 = AXIS2_PLACEMENT_3D('',#2931,#2932,#2933);
#2931 = CARTESIAN_POINT('',(-3.797778311163,3.25,7.802727225269));
#2932 = DIRECTION('',(-0.,1.,0.));
#2933 = DIRECTION('',(0.593798140947,0.,0.804614048975));
#2934 = PCURVE('',#2894,#2935);
#2935 = DEFINITIONAL_REPRESENTATION('',(#2936),#2940);
#2936 = CIRCLE('',#2937,1.5);
#2937 = AXIS2_PLACEMENT_2D('',#2938,#2939);
#2938 = CARTESIAN_POINT('',(0.,0.));
#2939 = DIRECTION('',(1.,7.577124090363E-18));
#2940 = ( GEOMETRIC_REPRESENTATION_CONTEXT(2) 
PARAMETRIC_REPRESENTATION_CONTEXT() REPRESENTATION_CONTEXT('2D SPACE',''
  ) );
#2941 = ORIENTED_EDGE('',*,*,#2942,.T.);
#2942 = EDGE_CURVE('',#2926,#2924,#2943,.T.);
#2943 = SURFACE_CURVE('',#2944,(#2949),.PCURVE_S1.);
#2944 = CIRCLE('',#2945,1.5);
#2945 = AXIS2_PLACEMENT_3D('',#2946,#2947,#2948);
#2946 = CARTESIAN_POINT('',(-3.797778311163,3.25,7.802727225269));
#2947 = DIRECTION('',(-0.,1.,0.));
#2948 = DIRECTION('',(0.593798140947,0.,0.804614048975));
#2949 = PCURVE('',#2894,#2950);
#2950 = DEFINITIONAL_REPRESENTATION('',(#2951),#2955);
#2951 = CIRCLE('',#2952,1.5);
#2952 = AXIS2_PLACEMENT_2D('',#2953,#2954);
#2953 = CARTESIAN_POINT('',(0.,0.));
#2954 = DIRECTION('',(1.,7.577124090363E-18));
#2955 = ( GEOMETRIC_REPRESENTATION_CONTEXT(2) 
PARAMETRIC_REPRESENTATION_CONTEXT() REPRESENTATION_CONTEXT('2D SPACE',''
  ) );
#2956 = FACE_BOUND('',#2957,.T.);
#2957 = EDGE_LOOP('',(#2958,#2977));
#2958 = ORIENTED_EDGE('',*,*,#2959,.T.);
#2959 = EDGE_CURVE('',#2960,#2962,#2964,.T.);
#2960 = VERTEX_POINT('',#2961);
#2961 = CARTESIAN_POINT('',(-2.889031744417,3.25,3.544024526391));
#2962 = VERTEX_POINT('',#2963);
#2963 = CARTESIAN_POINT('',(-3.364070257174,3.25,2.900333287211));
#2964 = SURFACE_CURVE('',#2965,(#2970),.PCURVE_S1.);
#2965 = CIRCLE('',#2966,0.4);
#2966 = AXIS2_PLACEMENT_3D('',#2967,#2968,#2969);
#2967 = CARTESIAN_POINT('',(-3.126551000796,3.25,3.222178906801));
#2968 = DIRECTION('',(-0.,1.,0.));
#2969 = DIRECTION('',(0.593798140947,0.,0.804614048975));
#2970 = PCURVE('',#2894,#2971);
#2971 = DEFINITIONAL_REPRESENTATION('',(#2972),#2976);
#2972 = CIRCLE('',#2973,0.4);
#2973 = AXIS2_PLACEMENT_2D('',#2974,#2975);
#2974 = CARTESIAN_POINT('',(-3.287,3.26));
#2975 = DIRECTION('',(1.,9.690722840127E-17));
#2976 = ( GEOMETRIC_REPRESENTATION_CONTEXT(2) 
PARAMETRIC_REPRESENTATION_CONTEXT() REPRESENTATION_CONTEXT('2D SPACE',''
  ) );
#2977 = ORIENTED_EDGE('',*,*,#2978,.T.);
#2978 = EDGE_CURVE('',#2962,#2960,#2979,.T.);
#2979 = SURFACE_CURVE('',#2980,(#2985),.PCURVE_S1.);
#2980 = CIRCLE('',#2981,0.4);
#2981 = AXIS2_PLACEMENT_3D('',#2982,#2983,#2984);
#2982 = CARTESIAN_POINT('',(-3.126551000796,3.25,3.222178906801));
#2983 = DIRECTION('',(-0.,1.,0.));
#2984 = DIRECTION('',(0.593798140947,0.,0.804614048975));
#2985 = PCURVE('',#2894,#2986);
#2986 = DEFINITIONAL_REPRESENTATION('',(#2987),#2991);
#2987 = CIRCLE('',#2988,0.4);
#2988 = AXIS2_PLACEMENT_2D('',#2989,#2990);
#2989 = CARTESIAN_POINT('',(-3.287,3.26));
#2990 = DIRECTION('',(1.,9.690722840127E-17));
#2991 = ( GEOMETRIC_REPRESENTATION_CONTEXT(2) 
PARAMETRIC_REPRESENTATION_CONTEXT() REPRESENTATION_CONTEXT('2D SPACE',''
  ) );
#2992 = FACE_BOUND('',#2993,.T.);
#2993 = EDGE_LOOP('',(#2994,#3013));
#2994 = ORIENTED_EDGE('',*,*,#2995,.T.);
#2995 = EDGE_CURVE('',#2996,#2998,#3000,.T.);
#2996 = VERTEX_POINT('',#2997);
#2997 = CARTESIAN_POINT('',(1.187596281893,3.25,6.60922809795));
#2998 = VERTEX_POINT('',#2999);
#2999 = CARTESIAN_POINT('',(-1.187596281893,3.25,3.39077190205));
#3000 = SURFACE_CURVE('',#3001,(#3006),.PCURVE_S1.);
#3001 = CIRCLE('',#3002,2.);
#3002 = AXIS2_PLACEMENT_3D('',#3003,#3004,#3005);
#3003 = CARTESIAN_POINT('',(0.,3.25,5.));
#3004 = DIRECTION('',(-0.,1.,0.));
#3005 = DIRECTION('',(0.593798140947,0.,0.804614048975));
#3006 = PCURVE('',#2894,#3007);
#3007 = DEFINITIONAL_REPRESENTATION('',(#3008),#3012);
#3008 = CIRCLE('',#3009,2.);
#3009 = AXIS2_PLACEMENT_2D('',#3010,#3011);
#3010 = CARTESIAN_POINT('',(5.322481127186E-17,4.72));
#3011 = DIRECTION('',(1.,9.690722840127E-17));
#3012 = ( GEOMETRIC_REPRESENTATION_CONTEXT(2) 
PARAMETRIC_REPRESENTATION_CONTEXT() REPRESENTATION_CONTEXT('2D SPACE',''
  ) );
#3013 = ORIENTED_EDGE('',*,*,#3014,.T.);
#3014 = EDGE_CURVE('',#2998,#2996,#3015,.T.);
#3015 = SURFACE_CURVE('',#3016,(#3021),.PCURVE_S1.);
#3016 = CIRCLE('',#3017,2.);
#3017 = AXIS2_PLACEMENT_3D('',#3018,#3019,#3020);
#3018 = CARTESIAN_POINT('',(0.,3.25,5.));
#3019 = DIRECTION('',(-0.,1.,0.));
#3020 = DIRECTION('',(0.593798140947,0.,0.804614048975));
#3021 = PCURVE('',#2894,#3022);
#3022 = DEFINITIONAL_REPRESENTATION('',(#3023),#3027);
#3023 = CIRCLE('',#3024,2.);
#3024 = AXIS2_PLACEMENT_2D('',#3025,#3026);
#3025 = CARTESIAN_POINT('',(5.322481127186E-17,4.72));
#3026 = DIRECTION('',(1.,9.690722840127E-17));
#3027 = ( GEOMETRIC_REPRESENTATION_CONTEXT(2) 
PARAMETRIC_REPRESENTATION_CONTEXT() REPRESENTATION_CONTEXT('2D SPACE',''
  ) );
#3028 = FACE_BOUND('',#3029,.T.);
#3029 = EDGE_LOOP('',(#3030,#3048,#3069,#3085,#3106,#3122,#3139,#3155,
    #3176,#3192,#3213));
#3030 = ORIENTED_EDGE('',*,*,#3031,.F.);
#3031 = EDGE_CURVE('',#3032,#3034,#3036,.T.);
#3032 = VERTEX_POINT('',#3033);
#3033 = CARTESIAN_POINT('',(5.,3.25,4.307524248792E-03));
#3034 = VERTEX_POINT('',#3035);
#3035 = CARTESIAN_POINT('',(-5.,3.25,4.30752424879E-03));
#3036 = SURFACE_CURVE('',#3037,(#3041),.PCURVE_S1.);
#3037 = LINE('',#3038,#3039);
#3038 = CARTESIAN_POINT('',(6.,3.25,4.307524248793E-03));
#3039 = VECTOR('',#3040,1.);
#3040 = DIRECTION('',(-1.,0.,-2.22044604925E-16));
#3041 = PCURVE('',#2894,#3042);
#3042 = DEFINITIONAL_REPRESENTATION('',(#3043),#3047);
#3043 = LINE('',#3044,#3045);
#3044 = CARTESIAN_POINT('',(-0.456815504669,12.514117198694));
#3045 = VECTOR('',#3046,1.);
#3046 = DIRECTION('',(-0.593798140947,-0.804614048975));
#3047 = ( GEOMETRIC_REPRESENTATION_CONTEXT(2) 
PARAMETRIC_REPRESENTATION_CONTEXT() REPRESENTATION_CONTEXT('2D SPACE',''
  ) );
#3048 = ORIENTED_EDGE('',*,*,#3049,.T.);
#3049 = EDGE_CURVE('',#3032,#3050,#3052,.T.);
#3050 = VERTEX_POINT('',#3051);
#3051 = CARTESIAN_POINT('',(6.,3.25,1.004307524249));
#3052 = SURFACE_CURVE('',#3053,(#3058),.PCURVE_S1.);
#3053 = CIRCLE('',#3054,1.);
#3054 = AXIS2_PLACEMENT_3D('',#3055,#3056,#3057);
#3055 = CARTESIAN_POINT('',(5.,3.25,1.004307524249));
#3056 = DIRECTION('',(0.,-1.,0.));
#3057 = DIRECTION('',(0.593798140947,0.,0.804614048975));
#3058 = PCURVE('',#2894,#3059);
#3059 = DEFINITIONAL_REPRESENTATION('',(#3060),#3068);
#3060 = ( BOUNDED_CURVE() B_SPLINE_CURVE(2,(#3061,#3062,#3063,#3064,
#3065,#3066,#3067),.UNSPECIFIED.,.T.,.F.) B_SPLINE_CURVE_WITH_KNOTS((1,2
    ,2,2,2,1),(-2.094395102393,0.,2.094395102393,4.188790204786,
6.28318530718,8.377580409573),.UNSPECIFIED.) CURVE() 
GEOMETRIC_REPRESENTATION_ITEM() RATIONAL_B_SPLINE_CURVE((1.,0.5,1.,0.5,
1.,0.5,1.)) REPRESENTATION_ITEM('') );
#3061 = CARTESIAN_POINT('',(0.75400040336,11.115705008772));
#3062 = CARTESIAN_POINT('',(0.75400040336,9.383654201203));
#3063 = CARTESIAN_POINT('',(-0.74599959664,10.249679604987));
#3064 = CARTESIAN_POINT('',(-2.24599959664,11.115705008772));
#3065 = CARTESIAN_POINT('',(-0.74599959664,11.981730412556));
#3066 = CARTESIAN_POINT('',(0.75400040336,12.847755816341));
#3067 = CARTESIAN_POINT('',(0.75400040336,11.115705008772));
#3068 = ( GEOMETRIC_REPRESENTATION_CONTEXT(2) 
PARAMETRIC_REPRESENTATION_CONTEXT() REPRESENTATION_CONTEXT('2D SPACE',''
  ) );
#3069 = ORIENTED_EDGE('',*,*,#3070,.F.);
#3070 = EDGE_CURVE('',#3071,#3050,#3073,.T.);
#3071 = VERTEX_POINT('',#3072);
#3072 = CARTESIAN_POINT('',(6.,3.25,9.004307524249));
#3073 = SURFACE_CURVE('',#3074,(#3078),.PCURVE_S1.);
#3074 = LINE('',#3075,#3076);
#3075 = CARTESIAN_POINT('',(6.,3.25,10.004307524249));
#3076 = VECTOR('',#3077,1.);
#3077 = DIRECTION('',(3.885780586188E-16,0.,-1.));
#3078 = PCURVE('',#2894,#3079);
#3079 = DEFINITIONAL_REPRESENTATION('',(#3080),#3084);
#3080 = LINE('',#3081,#3082);
#3081 = CARTESIAN_POINT('',(7.589324985083,6.576135789226));
#3082 = VECTOR('',#3083,1.);
#3083 = DIRECTION('',(-0.804614048975,0.593798140947));
#3084 = ( GEOMETRIC_REPRESENTATION_CONTEXT(2) 
PARAMETRIC_REPRESENTATION_CONTEXT() REPRESENTATION_CONTEXT('2D SPACE',''
  ) );
#3085 = ORIENTED_EDGE('',*,*,#3086,.T.);
#3086 = EDGE_CURVE('',#3071,#3087,#3089,.T.);
#3087 = VERTEX_POINT('',#3088);
#3088 = CARTESIAN_POINT('',(5.,3.25,10.004307524249));
#3089 = SURFACE_CURVE('',#3090,(#3095),.PCURVE_S1.);
#3090 = CIRCLE('',#3091,1.);
#3091 = AXIS2_PLACEMENT_3D('',#3092,#3093,#3094);
#3092 = CARTESIAN_POINT('',(5.,3.25,9.004307524249));
#3093 = DIRECTION('',(0.,-1.,0.));
#3094 = DIRECTION('',(0.593798140947,0.,0.804614048975));
#3095 = PCURVE('',#2894,#3096);
#3096 = DEFINITIONAL_REPRESENTATION('',(#3097),#3105);
#3097 = ( BOUNDED_CURVE() B_SPLINE_CURVE(2,(#3098,#3099,#3100,#3101,
#3102,#3103,#3104),.UNSPECIFIED.,.T.,.F.) B_SPLINE_CURVE_WITH_KNOTS((1,2
    ,2,2,2,1),(-2.094395102393,0.,2.094395102393,4.188790204786,
6.28318530718,8.377580409573),.UNSPECIFIED.) CURVE() 
GEOMETRIC_REPRESENTATION_ITEM() RATIONAL_B_SPLINE_CURVE((1.,0.5,1.,0.5,
1.,0.5,1.)) REPRESENTATION_ITEM('') );
#3098 = CARTESIAN_POINT('',(7.190912795161,6.365319881198));
#3099 = CARTESIAN_POINT('',(7.190912795161,4.633269073629));
#3100 = CARTESIAN_POINT('',(5.690912795161,5.499294477413));
#3101 = CARTESIAN_POINT('',(4.190912795161,6.365319881198));
#3102 = CARTESIAN_POINT('',(5.690912795161,7.231345284982));
#3103 = CARTESIAN_POINT('',(7.190912795161,8.097370688767));
#3104 = CARTESIAN_POINT('',(7.190912795161,6.365319881198));
#3105 = ( GEOMETRIC_REPRESENTATION_CONTEXT(2) 
PARAMETRIC_REPRESENTATION_CONTEXT() REPRESENTATION_CONTEXT('2D SPACE',''
  ) );
#3106 = ORIENTED_EDGE('',*,*,#3107,.F.);
#3107 = EDGE_CURVE('',#3108,#3087,#3110,.T.);
#3108 = VERTEX_POINT('',#3109);
#3109 = CARTESIAN_POINT('',(0.5,3.25,10.004307524249));
#3110 = SURFACE_CURVE('',#3111,(#3115),.PCURVE_S1.);
#3111 = LINE('',#3112,#3113);
#3112 = CARTESIAN_POINT('',(-6.,3.25,10.004307524249));
#3113 = VECTOR('',#3114,1.);
#3114 = DIRECTION('',(1.,0.,2.22044604925E-16));
#3115 = PCURVE('',#2894,#3116);
#3116 = DEFINITIONAL_REPRESENTATION('',(#3117),#3121);
#3117 = LINE('',#3118,#3119);
#3118 = CARTESIAN_POINT('',(0.463747293722,-3.079232798476));
#3119 = VECTOR('',#3120,1.);
#3120 = DIRECTION('',(0.593798140947,0.804614048975));
#3121 = ( GEOMETRIC_REPRESENTATION_CONTEXT(2) 
PARAMETRIC_REPRESENTATION_CONTEXT() REPRESENTATION_CONTEXT('2D SPACE',''
  ) );
#3122 = ORIENTED_EDGE('',*,*,#3123,.T.);
#3123 = EDGE_CURVE('',#3108,#3124,#3126,.T.);
#3124 = VERTEX_POINT('',#3125);
#3125 = CARTESIAN_POINT('',(-0.5,3.25,10.004307524249));
#3126 = SURFACE_CURVE('',#3127,(#3132),.PCURVE_S1.);
#3127 = CIRCLE('',#3128,0.5);
#3128 = AXIS2_PLACEMENT_3D('',#3129,#3130,#3131);
#3129 = CARTESIAN_POINT('',(-1.111179487145E-15,3.25,10.004307524249));
#3130 = DIRECTION('',(-0.,1.,0.));
#3131 = DIRECTION('',(0.593798140947,0.,0.804614048975));
#3132 = PCURVE('',#2894,#3133);
#3133 = DEFINITIONAL_REPRESENTATION('',(#3134),#3138);
#3134 = CIRCLE('',#3135,0.5);
#3135 = AXIS2_PLACEMENT_2D('',#3136,#3137);
#3136 = CARTESIAN_POINT('',(4.026536139403,1.748451495375));
#3137 = DIRECTION('',(1.,-1.372641314518E-16));
#3138 = ( GEOMETRIC_REPRESENTATION_CONTEXT(2) 
PARAMETRIC_REPRESENTATION_CONTEXT() REPRESENTATION_CONTEXT('2D SPACE',''
  ) );
#3139 = ORIENTED_EDGE('',*,*,#3140,.F.);
#3140 = EDGE_CURVE('',#3141,#3124,#3143,.T.);
#3141 = VERTEX_POINT('',#3142);
#3142 = CARTESIAN_POINT('',(-5.,3.25,10.004307524249));
#3143 = SURFACE_CURVE('',#3144,(#3148),.PCURVE_S1.);
#3144 = LINE('',#3145,#3146);
#3145 = CARTESIAN_POINT('',(-6.,3.25,10.004307524249));
#3146 = VECTOR('',#3147,1.);
#3147 = DIRECTION('',(1.,0.,2.22044604925E-16));
#3148 = PCURVE('',#2894,#3149);
#3149 = DEFINITIONAL_REPRESENTATION('',(#3150),#3154);
#3150 = LINE('',#3151,#3152);
#3151 = CARTESIAN_POINT('',(0.463747293722,-3.079232798476));
#3152 = VECTOR('',#3153,1.);
#3153 = DIRECTION('',(0.593798140947,0.804614048975));
#3154 = ( GEOMETRIC_REPRESENTATION_CONTEXT(2) 
PARAMETRIC_REPRESENTATION_CONTEXT() REPRESENTATION_CONTEXT('2D SPACE',''
  ) );
#3155 = ORIENTED_EDGE('',*,*,#3156,.T.);
#3156 = EDGE_CURVE('',#3141,#3157,#3159,.T.);
#3157 = VERTEX_POINT('',#3158);
#3158 = CARTESIAN_POINT('',(-6.,3.25,9.004307524249));
#3159 = SURFACE_CURVE('',#3160,(#3165),.PCURVE_S1.);
#3160 = CIRCLE('',#3161,1.);
#3161 = AXIS2_PLACEMENT_3D('',#3162,#3163,#3164);
#3162 = CARTESIAN_POINT('',(-5.,3.25,9.004307524249));
#3163 = DIRECTION('',(0.,-1.,0.));
#3164 = DIRECTION('',(0.593798140947,0.,0.804614048975));
#3165 = PCURVE('',#2894,#3166);
#3166 = DEFINITIONAL_REPRESENTATION('',(#3167),#3175);
#3167 = ( BOUNDED_CURVE() B_SPLINE_CURVE(2,(#3168,#3169,#3170,#3171,
#3172,#3173,#3174),.UNSPECIFIED.,.T.,.F.) B_SPLINE_CURVE_WITH_KNOTS((1,2
    ,2,2,2,1),(-2.094395102393,0.,2.094395102393,4.188790204786,
6.28318530718,8.377580409573),.UNSPECIFIED.) CURVE() 
GEOMETRIC_REPRESENTATION_ITEM() RATIONAL_B_SPLINE_CURVE((1.,0.5,1.,0.5,
1.,0.5,1.)) REPRESENTATION_ITEM('') );
#3168 = CARTESIAN_POINT('',(1.252931385694,-1.680820608554));
#3169 = CARTESIAN_POINT('',(1.252931385694,-3.412871416123));
#3170 = CARTESIAN_POINT('',(-0.247068614306,-2.546846012338));
#3171 = CARTESIAN_POINT('',(-1.747068614306,-1.680820608554));
#3172 = CARTESIAN_POINT('',(-0.247068614306,-0.814795204769));
#3173 = CARTESIAN_POINT('',(1.252931385694,5.123019901512E-02));
#3174 = CARTESIAN_POINT('',(1.252931385694,-1.680820608554));
#3175 = ( GEOMETRIC_REPRESENTATION_CONTEXT(2) 
PARAMETRIC_REPRESENTATION_CONTEXT() REPRESENTATION_CONTEXT('2D SPACE',''
  ) );
#3176 = ORIENTED_EDGE('',*,*,#3177,.F.);
#3177 = EDGE_CURVE('',#3178,#3157,#3180,.T.);
#3178 = VERTEX_POINT('',#3179);
#3179 = CARTESIAN_POINT('',(-6.,3.25,1.004307524249));
#3180 = SURFACE_CURVE('',#3181,(#3185),.PCURVE_S1.);
#3181 = LINE('',#3182,#3183);
#3182 = CARTESIAN_POINT('',(-6.,3.25,4.307524248791E-03));
#3183 = VECTOR('',#3184,1.);
#3184 = DIRECTION('',(-3.885780586188E-16,0.,1.));
#3185 = PCURVE('',#2894,#3186);
#3186 = DEFINITIONAL_REPRESENTATION('',(#3187),#3191);
#3187 = LINE('',#3188,#3189);
#3188 = CARTESIAN_POINT('',(-7.582393196029,2.858748610992));
#3189 = VECTOR('',#3190,1.);
#3190 = DIRECTION('',(0.804614048975,-0.593798140947));
#3191 = ( GEOMETRIC_REPRESENTATION_CONTEXT(2) 
PARAMETRIC_REPRESENTATION_CONTEXT() REPRESENTATION_CONTEXT('2D SPACE',''
  ) );
#3192 = ORIENTED_EDGE('',*,*,#3193,.T.);
#3193 = EDGE_CURVE('',#3178,#3194,#3196,.T.);
#3194 = VERTEX_POINT('',#3195);
#3195 = CARTESIAN_POINT('',(-5.593798140947,3.25,0.199693475274));
#3196 = SURFACE_CURVE('',#3197,(#3202),.PCURVE_S1.);
#3197 = CIRCLE('',#3198,1.);
#3198 = AXIS2_PLACEMENT_3D('',#3199,#3200,#3201);
#3199 = CARTESIAN_POINT('',(-5.,3.25,1.004307524249));
#3200 = DIRECTION('',(0.,-1.,0.));
#3201 = DIRECTION('',(0.593798140947,0.,0.804614048975));
#3202 = PCURVE('',#2894,#3203);
#3203 = DEFINITIONAL_REPRESENTATION('',(#3204),#3212);
#3204 = ( BOUNDED_CURVE() B_SPLINE_CURVE(2,(#3205,#3206,#3207,#3208,
#3209,#3210,#3211),.UNSPECIFIED.,.T.,.F.) B_SPLINE_CURVE_WITH_KNOTS((1,2
    ,2,2,2,1),(-2.094395102393,0.,2.094395102393,4.188790204786,
6.28318530718,8.377580409573),.UNSPECIFIED.) CURVE() 
GEOMETRIC_REPRESENTATION_ITEM() RATIONAL_B_SPLINE_CURVE((1.,0.5,1.,0.5,
1.,0.5,1.)) REPRESENTATION_ITEM('') );
#3205 = CARTESIAN_POINT('',(-5.183981006107,3.06956451902));
#3206 = CARTESIAN_POINT('',(-5.183981006107,1.337513711451));
#3207 = CARTESIAN_POINT('',(-6.683981006107,2.203539115236));
#3208 = CARTESIAN_POINT('',(-8.183981006107,3.06956451902));
#3209 = CARTESIAN_POINT('',(-6.683981006107,3.935589922805));
#3210 = CARTESIAN_POINT('',(-5.183981006107,4.801615326589));
#3211 = CARTESIAN_POINT('',(-5.183981006107,3.06956451902));
#3212 = ( GEOMETRIC_REPRESENTATION_CONTEXT(2) 
PARAMETRIC_REPRESENTATION_CONTEXT() REPRESENTATION_CONTEXT('2D SPACE',''
  ) );
#3213 = ORIENTED_EDGE('',*,*,#3214,.T.);
#3214 = EDGE_CURVE('',#3194,#3034,#3215,.T.);
#3215 = SURFACE_CURVE('',#3216,(#3221),.PCURVE_S1.);
#3216 = CIRCLE('',#3217,1.);
#3217 = AXIS2_PLACEMENT_3D('',#3218,#3219,#3220);
#3218 = CARTESIAN_POINT('',(-5.,3.25,1.004307524249));
#3219 = DIRECTION('',(0.,-1.,0.));
#3220 = DIRECTION('',(0.593798140947,0.,0.804614048975));
#3221 = PCURVE('',#2894,#3222);
#3222 = DEFINITIONAL_REPRESENTATION('',(#3223),#3231);
#3223 = ( BOUNDED_CURVE() B_SPLINE_CURVE(2,(#3224,#3225,#3226,#3227,
#3228,#3229,#3230),.UNSPECIFIED.,.T.,.F.) B_SPLINE_CURVE_WITH_KNOTS((1,2
    ,2,2,2,1),(-2.094395102393,0.,2.094395102393,4.188790204786,
6.28318530718,8.377580409573),.UNSPECIFIED.) CURVE() 
GEOMETRIC_REPRESENTATION_ITEM() RATIONAL_B_SPLINE_CURVE((1.,0.5,1.,0.5,
1.,0.5,1.)) REPRESENTATION_ITEM('') );
#3224 = CARTESIAN_POINT('',(-5.183981006107,3.06956451902));
#3225 = CARTESIAN_POINT('',(-5.183981006107,1.337513711451));
#3226 = CARTESIAN_POINT('',(-6.683981006107,2.203539115236));
#3227 = CARTESIAN_POINT('',(-8.183981006107,3.06956451902));
#3228 = CARTESIAN_POINT('',(-6.683981006107,3.935589922805));
#3229 = CARTESIAN_POINT('',(-5.183981006107,4.801615326589));
#3230 = CARTESIAN_POINT('',(-5.183981006107,3.06956451902));
#3231 = ( GEOMETRIC_REPRESENTATION_CONTEXT(2) 
PARAMETRIC_REPRESENTATION_CONTEXT() REPRESENTATION_CONTEXT('2D SPACE',''
  ) );
#3232 = FACE_BOUND('',#3233,.T.);
#3233 = EDGE_LOOP('',(#3234,#3253));
#3234 = ORIENTED_EDGE('',*,*,#3235,.T.);
#3235 = EDGE_CURVE('',#3236,#3238,#3240,.T.);
#3236 = VERTEX_POINT('',#3237);
#3237 = CARTESIAN_POINT('',(0.237519256379,3.25,2.475760589237));
#3238 = VERTEX_POINT('',#3239);
#3239 = CARTESIAN_POINT('',(-0.237519256379,3.25,1.832069350057));
#3240 = SURFACE_CURVE('',#3241,(#3246),.PCURVE_S1.);
#3241 = CIRCLE('',#3242,0.4);
#3242 = AXIS2_PLACEMENT_3D('',#3243,#3244,#3245);
#3243 = CARTESIAN_POINT('',(1.499319564136E-15,3.25,2.153914969647));
#3244 = DIRECTION('',(-0.,1.,0.));
#3245 = DIRECTION('',(0.593798140947,0.,0.804614048975));
#3246 = PCURVE('',#2894,#3247);
#3247 = DEFINITIONAL_REPRESENTATION('',(#3248),#3252);
#3248 = CIRCLE('',#3249,0.4);
#3249 = AXIS2_PLACEMENT_2D('',#3250,#3251);
#3250 = CARTESIAN_POINT('',(-2.29,6.41));
#3251 = DIRECTION('',(1.,-1.372641314518E-16));
#3252 = ( GEOMETRIC_REPRESENTATION_CONTEXT(2) 
PARAMETRIC_REPRESENTATION_CONTEXT() REPRESENTATION_CONTEXT('2D SPACE',''
  ) );
#3253 = ORIENTED_EDGE('',*,*,#3254,.T.);
#3254 = EDGE_CURVE('',#3238,#3236,#3255,.T.);
#3255 = SURFACE_CURVE('',#3256,(#3261),.PCURVE_S1.);
#3256 = CIRCLE('',#3257,0.4);
#3257 = AXIS2_PLACEMENT_3D('',#3258,#3259,#3260);
#3258 = CARTESIAN_POINT('',(1.499319564136E-15,3.25,2.153914969647));
#3259 = DIRECTION('',(-0.,1.,0.));
#3260 = DIRECTION('',(0.593798140947,0.,0.804614048975));
#3261 = PCURVE('',#2894,#3262);
#3262 = DEFINITIONAL_REPRESENTATION('',(#3263),#3267);
#3263 = CIRCLE('',#3264,0.4);
#3264 = AXIS2_PLACEMENT_2D('',#3265,#3266);
#3265 = CARTESIAN_POINT('',(-2.29,6.41));
#3266 = DIRECTION('',(1.,-1.372641314518E-16));
#3267 = ( GEOMETRIC_REPRESENTATION_CONTEXT(2) 
PARAMETRIC_REPRESENTATION_CONTEXT() REPRESENTATION_CONTEXT('2D SPACE',''
  ) );
#3268 = SHELL_BASED_SURFACE_MODEL('',(#3269));
#3269 = OPEN_SHELL('',(#3270));
#3270 = ADVANCED_FACE('',(#3271),#3286,.F.);
#3271 = FACE_BOUND('',#3272,.F.);
#3272 = EDGE_LOOP('',(#3273,#3297,#3313,#3330));
#3273 = ORIENTED_EDGE('',*,*,#3274,.T.);
#3274 = EDGE_CURVE('',#3275,#3277,#3279,.T.);
#3275 = VERTEX_POINT('',#3276);
#3276 = CARTESIAN_POINT('',(4.688475522583,3.25,3.404193848194));
#3277 = VERTEX_POINT('',#3278);
#3278 = CARTESIAN_POINT('',(2.907081099743,3.25,0.990351701269));
#3279 = SURFACE_CURVE('',#3280,(#3285),.PCURVE_S1.);
#3280 = CIRCLE('',#3281,1.5);
#3281 = AXIS2_PLACEMENT_3D('',#3282,#3283,#3284);
#3282 = CARTESIAN_POINT('',(3.797778311163,3.25,2.197272774731));
#3283 = DIRECTION('',(-0.,1.,0.));
#3284 = DIRECTION('',(0.593798140947,0.,0.804614048975));
#3285 = PCURVE('',#3286,#3291);
#3286 = CONICAL_SURFACE('',#3287,1.5,0.785398163397);
#3287 = AXIS2_PLACEMENT_3D('',#3288,#3289,#3290);
#3288 = CARTESIAN_POINT('',(3.797778311163,3.25,2.197272774731));
#3289 = DIRECTION('',(0.,-1.,-0.));
#3290 = DIRECTION('',(-0.593798140947,0.,-0.804614048975));
#3291 = DEFINITIONAL_REPRESENTATION('',(#3292),#3296);
#3292 = LINE('',#3293,#3294);
#3293 = CARTESIAN_POINT('',(3.14159265359,3.330669073875E-16));
#3294 = VECTOR('',#3295,1.);
#3295 = DIRECTION('',(-1.,7.067899292141E-17));
#3296 = ( GEOMETRIC_REPRESENTATION_CONTEXT(2) 
PARAMETRIC_REPRESENTATION_CONTEXT() REPRESENTATION_CONTEXT('2D SPACE',''
  ) );
#3297 = ORIENTED_EDGE('',*,*,#3298,.F.);
#3298 = EDGE_CURVE('',#3299,#3277,#3301,.T.);
#3299 = VERTEX_POINT('',#3300);
#3300 = CARTESIAN_POINT('',(3.085220542027,3.55,1.231735915961));
#3301 = SURFACE_CURVE('',#3302,(#3306),.PCURVE_S1.);
#3302 = LINE('',#3303,#3304);
#3303 = CARTESIAN_POINT('',(2.907081099743,3.25,0.990351701269));
#3304 = VECTOR('',#3305,1.);
#3305 = DIRECTION('',(-0.419878692119,-0.707106781187,-0.568948050268));
#3306 = PCURVE('',#3286,#3307);
#3307 = DEFINITIONAL_REPRESENTATION('',(#3308),#3312);
#3308 = LINE('',#3309,#3310);
#3309 = CARTESIAN_POINT('',(0.,-7.850462293419E-17));
#3310 = VECTOR('',#3311,1.);
#3311 = DIRECTION('',(0.,1.));
#3312 = ( GEOMETRIC_REPRESENTATION_CONTEXT(2) 
PARAMETRIC_REPRESENTATION_CONTEXT() REPRESENTATION_CONTEXT('2D SPACE',''
  ) );
#3313 = ORIENTED_EDGE('',*,*,#3314,.T.);
#3314 = EDGE_CURVE('',#3299,#3315,#3317,.T.);
#3315 = VERTEX_POINT('',#3316);
#3316 = CARTESIAN_POINT('',(4.510336080299,3.55,3.162809633502));
#3317 = SURFACE_CURVE('',#3318,(#3323),.PCURVE_S1.);
#3318 = CIRCLE('',#3319,1.2);
#3319 = AXIS2_PLACEMENT_3D('',#3320,#3321,#3322);
#3320 = CARTESIAN_POINT('',(3.797778311163,3.55,2.197272774731));
#3321 = DIRECTION('',(0.,-1.,0.));
#3322 = DIRECTION('',(0.593798140947,0.,0.804614048975));
#3323 = PCURVE('',#3286,#3324);
#3324 = DEFINITIONAL_REPRESENTATION('',(#3325),#3329);
#3325 = LINE('',#3326,#3327);
#3326 = CARTESIAN_POINT('',(-3.14159265359,-0.3));
#3327 = VECTOR('',#3328,1.);
#3328 = DIRECTION('',(1.,3.748319638662E-17));
#3329 = ( GEOMETRIC_REPRESENTATION_CONTEXT(2) 
PARAMETRIC_REPRESENTATION_CONTEXT() REPRESENTATION_CONTEXT('2D SPACE',''
  ) );
#3330 = ORIENTED_EDGE('',*,*,#3331,.T.);
#3331 = EDGE_CURVE('',#3315,#3275,#3332,.T.);
#3332 = SURFACE_CURVE('',#3333,(#3337),.PCURVE_S1.);
#3333 = LINE('',#3334,#3335);
#3334 = CARTESIAN_POINT('',(4.688475522583,3.25,3.404193848194));
#3335 = VECTOR('',#3336,1.);
#3336 = DIRECTION('',(0.419878692119,-0.707106781187,0.568948050268));
#3337 = PCURVE('',#3286,#3338);
#3338 = DEFINITIONAL_REPRESENTATION('',(#3339),#3343);
#3339 = LINE('',#3340,#3341);
#3340 = CARTESIAN_POINT('',(3.14159265359,2.355138688026E-16));
#3341 = VECTOR('',#3342,1.);
#3342 = DIRECTION('',(-1.480297366167E-15,1.));
#3343 = ( GEOMETRIC_REPRESENTATION_CONTEXT(2) 
PARAMETRIC_REPRESENTATION_CONTEXT() REPRESENTATION_CONTEXT('2D SPACE',''
  ) );
#3344 = ( GEOMETRIC_REPRESENTATION_CONTEXT(3) 
GLOBAL_UNCERTAINTY_ASSIGNED_CONTEXT((#3348)) 
GLOBAL_UNIT_ASSIGNED_CONTEXT((#3345,#3346,#3347)) REPRESENTATION_CONTEXT
('Context #1','3D Context with UNIT and UNCERTAINTY') );
#3345 = ( LENGTH_UNIT() NAMED_UNIT(*) SI_UNIT(.MILLI.,.METRE.) );
#3346 = ( NAMED_UNIT(*) PLANE_ANGLE_UNIT() SI_UNIT($,.RADIAN.) );
#3347 = ( NAMED_UNIT(*) SI_UNIT($,.STERADIAN.) SOLID_ANGLE_UNIT() );
#3348 = UNCERTAINTY_MEASURE_WITH_UNIT(LENGTH_MEASURE(2.E-05),#3345,
  'distance_accuracy_value','confusion accuracy');
#3349 = PRODUCT_TYPE('part',$,(#7));
#3350 = COLOUR_RGB('',0.660000000,0.680000000,0.700000000);
#3351 = FILL_AREA_STYLE_COLOUR('',#3350);
#3352 = FILL_AREA_STYLE('',(#3351));
#3353 = SURFACE_STYLE_FILL_AREA(#3352);
#3354 = SURFACE_SIDE_STYLE('',(#3353));
#3355 = SURFACE_STYLE_USAGE(.BOTH.,#3354);
#3356 = PRESENTATION_STYLE_ASSIGNMENT((#3355));
#3357 = STYLED_ITEM('color',(#3356),#15);
#3358 = STYLED_ITEM('color',(#3356),#117);
#3359 = STYLED_ITEM('color',(#3356),#193);
#3360 = STYLED_ITEM('color',(#3356),#394);
#3361 = STYLED_ITEM('color',(#3356),#518);
#3362 = STYLED_ITEM('color',(#3356),#661);
#3363 = STYLED_ITEM('color',(#3356),#799);
#3364 = STYLED_ITEM('color',(#3356),#875);
#3365 = STYLED_ITEM('color',(#3356),#949);
#3366 = STYLED_ITEM('color',(#3356),#1042);
#3367 = STYLED_ITEM('color',(#3356),#1144);
#3368 = STYLED_ITEM('color',(#3356),#1268);
#3369 = STYLED_ITEM('color',(#3356),#1348);
#3370 = STYLED_ITEM('color',(#3356),#1428);
#3371 = STYLED_ITEM('color',(#3356),#1526);
#3372 = STYLED_ITEM('color',(#3356),#1602);
#3373 = STYLED_ITEM('color',(#3356),#1678);
#3374 = STYLED_ITEM('color',(#3356),#1754);
#3375 = STYLED_ITEM('color',(#3356),#1828);
#3376 = STYLED_ITEM('color',(#3356),#1904);
#3377 = STYLED_ITEM('color',(#3356),#1978);
#3378 = STYLED_ITEM('color',(#3356),#2054);
#3379 = STYLED_ITEM('color',(#3356),#2128);
#3380 = STYLED_ITEM('color',(#3356),#2204);
#3381 = STYLED_ITEM('color',(#3356),#2280);
#3382 = STYLED_ITEM('color',(#3356),#2354);
#3383 = STYLED_ITEM('color',(#3356),#2726);
#3384 = STYLED_ITEM('color',(#3356),#2800);
#3385 = STYLED_ITEM('color',(#3356),#2876);
#3386 = STYLED_ITEM('color',(#3356),#3268);
#3387 = MECHANICAL_DESIGN_GEOMETRIC_PRESENTATION_REPRESENTATION('',(#3357,#3358,#3359,#3360,#3361,#3362,#3363,#3364,#3365,#3366,#3367,#3368,#3369,#3370,#3371,#3372,#3373,#3374,#3375,#3376,#3377,#3378,#3379,#3380,#3381,#3382,#3383,#3384,#3385,#3386),#3344);
ENDSEC;
END-ISO-10303-21;
